{
    "trial_number": 14,
    "part_name": "Variational Dropout",
    "model_name": "LM_LSTM_VAR_DROPOUT",
    "parameters": {
        "n_epochs": 100,
        "patience_value": 5,
        "hid_size": 350,
        "emb_size": 450,
        "emb_dropout": 0.5,
        "out_dropout": 0.4,
        "optimizer": "SGD",
        "lr": 0.01,
        "clip": 5.0,
        "train_batch_size": 64,
        "eval_batch_size": 128
    },
    "eval_ppl": 557.6679077377287,
    "best_val_loss": 6.3634597823843055,
    "losses_train": [
        9.167493361350157,
        9.074850196154415,
        8.941952470415329,
        8.62780898318215,
        7.744960769360333,
        7.307451252297854,
        7.098155079812299,
        6.965875473850241,
        6.879678660700561,
        6.815999399830327,
        6.765937466019072,
        6.726325686006859,
        6.695435794995302,
        6.670961842772051,
        6.651418523577918,
        6.636206583560304,
        6.623530518549662,
        6.613363191526322,
        6.604650005164176,
        6.5974137429675555,
        6.591051720451972,
        6.585508266250469,
        6.580800021015523,
        6.57632421338309,
        6.572608465647755,
        6.569103070777837,
        6.566125870416652,
        6.5629359724967244,
        6.560413777416199,
        6.557841615029546,
        6.555614638576045,
        6.5531710720748775,
        6.550903010301538,
        6.548923404568347,
        6.546736286784942,
        6.544611060396294,
        6.542623935114747,
        6.540730518646852,
        6.53859728249524,
        6.536742146792237,
        6.535011912875449,
        6.532821595812848,
        6.530529426304027,
        6.528384817392157,
        6.526092033012743,
        6.523560032620841,
        6.52111891174374,
        6.518434509879445,
        6.515642597062566,
        6.512385114386214,
        6.508922737147341,
        6.505174996224617,
        6.501479500797702,
        6.497052036081715,
        6.4928371075698195,
        6.4889139159711755,
        6.485797255599648,
        6.482990435241107,
        6.480272963137286,
        6.477791256584556,
        6.47521808418829,
        6.4728010516851215,
        6.470369956667617,
        6.467925384243837,
        6.465564876360534,
        6.463005074249393,
        6.460766756205809,
        6.458159348311805,
        6.455789105588498,
        6.4535907261428465,
        6.450939672009247,
        6.4487258385606765,
        6.446306600402309,
        6.443967069896107,
        6.441391091660285,
        6.4388539050796725,
        6.4366447016484996,
        6.434384833371626,
        6.43192217959943,
        6.429831642264217,
        6.427637165355485,
        6.42527210946776,
        6.423103548889413,
        6.420640830966811,
        6.418539153047664,
        6.416231245234876,
        6.413763439831622,
        6.411488153151246,
        6.409133681258685,
        6.407066537197567,
        6.4045081252587,
        6.4024301836763,
        6.399590174230659,
        6.397599277466509,
        6.394940659221348,
        6.392433345403602,
        6.390137075557057,
        6.387668689509368,
        6.385226171121979,
        6.3824551630058775
    ],
    "losses_dev": [
        9.123748990002131,
        9.020186167024791,
        8.839561907874876,
        8.291102577769836,
        7.434722256135459,
        7.1813302587592345,
        7.006763447955143,
        6.899341246925611,
        6.822488240739096,
        6.76406580191611,
        6.718088368154212,
        6.681815134041146,
        6.653956208823164,
        6.631690958410285,
        6.614794561161475,
        6.600996491922237,
        6.589331141397482,
        6.580241007966775,
        6.5729470128480605,
        6.566309648143379,
        6.5606893845894305,
        6.556156339345965,
        6.551874739176374,
        6.548484788155721,
        6.545126496683656,
        6.541907891524009,
        6.539258575547841,
        6.536778718623473,
        6.534847832999627,
        6.532775790462068,
        6.530430750217538,
        6.528512635239824,
        6.526786752823554,
        6.524533417055867,
        6.523133557234693,
        6.5214807678647535,
        6.519082231029798,
        6.517381695675433,
        6.5156056324584455,
        6.513830207426925,
        6.511618485513745,
        6.510149604546988,
        6.508115735211855,
        6.505808750244175,
        6.503181243562651,
        6.501154089048516,
        6.498706252386259,
        6.49555286006979,
        6.492546208789867,
        6.489325508717059,
        6.486760953482384,
        6.482544982363883,
        6.478975458439143,
        6.474231950727642,
        6.470239386143273,
        6.466442668192393,
        6.46385727481487,
        6.461355136893557,
        6.459040965402578,
        6.456818650998011,
        6.454499817978406,
        6.452514735147482,
        6.449667644107828,
        6.44764705874192,
        6.445656107379421,
        6.442842854043099,
        6.4410737900558495,
        6.438278822120507,
        6.436069472592432,
        6.433859269838134,
        6.431340261622744,
        6.429408384036706,
        6.426618819867435,
        6.424439173710755,
        6.422161420412168,
        6.4197789838866495,
        6.416989371159788,
        6.415462359821175,
        6.412963301838418,
        6.410629360471569,
        6.408289543636347,
        6.405899636178789,
        6.403770968554659,
        6.401570380203154,
        6.3994818350218425,
        6.397155829352536,
        6.39435432001616,
        6.392006817208144,
        6.38972129469518,
        6.387782695351346,
        6.385694718987516,
        6.382994923928292,
        6.38052198299208,
        6.378599567199265,
        6.375413717602376,
        6.372812702554517,
        6.370429107583641,
        6.368085496319612,
        6.365981835854258,
        6.3634597823843055
    ]
}