{
    "trial_number": 36,
    "parameters": {
        "n_epochs": 100,
        "patience_value": 5,
        "hid_size": 400,
        "emb_size": 400,
        "emb_dropout": 0.5,
        "out_dropout": 0.5,
        "optimizer": "SGD",
        "lr": 0.5,
        "clip": 5.0,
        "train_batch_size": 64,
        "eval_batch_size": 128
    },
    "eval_ppl": 131.57806631908844,
    "best_val_loss": 4.912201752346303,
    "losses_train": [
        6.83726913352354,
        6.1902046459498195,
        6.023643228732722,
        5.91393781094045,
        5.830716642067915,
        5.763207303084702,
        5.709148993668979,
        5.661983694269424,
        5.622725789365996,
        5.586289146221017,
        5.553439808673357,
        5.525677689650961,
        5.4988382983057615,
        5.474070195741013,
        5.450002497317149,
        5.42986495057283,
        5.410279148365897,
        5.392978033732531,
        5.3752186117141605,
        5.359223539635749,
        5.343767989399194,
        5.329995948265011,
        5.316144522500121,
        5.300930793075612,
        5.28966127328035,
        5.2763235887834234,
        5.264999859621452,
        5.2548906566526075,
        5.243611641489773,
        5.233402216391,
        5.221764188767311,
        5.213125863901076,
        5.203183862200293,
        5.195659459186528,
        5.185284937776789,
        5.1772506463002514,
        5.168491307669336,
        5.161785394700361,
        5.15374197976754,
        5.145618543737909,
        5.137800745898337,
        5.131340446259152,
        5.124400268768138,
        5.118050027271933,
        5.110240250991058,
        5.104931686447241,
        5.099397884100309,
        5.091305463196053,
        5.08557110088149,
        5.079578423163166,
        5.074116011460869,
        5.068211013363515,
        5.0623008773488865,
        5.056017889007467,
        5.05022227401433,
        5.046178336346694,
        5.040374516858128,
        5.0348062104962885,
        5.031336715667093,
        5.025295484360715,
        5.020935000806214,
        5.01652255506838,
        5.011918199813838,
        5.006524286421211,
        5.001014957794976,
        4.997747068250709,
        4.99339604496671,
        4.988523678874908,
        4.982850503988184,
        4.978208137136016,
        4.976011207432293,
        4.973050476976405,
        4.968242008072792,
        4.964327551804915,
        4.960405429737723,
        4.954688435487882,
        4.953554023918208,
        4.948909608517311,
        4.94590472160632,
        4.941725637432752,
        4.937908704205144,
        4.934636450275518,
        4.9307651317864485,
        4.927639456316041,
        4.924236537353323,
        4.9219485533559535,
        4.915346401381552,
        4.913340101926857,
        4.911701988107599,
        4.908563211404357,
        4.903676426594515,
        4.900552072658708,
        4.898097675750585,
        4.898129147133583,
        4.8934260511356245,
        4.88896223598558,
        4.8841495853776005,
        4.881736467636899,
        4.879861446154408,
        4.877233717702217
    ],
    "losses_dev": [
        6.209885714856513,
        5.962758985373899,
        5.8315554827345855,
        5.753194166818352,
        5.655673864196353,
        5.617924944117151,
        5.552601500623757,
        5.511570309447809,
        5.474527153126775,
        5.453723756703722,
        5.410033212004103,
        5.388300374753605,
        5.357741023227732,
        5.37591164793916,
        5.326066713133968,
        5.311054426676375,
        5.2910612552608685,
        5.274753202581155,
        5.2554292726794465,
        5.245546499025519,
        5.23241790021443,
        5.218420141355306,
        5.210595932039352,
        5.194628996428381,
        5.201307177255736,
        5.192132324704326,
        5.167937582964111,
        5.1597599784459796,
        5.14957414300016,
        5.141303911410978,
        5.13380112559268,
        5.127681905055761,
        5.119911823578899,
        5.119195155173409,
        5.1104966456416925,
        5.103150055716366,
        5.109952342806595,
        5.089655443666537,
        5.082998808535481,
        5.076164209837601,
        5.074628007240908,
        5.066589242745773,
        5.059776654509696,
        5.05979108998748,
        5.054133672940492,
        5.046496736375018,
        5.049326686585452,
        5.042662531964767,
        5.039540521724943,
        5.033886607761223,
        5.025818070526708,
        5.024878134323057,
        5.020006101608005,
        5.017836603987605,
        5.01444034048027,
        5.00508094827701,
        5.008835969131801,
        5.011420856123029,
        5.007999835181667,
        5.0010455004039995,
        4.9950522243815705,
        4.9952382970659,
        4.991753270284309,
        4.983277556848451,
        4.982591549092556,
        4.978982540910463,
        4.983391250976701,
        4.983137648558478,
        4.976800591736664,
        4.973742975797787,
        4.9668462927528765,
        4.964607045623047,
        4.960986126957842,
        4.960028224445944,
        4.955765582546793,
        4.955886504819133,
        4.961163993409486,
        4.957200584189427,
        4.945822951258169,
        4.945813114877824,
        4.944488567878516,
        4.942783703961855,
        4.941504100480359,
        4.9444561175348944,
        4.937420490415009,
        4.9360948820855235,
        4.93882080112809,
        4.932809572671012,
        4.927664715668952,
        4.928334248528289,
        4.928637012037843,
        4.929182181972759,
        4.921860224619087,
        4.923382844964217,
        4.923835221344918,
        4.920123846826609,
        4.917335559028271,
        4.912201752346303,
        4.913111679959423,
        4.917590548806205
    ]
}