{"losses_train": [6.21462009021975, 5.510435827182269, 5.196833239803759, 4.961634354899972, 4.768126336149122, 4.592051791430423, 4.431255897873062, 4.275030187503512, 4.12414150927616, 3.9755434971157033, 3.8287636779368768, 3.6855511115748016], "losses_dev": [5.712133348575792, 5.402180860096427, 5.241039494523814, 5.152081580635566, 5.050248760532835, 5.070593710876456, 4.979836918640787, 5.002603935440049, 5.021046753189817, 5.046204815081599, 5.078487655828242, 5.158502995864558]}