{
    "trial_number": 17,
    "part_name": "Baseline RNN",
    "model_name": "LM_RNN",
    "parameters": {
        "n_epochs": 100,
        "patience_value": 5,
        "hid_size": 350,
        "emb_size": 400,
        "optimizer": "SGD",
        "lr": 2.0,
        "clip": 5.0,
        "train_batch_size": 64,
        "eval_batch_size": 128
    },
    "eval_ppl": 177.43463834421215,
    "best_val_loss": 5.216880109645813,
    "losses_train": [
        6.231747136360286,
        5.332712472253633,
        5.070201716202179,
        4.90269474772923,
        4.772628966266461,
        4.668410088197617,
        4.5786192661841065,
        4.502958591058265,
        4.43557856151555,
        4.3752046035579735,
        4.322429748872007,
        4.272884264570206,
        4.229920340286346,
        4.189452417868033,
        4.15321866325118
    ],
    "losses_dev": [
        5.7785764191025,
        5.550925854502593,
        5.34644851868829,
        5.47827220580205,
        5.3104391742656984,
        5.2496397304304585,
        5.240414620773548,
        5.235841390656077,
        5.278019338684472,
        5.216880109645813,
        5.221123404813805,
        5.267773194712051,
        5.251618195555565,
        5.29022925564267,
        5.310608785927067
    ]
}