{
    "trial_number": 7,
    "part_name": "Weight Tying",
    "model_name": "LM_LSTM_WEIGHT_TYING",
    "parameters": {
        "n_epochs": 100,
        "patience_value": 5,
        "hid_size": 350,
        "emb_size": 350,
        "optimizer": "SGD",
        "lr": 2.0,
        "clip": 5.0,
        "train_batch_size": 64,
        "eval_batch_size": 128
    },
    "eval_ppl": 122.25233576295666,
    "best_val_loss": 4.8307952026766054,
    "losses_train": [
        6.614572655111109,
        5.9834644081377055,
        5.6610250756437015,
        5.447359347051412,
        5.290092059682923,
        5.165177500738307,
        5.0599053044203055,
        4.968585235135402,
        4.887603100901868,
        4.813457089510955,
        4.744502963708976,
        4.682163187393002,
        4.6218056684058695,
        4.564585183447244,
        4.511672088213098,
        4.459385946447999,
        4.410986188199413,
        4.363113127340481,
        4.316451128529047,
        4.272110704476709,
        4.230322091990106,
        4.187420775151899,
        4.146743054844595,
        4.107000553255533,
        4.067663062803361
    ],
    "losses_dev": [
        6.194592307700845,
        5.7914306814044965,
        5.566036914034753,
        5.443574498996662,
        5.311493005764757,
        5.249886957930814,
        5.149731615264065,
        5.140209749365145,
        5.076126286359924,
        5.016705031787185,
        4.98431238845628,
        4.9719697913521985,
        4.932658107674652,
        4.905336652545195,
        4.888974333290418,
        4.871379483669111,
        4.855408607956563,
        4.862776667273406,
        4.838671264561728,
        4.8307952026766054,
        4.840330990730218,
        4.852109771784877,
        4.843584425555388,
        4.839741494652561,
        4.849188998071015
    ]
}