{
    "trial_number": 6,
    "part_name": "Weight Tying",
    "model_name": "LM_LSTM_WEIGHT_TYING",
    "parameters": {
        "n_epochs": 100,
        "patience_value": 5,
        "hid_size": 200,
        "emb_size": 300,
        "optimizer": "SGD",
        "lr": 8.0,
        "clip": 5.0,
        "train_batch_size": 64,
        "eval_batch_size": 128
    },
    "eval_ppl": 4.293934625869231e+107,
    "best_val_loss": 247.78938014987924,
    "losses_train": [
        238.4917165381876,
        286.4642007187702,
        307.7068952710845,
        317.76820534014274,
        329.44417563501696,
        363.84121604121464,
        351.9919400348085,
        362.50749500947245,
        362.7975982711507
    ],
    "losses_dev": [
        336.44135397428613,
        285.3485207415826,
        355.52831545674104,
        247.78938014987924,
        485.334772339821,
        283.4012590566842,
        286.62883799190223,
        389.91952248188664,
        350.13827381375194
    ]
}