{
    "trial_number": 6,
    "part_name": "Variational Dropout",
    "model_name": "LM_LSTM_VAR_DROPOUT",
    "parameters": {
        "n_epochs": 100,
        "patience_value": 5,
        "hid_size": 200,
        "emb_size": 400,
        "emb_dropout": 0.4,
        "out_dropout": 0.5,
        "optimizer": "SGD",
        "lr": 3.0,
        "clip": 5.0,
        "train_batch_size": 64,
        "eval_batch_size": 128
    },
    "eval_ppl": 100.99290777142315,
    "best_val_loss": 4.648101932370099,
    "losses_train": [
        6.556075644257699,
        5.948301551570406,
        5.688551982168011,
        5.498961566004058,
        5.367160247955422,
        5.26488865312703,
        5.180875519965466,
        5.112299339238309,
        5.0532066651869485,
        5.000469466554133,
        4.956609345706212,
        4.914856593288357,
        4.876666398841683,
        4.842916288821153,
        4.808716769921305,
        4.779542812249023,
        4.751233879778525,
        4.726305364140424,
        4.701722191547315,
        4.679828580202882,
        4.65709559966054,
        4.636946900239445,
        4.619107823177713,
        4.602694322274076,
        4.585133047437128,
        4.572522013384647,
        4.553787843520497,
        4.541637067413092,
        4.52682844458897,
        4.51428159354969,
        4.501560066211531,
        4.489264384823412,
        4.477318166801178,
        4.465214056490311,
        4.458207050527126,
        4.4484637391591795,
        4.435661220444265,
        4.428631208720017,
        4.421075766836022,
        4.411116899815035,
        4.399844870311652,
        4.392160911960678,
        4.383117101807542,
        4.375911863028232,
        4.369224806348847,
        4.36281615344219,
        4.3517938767312945,
        4.346233601264537,
        4.336982324513034
    ],
    "losses_dev": [
        6.050154912585239,
        5.809050163597457,
        5.572805717198377,
        5.434355292555317,
        5.331738829257086,
        5.27057880369637,
        5.173354945160446,
        5.171982242905598,
        5.042662615206351,
        5.016392563696459,
        5.006242792666305,
        5.081480669362214,
        4.939239499351825,
        4.931230320302511,
        4.916967069352447,
        4.9009510836389225,
        4.852727805851773,
        4.820414692916252,
        4.810211952492364,
        4.8054161482565885,
        4.781947626893468,
        4.787997430887288,
        4.761205017636117,
        4.768865442201484,
        4.746785695655455,
        4.731189864893362,
        4.733758048073679,
        4.713445756177635,
        4.7662096264450735,
        4.730004511693777,
        4.721051282919271,
        4.743365299025963,
        4.7119950496230825,
        4.706125637075579,
        4.691010595821051,
        4.693715898698324,
        4.708387532852678,
        4.760439625157604,
        4.6798269643348664,
        4.702499356265094,
        4.74068933880656,
        4.709343000548285,
        4.696926110331724,
        4.648101932370099,
        4.667011998996662,
        4.701314183422272,
        4.683215951140521,
        4.701465495809064,
        4.69145962172805
    ]
}