{
    "trial_number": 10,
    "part_name": "LSTM with Dropout and AdamW",
    "model_name": "LM_LSTM_DROPOUT",
    "parameters": {
        "n_epochs": 100,
        "patience_value": 5,
        "hid_size": 400,
        "emb_size": 450,
        "emb_dropout": 0.2,
        "out_dropout": 0.4,
        "optimizer": "AdamW",
        "lr": 0.005,
        "clip": 5.0,
        "train_batch_size": 64,
        "eval_batch_size": 128
    },
    "eval_ppl": 129.31788738073595,
    "best_val_loss": 4.949062616538216,
    "losses_train": [
        5.739715894313322,
        5.155491048045838,
        4.922015830922075,
        4.767477918559389,
        4.650428411627686,
        4.559125726795272,
        4.478917954930756,
        4.4134341406970305,
        4.353717067833978,
        4.30290584275556,
        4.255815747882868,
        4.210652388803913
    ],
    "losses_dev": [
        5.2328878336322635,
        5.069205754601595,
        5.000874993895617,
        4.971875978088596,
        4.953139844748899,
        4.950484590873171,
        4.949062616538216,
        4.964517984066451,
        4.9703922593097385,
        4.979468789678488,
        4.992902226101896,
        5.004439558009394
    ]
}