{
    "trial_number": 1,
    "parameters": {
        "n_epochs": 100,
        "patience_value": 5,
        "hid_size": 300,
        "emb_size": 300,
        "emb_dropout": 0.1,
        "out_dropout": 0.1,
        "optimizer": "SGD",
        "lr": 0.1,
        "clip": 5.0,
        "train_batch_size": 64,
        "eval_batch_size": 128
    },
    "eval_ppl": 158.0319553075972,
    "best_val_loss": 5.097780668418809,
    "losses_train": [
        7.802698522609091,
        6.639574331876527,
        6.425727792690584,
        6.300077121688921,
        6.207715155355253,
        6.1344949942584135,
        6.073257455503219,
        6.021513417674296,
        5.975307603940219,
        5.93401745655537,
        5.896357048591012,
        5.8617638279936655,
        5.829585922978722,
        5.800221147662426,
        5.772057463287612,
        5.745834385015721,
        5.721778503938114,
        5.698864693248226,
        5.676096493361901,
        5.654961696683387,
        5.63515692383249,
        5.616096227049422,
        5.597061415503932,
        5.580122922483154,
        5.563807123114382,
        5.547797202691638,
        5.531802351534847,
        5.516816506761263,
        5.5019912421026715,
        5.48783544710468,
        5.47446962200796,
        5.461411281190569,
        5.448127521046884,
        5.437000719834661,
        5.423554885464264,
        5.412227445380605,
        5.401007977747134,
        5.389865536798776,
        5.378186199502092,
        5.368242650612825,
        5.356938593461379,
        5.347208385929601,
        5.337161853967165,
        5.328385535259503,
        5.318754708687381,
        5.308793216850625,
        5.299949776677545,
        5.291552508595181,
        5.282354705756037,
        5.27373061766076,
        5.265354608168324,
        5.2567719831287025,
        5.248729552896921,
        5.241226954725345,
        5.232810081590629,
        5.225378454618634,
        5.218366068213788,
        5.210945753717828,
        5.203120518559933,
        5.195479535958037,
        5.1886632100134875,
        5.181159489602261,
        5.174796152987339,
        5.168526761830318,
        5.160827148387267,
        5.155482718375961,
        5.148357917903745,
        5.142683943593054,
        5.1370898310462625,
        5.1291124999821145,
        5.123467683233086,
        5.117067683031734,
        5.111141181097458,
        5.104892091176296,
        5.099974060160245,
        5.094144177472477,
        5.088252430202876,
        5.082315014637666,
        5.07752189471923,
        5.071885788682247,
        5.066548312962771,
        5.060864191141444,
        5.0558355195279185,
        5.050214083940265,
        5.045583598566495,
        5.041133298463762,
        5.034806321728079,
        5.030233385995073,
        5.024814078686787,
        5.019921076276525,
        5.015350781042962,
        5.011214415276755,
        5.005073095490846,
        5.001459657993253,
        4.996197249907826,
        4.992358965380833,
        4.988007567324054,
        4.982984144888072,
        4.977419538396306,
        4.973767428230768
    ],
    "losses_dev": [
        6.798619674203545,
        6.471685119013266,
        6.313168249551605,
        6.207883192914032,
        6.12670548822853,
        6.058678677224659,
        6.00211502294138,
        5.952909237817872,
        5.916258530874858,
        5.877278342926464,
        5.839961238557057,
        5.807416492044324,
        5.777469632083304,
        5.75255261006757,
        5.724204689109337,
        5.703459277385371,
        5.683152292140218,
        5.657560007469544,
        5.641607153559632,
        5.621987598114079,
        5.605757730090833,
        5.586082111439391,
        5.569640775112321,
        5.554067821911849,
        5.539784433435591,
        5.525856868041004,
        5.51286793473194,
        5.5002194386853605,
        5.487758139084476,
        5.479718889013443,
        5.465045104451538,
        5.454970840473611,
        5.445469056606496,
        5.431537044724037,
        5.42367326097235,
        5.414987112815652,
        5.402380965924226,
        5.397019590628996,
        5.383750507773654,
        5.377738960223843,
        5.369131773645049,
        5.362822991214128,
        5.351954907757228,
        5.344852534761685,
        5.337114806513266,
        5.331817513363049,
        5.32417825297006,
        5.315303507134359,
        5.311750430358982,
        5.304609030934792,
        5.296715765789263,
        5.290240028490819,
        5.28546482654674,
        5.277706704110581,
        5.273767636116636,
        5.273289038637413,
        5.260554207196068,
        5.2570491400034625,
        5.2499638939635425,
        5.245751925377806,
        5.23915862321752,
        5.234528837381464,
        5.230205325075028,
        5.228402000239735,
        5.2197567653208905,
        5.216333566224783,
        5.212701666607472,
        5.209386986787896,
        5.2024041140209905,
        5.199554171957132,
        5.19378288736193,
        5.188976178478832,
        5.184862358655793,
        5.1815992331230465,
        5.176819598564693,
        5.173106600835523,
        5.1695573670465444,
        5.16666307802955,
        5.162295662725085,
        5.15899557792966,
        5.1557624679242435,
        5.152781683966118,
        5.148458948581119,
        5.145012823365802,
        5.141892561199212,
        5.137539824160481,
        5.133546718505825,
        5.13282647764908,
        5.132232965165063,
        5.1246296581989625,
        5.122128456745454,
        5.119920903848203,
        5.1179207196068335,
        5.113256943457878,
        5.109634387708215,
        5.107227790313344,
        5.10625163014766,
        5.101659053299031,
        5.100405747220841,
        5.097780668418809
    ]
}