{
    "trial_number": 7,
    "parameters": {
        "n_epochs": 100,
        "patience_value": 5,
        "tied_size": 350,
        "optimizer": "SGD",
        "lr": 10.0,
        "clip": 5.0,
        "train_batch_size": 64,
        "eval_batch_size": 128
    },
    "eval_ppl": 271.6000201358791,
    "best_val_loss": 5.649881921815066,
    "losses_train": [
        6.618728596863974,
        5.866211032085598,
        5.6385957774397895,
        5.48978217860306,
        5.378813272098361,
        5.287773351988632,
        5.207195649203893,
        5.137616226161891,
        5.0742592627365815,
        5.0172323473374885,
        4.96111910458691,
        4.909740366097897,
        4.861651857532855,
        4.815832894855913,
        4.771516746703319,
        4.728940688615781,
        4.689866669808191,
        4.649762738078083,
        4.61137242150222,
        4.574689287929491
    ],
    "losses_dev": [
        6.120569418207931,
        5.935047016233218,
        5.826970557174758,
        5.7739946983436035,
        5.7450118660876015,
        5.697623189218106,
        5.6875048210749926,
        5.665136281731692,
        5.675255232565883,
        5.650706103661298,
        5.654220001398459,
        5.6676273346489205,
        5.665572155468639,
        5.666551367825686,
        5.649881921815066,
        5.667393078961855,
        5.660092896218834,
        5.672246916454308,
        5.6506626099343835,
        5.696094485300646
    ]
}