{"losses_train": [6.013800581083034, 5.324506361777358, 5.058880624146264, 4.879859882610394, 4.742517632825549, 4.629250888459142, 4.5306016425773645, 4.443299280286484, 4.365178296558329, 4.2928673353186175, 4.226944409613342, 4.164941672051977, 4.107703388629476, 4.053708856496219], "losses_dev": [5.5338682738026534, 5.279592757205392, 5.161379831896399, 5.095372177277934, 5.117222822178221, 5.046507745074318, 5.02100719956448, 5.038194983973221, 5.015225606886632, 5.0216729310582116, 5.037763154389828, 5.037089688365713, 5.062863550675256, 5.0843271222164015]}