{
    "trial_number": 1,
    "part_name": "LSTM with Dropout and AdamW",
    "model_name": "LM_LSTM_DROPOUT",
    "parameters": {
        "n_epochs": 100,
        "patience_value": 5,
        "hid_size": 250,
        "emb_size": 500,
        "emb_dropout": 0.1,
        "out_dropout": 0.5,
        "optimizer": "AdamW",
        "lr": 0.0005,
        "clip": 5.0,
        "train_batch_size": 64,
        "eval_batch_size": 128
    },
    "eval_ppl": 116.6954925387369,
    "best_val_loss": 4.860695551403342,
    "losses_train": [
        6.46526297063126,
        5.833178153281499,
        5.589701786347567,
        5.434925761070239,
        5.320319419815306,
        5.22718080350032,
        5.149210414169049,
        5.082171304748408,
        5.023073710621231,
        4.970944535184108,
        4.924274018459463,
        4.882415934457818,
        4.8444308113613594,
        4.80655688945702,
        4.775071433269482,
        4.744205377525699,
        4.714557283711517,
        4.687648513260665,
        4.66181879547075,
        4.636751002127747,
        4.615046256150683,
        4.590952250956364,
        4.569671527774725,
        4.55003362853434,
        4.530568030195683,
        4.51224901573745,
        4.493318313943964,
        4.475939314033739,
        4.459283041877023,
        4.441925324144968,
        4.4257387395150465,
        4.41146931601958,
        4.3955611190075246,
        4.380403355278335,
        4.367674270982615,
        4.353875382034265,
        4.340517539756221,
        4.325827926595475,
        4.312971571070668,
        4.301653539404376
    ],
    "losses_dev": [
        5.961944535856034,
        5.638798048428843,
        5.470310474454823,
        5.358983542584174,
        5.2791489824548945,
        5.210865801250177,
        5.160453845594634,
        5.114797599479241,
        5.078858462394782,
        5.051814312724197,
        5.022650242732455,
        5.00269425949398,
        4.984037982579202,
        4.9679537318311375,
        4.953039531705054,
        4.942490305130345,
        4.930771464951964,
        4.921651759949034,
        4.913336390611681,
        4.905802049296775,
        4.900499928134767,
        4.898539075541181,
        4.891328342815474,
        4.886355018967982,
        4.881117299043721,
        4.87915580132787,
        4.87523069017261,
        4.874839309061568,
        4.872347617958872,
        4.869960762692677,
        4.864418912709547,
        4.865498014965727,
        4.868212613153058,
        4.8610148314302455,
        4.860695551403342,
        4.865016566462299,
        4.8636828836993,
        4.863432583197187,
        4.862270863670266,
        4.863376526928097
    ]
}