{
    "trial_number": 4,
    "part_name": "Non-monotonically Triggered AvSGD",
    "model_name": "LM_LSTM_VAR_DROPOUT",
    "parameters": {
        "n_epochs": 100,
        "patience_value": 5,
        "hid_size": 400,
        "emb_size": 450,
        "emb_dropout": 0.5,
        "out_dropout": 0.5,
        "optimizer": "SGD",
        "lr": 2.0,
        "clip": 5.0,
        "train_batch_size": 64,
        "eval_batch_size": 128
    },
    "eval_ppl": 88.7601124259532,
    "best_val_loss": 4.597424560928399,
    "losses_train": [
        6.608556272941319,
        6.042824767788097,
        5.783437108472541,
        5.605923202364656,
        5.464088951514054,
        5.354390016967671,
        5.258451097932748,
        5.182761956988227,
        5.116312270803458,
        5.054976055000188,
        5.001273799718731,
        4.952088152726914,
        4.904869711050217,
        4.860014054974783,
        4.821426714088976,
        4.78499194122647,
        4.7484884320195935,
        4.717127196123684,
        4.684831517249627,
        4.654125567658335,
        4.6269843483986195,
        4.600408417181111,
        4.576134504412158,
        4.553833567184859,
        4.5317215253963905,
        4.50899006803361,
        4.489096956295034,
        4.468811607076518,
        4.451491923773049,
        4.433535689901958,
        4.416233534779998,
        4.400419151086783,
        4.384758994005784,
        4.3697610201081725,
        4.354146685844453,
        4.3394713836689185,
        4.326474961988149,
        4.313094495285363,
        4.299004111067297,
        4.286755006724047,
        4.274337463778065,
        4.261332825209229,
        4.250297200727985,
        4.237918221523577,
        4.228460700143036,
        4.217165108323934,
        4.20773997299259,
        4.19635882816342,
        4.188207356143145,
        4.176251885136692,
        4.168719415777789,
        4.159371354292994,
        4.151084977455184,
        4.140426224607605,
        4.132875753246261,
        4.12415347790382,
        4.114604089276169,
        4.10859222173863,
        4.098205404863822,
        4.0914767784336865,
        4.0838193675196806,
        4.076957068246083,
        4.067917328217909,
        4.063175154636845,
        4.054273306683368,
        4.0464433433080025,
        4.041842729822156,
        4.0324681560802045,
        4.028020317493136,
        4.021607509843594,
        4.01427865298708,
        4.010353901850834,
        4.003120711702029,
        3.997631433898553,
        3.9927266991389994,
        3.9842886304655107,
        3.9805780417075747,
        3.9730238821751813,
        3.9696918102742558,
        3.9640168680551233,
        3.957744356709947,
        3.9529364023234828,
        3.9481919761535846,
        3.9419458257889968,
        3.9375527297134254,
        3.93540066274762,
        3.9285785571219525,
        3.9232806234634148,
        3.9190122698381913,
        3.9121484699771774,
        3.9086565325768396,
        3.905578843464039,
        3.9003198419207186,
        3.896362763067333,
        3.891791378020159
    ],
    "losses_dev": [
        6.305023580952994,
        5.818640773170017,
        5.684490310402312,
        5.50672123753596,
        5.411646926387804,
        5.344551984090868,
        5.250923440496697,
        5.189139429095929,
        5.151042025067925,
        5.094960943049439,
        5.212359273167797,
        5.023222563296899,
        4.996461067356869,
        4.994726617994388,
        4.924146482432697,
        4.918548014299794,
        4.942903537156822,
        4.924369243844563,
        4.8554737861157475,
        4.791790444587743,
        4.826623259418508,
        4.7921479602482595,
        4.759842595716721,
        4.74302404322125,
        4.7781125415098025,
        4.754575172421065,
        4.763253488932199,
        4.7100594955338115,
        4.7256386849161816,
        4.707108810344598,
        4.704899599552493,
        4.684267063414548,
        4.703659854915471,
        4.6723550542069185,
        4.675338023256589,
        4.671468905939231,
        4.644147062349055,
        4.651147408911511,
        4.65260110522624,
        4.684012351108556,
        4.632933810733059,
        4.653868416700703,
        4.652194157939249,
        4.686206515984604,
        4.640397750479472,
        4.64829336026291,
        4.634360515964626,
        4.644313274979134,
        4.624887616926676,
        4.652396067334671,
        4.620144504612694,
        4.661204067294715,
        4.669524798777347,
        4.604367408367666,
        4.599063761109977,
        4.6114214943084955,
        4.632625379859089,
        4.640278499975582,
        4.611724667089164,
        4.625679126451733,
        4.648819606611379,
        4.645791770348683,
        4.6463722208410285,
        4.616104242601488,
        4.633021165837211,
        4.627799234066451,
        4.657446951526762,
        4.645509574446832,
        4.597424560928399,
        4.649121586262697,
        4.6359379370183085,
        4.6308021256015595,
        4.637280769418596,
        4.610141439935094,
        4.640293212925309,
        4.655179762972368,
        4.6591357706283745,
        4.63548105171855,
        4.617322171007068,
        4.649505538062491,
        4.669758083312615,
        4.615512630800273,
        4.6567069824149385,
        4.650011938230306,
        4.665565024439728,
        4.629131168756215,
        4.681490061787452,
        4.638831969373757,
        4.629664005063308,
        4.68422186323519,
        4.631703118618145,
        4.654457323150483,
        4.65758430013807,
        4.682184518563983,
        4.653866640880274
    ],
    "ASGD_trigger_epoch": 39
}