{"losses_train": [5.825007079438664, 5.001476637081425, 4.59707107451922, 4.26198885557094, 3.94828326634226, 3.648775538837113, 3.3593611277964066, 3.0926547996479807], "losses_dev": [5.409887601665719, 5.142686692834121, 4.963222696483432, 4.971538065820784, 5.01587000078802, 5.164968154545212, 5.283785254197595, 5.43691808584316]}