{
    "trial_number": 1,
    "part_name": "Variational Dropout",
    "model_name": "LM_LSTM_VAR_DROPOUT",
    "parameters": {
        "n_epochs": 100,
        "patience_value": 5,
        "hid_size": 300,
        "emb_size": 500,
        "emb_dropout": 0.4,
        "out_dropout": 0.2,
        "optimizer": "SGD",
        "lr": 1.0,
        "clip": 5.0,
        "train_batch_size": 64,
        "eval_batch_size": 128
    },
    "eval_ppl": 105.09665744245768,
    "best_val_loss": 4.672637069752007,
    "losses_train": [
        6.77925136307319,
        6.285036418540525,
        6.0211573907172244,
        5.812477355850248,
        5.663942630678132,
        5.54034029945506,
        5.4349356551819055,
        5.346198704374388,
        5.265453234397776,
        5.195115612633374,
        5.131415614635897,
        5.072570298324976,
        5.017628626578909,
        4.967183093276157,
        4.919422246021086,
        4.872057664267328,
        4.82902037931379,
        4.785868298046094,
        4.7478554317496915,
        4.7099151502278715,
        4.670930432025724,
        4.637788193168918,
        4.604165592729969,
        4.572938811070486,
        4.5423631491501375,
        4.514414536400405,
        4.485370585614174,
        4.460184769338636,
        4.434760767900337,
        4.409982165741023,
        4.384632623904534,
        4.362482246824588,
        4.3416264657511405,
        4.318951262715112,
        4.297153206461106,
        4.279075705601514,
        4.258458196040098,
        4.241300962967811,
        4.2205677226841045,
        4.201066293711767,
        4.182875488414699,
        4.165208697015071,
        4.149677382731546,
        4.1323198765519535,
        4.1139237699800395,
        4.098450322237099
    ],
    "losses_dev": [
        6.438351568326911,
        6.145249853772286,
        5.91296812985021,
        5.726974011700437,
        5.591231546728495,
        5.571900534355466,
        5.41240717869859,
        5.351001652900359,
        5.315234548419964,
        5.294552136700437,
        5.210120241078722,
        5.154981925477696,
        5.144938474758932,
        5.083073198763141,
        5.050666605530349,
        5.023801466883169,
        4.9448893969091845,
        4.966806253551641,
        4.919708783485314,
        4.895209419173534,
        4.871489348684561,
        4.848528767458535,
        4.819429674458819,
        4.802644598953154,
        4.830993546557572,
        4.805567758925718,
        4.826721283318831,
        4.782193057762999,
        4.769307163659611,
        4.865318324136063,
        4.736609543980412,
        4.759487750723647,
        4.718054287662931,
        4.71481689765281,
        4.713138941577728,
        4.704696247302973,
        4.7048848033611845,
        4.6893106154105695,
        4.692064468940901,
        4.703100957056223,
        4.672637069752007,
        4.686157868216366,
        4.707698160749485,
        4.679535473122958,
        4.68547545372212,
        4.714325730694612
    ]
}