{
    "trial_number": 5,
    "part_name": "LSTM",
    "model_name": "LM_LSTM",
    "parameters": {
        "n_epochs": 100,
        "patience_value": 5,
        "hid_size": 350,
        "emb_size": 300,
        "optimizer": "SGD",
        "lr": 4.0,
        "clip": 5.0,
        "train_batch_size": 64,
        "eval_batch_size": 128
    },
    "eval_ppl": 138.48782984893907,
    "best_val_loss": 4.966367396991316,
    "losses_train": [
        5.942862605492941,
        5.215596892567195,
        4.916762927580095,
        4.709352108384764,
        4.544955057781179,
        4.40580487887354,
        4.283592182872835,
        4.1737511236376985,
        4.072472754383346,
        3.9799335919175833,
        3.8939170174840028,
        3.8127400007894376
    ],
    "losses_dev": [
        5.541879901541856,
        5.215941650980253,
        5.075463385080001,
        5.070922827283705,
        4.971871892314249,
        5.0248965931440015,
        4.966367396991316,
        4.983962198055033,
        5.000407606282852,
        5.007961675852838,
        5.032684224721196,
        5.07239425405553
    ]
}