{
    "trial_number": 23,
    "part_name": "LSTM with Dropout and AdamW",
    "model_name": "LM_LSTM_DROPOUT",
    "parameters": {
        "n_epochs": 100,
        "patience_value": 5,
        "hid_size": 350,
        "emb_size": 450,
        "emb_dropout": 0.4,
        "out_dropout": 0.5,
        "optimizer": "AdamW",
        "lr": 0.001,
        "clip": 5.0,
        "train_batch_size": 64,
        "eval_batch_size": 128
    },
    "eval_ppl": 107.59713147640971,
    "best_val_loss": 4.775664316386827,
    "losses_train": [
        6.188822688132574,
        5.569529337738798,
        5.3362220092242385,
        5.184343177554207,
        5.072244040554521,
        4.985747374534264,
        4.9146202925522005,
        4.852779663491524,
        4.799154732808464,
        4.750863393601421,
        4.710352448121083,
        4.669260937072234,
        4.633915786659371,
        4.603108829836959,
        4.572553344602866,
        4.544589710353042,
        4.517777319043364,
        4.493477237548673,
        4.470100301981075,
        4.448535716973644,
        4.427716117495719,
        4.407615815622151,
        4.388498214736741,
        4.369980658951206,
        4.351869113387088,
        4.334593377306184,
        4.319050909878729,
        4.306554129152321,
        4.291102258418525,
        4.27417611754331,
        4.260697476737101,
        4.248156329874434,
        4.2350445257777665,
        4.222681382626361,
        4.211116156226115,
        4.199199409383996,
        4.186318785642386,
        4.173954550293778
    ],
    "losses_dev": [
        5.634794988468266,
        5.353196455961873,
        5.198277183648689,
        5.101436104593604,
        5.033748863752398,
        4.982650151166714,
        4.947702268721587,
        4.917734813405668,
        4.894714527154514,
        4.872623001924546,
        4.8572677462729965,
        4.845298799822862,
        4.835409332158332,
        4.822821553909469,
        4.81324233456013,
        4.809680926689693,
        4.805679809032711,
        4.800506656829361,
        4.795064280537452,
        4.789512642731567,
        4.787474181235793,
        4.787753588544627,
        4.784381978419343,
        4.779529791884944,
        4.782464945582203,
        4.777442405148991,
        4.779843002213116,
        4.7801019737134185,
        4.777213615659185,
        4.779823898269907,
        4.781473385723736,
        4.777843789123544,
        4.775664316386827,
        4.776935186438947,
        4.78063625287461,
        4.777884105796722,
        4.777826738472705,
        4.779273109528164
    ]
}