{
    "trial_number": 5,
    "parameters": {
        "n_epochs": 100,
        "patience_value": 5,
        "tied_size": 350,
        "optimizer": "SGD",
        "lr": 0.5,
        "clip": 5.0,
        "train_batch_size": 64,
        "eval_batch_size": 128
    },
    "eval_ppl": 291.7200293476072,
    "best_val_loss": 5.716644189127096,
    "losses_train": [
        7.155518014237199,
        6.2848393743468085,
        6.06603995169403,
        5.92734805625193,
        5.824831239799624,
        5.742869183213967,
        5.673262575334853,
        5.613414427987121,
        5.560685794886168,
        5.513031689990874,
        5.470065512644577,
        5.430274632370413,
        5.393939150454657,
        5.360050667541112,
        5.328458051983646,
        5.298657408211614,
        5.271232952587876,
        5.244718506024863,
        5.219415804300899,
        5.195914251201662,
        5.172702255877907,
        5.1511229844105415,
        5.130409361824609,
        5.109466194069981,
        5.090018566078436,
        5.071551490468104,
        5.053435796903285,
        5.036003659541665,
        5.019247667173489,
        5.002527257104316,
        4.986440674142603,
        4.9709722506405765,
        4.956002805811858,
        4.941244464123729,
        4.926922812669975,
        4.9126320446216045,
        4.898840724473291,
        4.885467345457532,
        4.872282535831636,
        4.85928561548556,
        4.846647895473494,
        4.833956032191114,
        4.821818954324567,
        4.809648551043314,
        4.797621479976213
    ],
    "losses_dev": [
        6.524408617113138,
        6.3111571675997125,
        6.174947509245365,
        6.10347570372434,
        6.04043155349881,
        5.995574308650909,
        5.962266812579912,
        5.928123251926765,
        5.9078658301072595,
        5.888623497766906,
        5.882919812273583,
        5.846506080242666,
        5.8292738101448185,
        5.816730566142652,
        5.8083770721604635,
        5.806142937451165,
        5.794114195797521,
        5.7765219127916785,
        5.776134305299048,
        5.7763911749493895,
        5.765286962869815,
        5.752159772228832,
        5.753172586438059,
        5.749353823341384,
        5.740262462097332,
        5.741287041116903,
        5.733047733775661,
        5.728494169482082,
        5.730848720077426,
        5.734260952095024,
        5.725205044828367,
        5.726006293618589,
        5.730709359794537,
        5.7280113544293405,
        5.742028175610883,
        5.720185549649719,
        5.718714324045052,
        5.720114620884536,
        5.720939981986522,
        5.716644189127096,
        5.717213332637804,
        5.723047873898992,
        5.724523767969083,
        5.719629190658741,
        5.724454871685875
    ]
}