{
    "trial_number": 20,
    "part_name": "Baseline RNN",
    "model_name": "LM_RNN",
    "parameters": {
        "n_epochs": 100,
        "patience_value": 5,
        "hid_size": 200,
        "emb_size": 500,
        "optimizer": "SGD",
        "lr": 1.0,
        "clip": 5.0,
        "train_batch_size": 64,
        "eval_batch_size": 128
    },
    "eval_ppl": 155.25617365447562,
    "best_val_loss": 5.095581356438237,
    "losses_train": [
        6.0813454504086915,
        5.521390042794138,
        5.316596994355743,
        5.1822382416732395,
        5.079303439235048,
        4.996786875517735,
        4.9302480379463525,
        4.872272481631122,
        4.820797494039814,
        4.780570343942875,
        4.742252811583218,
        4.705155193179441,
        4.67068715568859,
        4.640452411358168,
        4.623241192630829,
        4.589869185993728,
        4.560250819753905,
        4.5373464959886824,
        4.518983341716705,
        4.509163165115275
    ],
    "losses_dev": [
        5.710789191246981,
        5.470108287587459,
        5.418931341787719,
        5.3226477524217755,
        5.245072493706936,
        5.203160800817321,
        5.178408742807927,
        5.165205469360438,
        5.132678418620809,
        5.137470400680583,
        5.137088668656325,
        5.131349418196832,
        5.11329106556995,
        5.164261995389526,
        5.095581356438237,
        5.105105899941398,
        5.101074232623597,
        5.09929601206226,
        5.122802033758346,
        5.123530612646949
    ]
}