{
    "trial_number": 13,
    "part_name": "Weight Tying",
    "model_name": "LM_LSTM_WEIGHT_TYING",
    "parameters": {
        "n_epochs": 100,
        "patience_value": 5,
        "hid_size": 300,
        "emb_size": 300,
        "optimizer": "SGD",
        "lr": 3.0,
        "clip": 5.0,
        "train_batch_size": 64,
        "eval_batch_size": 128
    },
    "eval_ppl": 120.44009853765833,
    "best_val_loss": 4.819486035947045,
    "losses_train": [
        6.549245905751433,
        5.873827572705403,
        5.553504467933526,
        5.3432719695182875,
        5.187017446788592,
        5.062490533091545,
        4.955267883291115,
        4.861798417389148,
        4.776505769038586,
        4.700760278359424,
        4.62891219947814,
        4.5625299663002545,
        4.5006236855293436,
        4.44195185986948,
        4.386525328574015,
        4.332672648993836,
        4.281230162670587,
        4.231739368331654,
        4.184064305764123,
        4.138333604458285,
        4.092703305599386,
        4.049352430722935,
        4.007362369264331,
        3.9656107891826613,
        3.9258683865573984,
        3.8866144995309053
    ],
    "losses_dev": [
        6.073806176969385,
        5.743937682021594,
        5.545253460907533,
        5.359750579083943,
        5.248756495618163,
        5.147672128331883,
        5.109207136411866,
        5.022177964676712,
        4.998399243555991,
        4.956029257196512,
        4.912308877326325,
        4.904889867224126,
        4.862370871494974,
        4.858630723136277,
        4.84162611876687,
        4.842875561048267,
        4.830681140898032,
        4.833365917788393,
        4.830839584313734,
        4.821810571015059,
        4.819486035947045,
        4.851805301822879,
        4.851390862793454,
        4.8439699381348555,
        4.856684507187633,
        4.869997395925824
    ]
}