{
    "trial_number": 0,
    "parameters": {
        "n_epochs": 100,
        "patience_value": 5,
        "tied_size": 350,
        "optimizer": "SGD",
        "lr": 0.1,
        "clip": 5.0,
        "train_batch_size": 64,
        "eval_batch_size": 128
    },
    "eval_ppl": 306.2397497867178,
    "best_val_loss": 5.7587253618789065,
    "losses_train": [
        8.312400412583068,
        6.949253897754554,
        6.6450147557719665,
        6.475281047192656,
        6.358667626352912,
        6.269664285026932,
        6.197571854615326,
        6.136922816551569,
        6.084465593321923,
        6.038379588339663,
        5.996950635581,
        5.959391764612592,
        5.924964540149022,
        5.8931979201105165,
        5.86392572338656,
        5.836125566025069,
        5.810378984767171,
        5.785694850108696,
        5.762747211982478,
        5.74068508689427,
        5.719818221851029,
        5.69976543404159,
        5.68062759745097,
        5.661832803978311,
        5.644316295534932,
        5.627161400988128,
        5.610712309129553,
        5.594777648740501,
        5.579490172429444,
        5.564247880617062,
        5.549543995166263,
        5.53573702409051,
        5.521895921059424,
        5.508593359187925,
        5.495609022688252,
        5.482987947438232,
        5.470433993072307,
        5.458454008618979,
        5.446619844931631,
        5.435110546364581,
        5.423991381473355,
        5.413101770080099,
        5.4022583012332,
        5.391430228891811,
        5.381462920189846,
        5.371497050347436,
        5.3614039869335475,
        5.351785243505738,
        5.342099422039929,
        5.332797894149482,
        5.323294735265805,
        5.314634491156779,
        5.305444708415499,
        5.296881812501814,
        5.288178223725277,
        5.279817771357482,
        5.2715906989075965,
        5.263157423533878,
        5.2556425272702585,
        5.247099884884594,
        5.239595024699955,
        5.231556064396423,
        5.224402338394343,
        5.216632281348396,
        5.209089067590911,
        5.201900302009547,
        5.1948261311145725,
        5.187676525849768,
        5.180557655523694,
        5.17376849964352,
        5.166728490578161,
        5.159896633679861,
        5.153238719172081,
        5.146680251227673,
        5.140119781713841,
        5.133660903117845,
        5.127394841855388,
        5.120915302472108,
        5.1146694692668415,
        5.108526255825664,
        5.102351223706773,
        5.096387438573004,
        5.0904766326532105,
        5.084254086064015,
        5.07840636424087,
        5.072529967312511,
        5.067060469233585,
        5.0610449960733614,
        5.055444761247269,
        5.049933327305044,
        5.044217330243977,
        5.0388750240269395,
        5.033619358165908,
        5.027971729865623,
        5.022627148344573,
        5.017046610381976,
        5.012086755404927,
        5.006870298124905,
        5.001835927313366,
        4.996429939859489
    ],
    "losses_dev": [
        7.235595758619389,
        6.829425989631429,
        6.648290231766763,
        6.532969556055992,
        6.453857047287879,
        6.390356143561763,
        6.337994378695926,
        6.301947422951591,
        6.258996368724694,
        6.226705453544538,
        6.210140413288908,
        6.1810706421366675,
        6.151713611219633,
        6.131024921697418,
        6.115244974428186,
        6.104386838340407,
        6.084329168571974,
        6.0699531114038745,
        6.068443650165595,
        6.040818640731549,
        6.028263340573501,
        6.018287468146221,
        6.007317413750622,
        6.000432453895262,
        6.003255203708801,
        5.979570372156467,
        5.9750899078460185,
        5.9638731531467535,
        5.951549486565918,
        5.9459930068746445,
        5.943807346513621,
        5.92964671162452,
        5.93374176740748,
        5.917269486022073,
        5.917182602620223,
        5.907891170232366,
        5.90787195530038,
        5.894699640784824,
        5.892122120673657,
        5.884233773718302,
        5.8818822822511185,
        5.883742329288163,
        5.869506041674066,
        5.865958923608645,
        5.8679169113044285,
        5.8583568305822915,
        5.864282243904497,
        5.851365446363563,
        5.847412761434064,
        5.843469246952248,
        5.847654397874787,
        5.838688897903644,
        5.836425184685325,
        5.830709415288926,
        5.83153047557581,
        5.827265586153928,
        5.828562600999787,
        5.82366368819035,
        5.81582275425309,
        5.816104346653466,
        5.810059377608236,
        5.820901017989061,
        5.808516931892847,
        5.804177506570536,
        5.8069781141231,
        5.81108776493021,
        5.798845952572276,
        5.798443763929091,
        5.792452166611913,
        5.79884181824034,
        5.794298603650199,
        5.7896682212494675,
        5.787960561802991,
        5.787983820888532,
        5.788816007800291,
        5.783120479982064,
        5.781653125110989,
        5.780409051911671,
        5.780675307050451,
        5.7795679789609675,
        5.7789735091987495,
        5.776807688081581,
        5.77535098813308,
        5.771593157874876,
        5.76745964448075,
        5.773723219795515,
        5.772276626762502,
        5.77824434068227,
        5.767054812917317,
        5.769009144920266,
        5.774439520550682,
        5.766156733356123,
        5.7807086106202945,
        5.7669327391364185,
        5.763009244255221,
        5.767528492206368,
        5.760418502606017,
        5.7587253618789065,
        5.760456113927759,
        5.763409122944488
    ]
}