{
    "trial_number": 5,
    "part_name": "Variational Dropout",
    "model_name": "LM_LSTM_VAR_DROPOUT",
    "parameters": {
        "n_epochs": 100,
        "patience_value": 5,
        "hid_size": 400,
        "emb_size": 350,
        "emb_dropout": 0.3,
        "out_dropout": 0.3,
        "optimizer": "SGD",
        "lr": 0.5,
        "clip": 5.0,
        "train_batch_size": 64,
        "eval_batch_size": 128
    },
    "eval_ppl": 109.67317529277582,
    "best_val_loss": 4.7223051716885385,
    "losses_train": [
        6.919075560434828,
        6.5031528101884195,
        6.339926367533782,
        6.154969416628092,
        6.017136960362166,
        5.885813301552315,
        5.775479852355318,
        5.6889366554778285,
        5.612558336876471,
        5.543727356915436,
        5.483294148013655,
        5.427729424294501,
        5.376054491194607,
        5.330229021946259,
        5.285116548388557,
        5.24462961843874,
        5.207397036868176,
        5.1693206349932845,
        5.135523976657517,
        5.101722583924883,
        5.070244718022484,
        5.038783833123082,
        5.009546396450455,
        4.979169777346869,
        4.953715620972506,
        4.925454154925457,
        4.898907944060072,
        4.874351835808163,
        4.848664521562564,
        4.823890901417538,
        4.801352436955313,
        4.77736770760813,
        4.755007584518657,
        4.7321543607224905,
        4.709523118796346,
        4.689411095845919,
        4.667908803631984,
        4.648617348484221,
        4.628447509239106,
        4.60859658010067,
        4.591475882482702,
        4.573572496991282,
        4.5553245702299225,
        4.537603630415095,
        4.521071109582223,
        4.504673838309846,
        4.489349257478175,
        4.472903283738465,
        4.459006233910483,
        4.442134167336682,
        4.431927795837801,
        4.414355928826312,
        4.400063286104373,
        4.385615004533667,
        4.370750597433442,
        4.356336282275139,
        4.343834032895894,
        4.330110566857434,
        4.31802714454167,
        4.305648455881908,
        4.291666965041018,
        4.280907988062722,
        4.266803576502338,
        4.254697863494008,
        4.24314862295471,
        4.231995842437237,
        4.220409324355347
    ],
    "losses_dev": [
        6.544289786979241,
        6.40695470242799,
        6.2177475701782035,
        6.055004525567375,
        5.930070563889579,
        5.836557705284841,
        5.71412372418401,
        5.649120129535001,
        5.598117297378889,
        5.523836254927902,
        5.5235847959804305,
        5.410668484015396,
        5.420621319334689,
        5.386541348313859,
        5.304642445493411,
        5.273867796550912,
        5.2653487836185,
        5.23141486689116,
        5.1935532168987075,
        5.201572267012359,
        5.158919675479916,
        5.120869365377273,
        5.132163146287647,
        5.119186948940723,
        5.073830976024205,
        5.100116156691735,
        5.081807989138638,
        5.000737797893877,
        5.015814187306879,
        4.974625620982207,
        4.941677922778449,
        4.939137986241831,
        4.918836377015556,
        4.9564520758785875,
        4.91110251256393,
        4.878744137017865,
        4.87525759107739,
        4.895201629148761,
        4.856596722001971,
        4.867497019951342,
        4.841757113270706,
        4.845734833106176,
        4.829462248277454,
        4.8135917411031395,
        4.821460914747301,
        4.79469898872576,
        4.8058613589243855,
        4.785837741900039,
        4.785296054237995,
        4.792101157668436,
        4.775391173007086,
        4.7614634064453405,
        4.76711100098558,
        4.751837481631357,
        4.767117771300966,
        4.746910974237285,
        4.74035175256828,
        4.7335608765116675,
        4.72737721311621,
        4.766980145217715,
        4.730993983575881,
        4.7223051716885385,
        4.727316869905615,
        4.729905918975973,
        4.736868834573448,
        4.730063120704735,
        4.72995830567863
    ]
}