{"losses_train": [6.683923684137714, 6.06658953245953, 5.851577135185169, 5.692671582811114, 5.57152632101413, 5.4712135746043575, 5.385517386916395, 5.310604881251372, 5.243055447812906, 5.183137775732333, 5.126539751192583, 5.074933251311732, 5.0271364141502435, 4.982027765130419, 4.939691692266573, 4.89835723579936, 4.860032355282715, 4.822795410627521, 4.78705776922883, 4.752904137097342, 4.7198220960035115, 4.6876305359253, 4.656108895820433, 4.6253346534405555, 4.595393127441596, 4.56659904170099, 4.537067705860469, 4.5094385838360616, 4.483080543757748, 4.454660818500658, 4.428464788166081, 4.402080053788968, 4.37621612675011, 4.3511621141909576, 4.325072693244598], "losses_dev": [6.188135202643308, 5.925735543434348, 5.765851375483911, 5.649038108828935, 5.573044780086837, 5.504358730432679, 5.49053859523725, 5.393987224636844, 5.373379966192819, 5.307160898764917, 5.281565381546118, 5.312868122025501, 5.2501610100311655, 5.203001524985793, 5.215979477342751, 5.185563551063717, 5.155541995655899, 5.139306217480288, 5.1299574177684155, 5.120226116047645, 5.120090501635975, 5.115163279751651, 5.122741107856673, 5.097284659575224, 5.110957762388567, 5.090742433062669, 5.085229356919928, 5.076313774151158, 5.093560458916395, 5.073042969582416, 5.073414830542336, 5.082445335252699, 5.080996688927316, 5.092332992412807, 5.096209088149506]}