{
    "trial_number": 5,
    "part_name": "Non-monotonically Triggered AvSGD",
    "model_name": "LM_LSTM_VAR_DROPOUT",
    "parameters": {
        "n_epochs": 100,
        "patience_value": 5,
        "hid_size": 300,
        "emb_size": 300,
        "emb_dropout": 0.2,
        "out_dropout": 0.3,
        "optimizer": "SGD",
        "lr": 3.0,
        "clip": 5.0,
        "train_batch_size": 64,
        "eval_batch_size": 128
    },
    "eval_ppl": 96.32014487227933,
    "best_val_loss": 4.620214552404461,
    "losses_train": [
        6.5241481750583565,
        5.875567926655299,
        5.592218613450256,
        5.4131662114569,
        5.2803727535447145,
        5.176434508357721,
        5.090780426018733,
        5.015390153104596,
        4.950112281792702,
        4.890798552265288,
        4.837359742529515,
        4.788256365900335,
        4.743266287570464,
        4.70149597135825,
        4.661399448641545,
        4.625281043612405,
        4.590605501224534,
        4.5580308583777285,
        4.527704036572368,
        4.498759843007881,
        4.472504097826682,
        4.4448181627121555,
        4.418658775803005,
        4.397129318666623,
        4.372628695971897,
        4.3512541413603625,
        4.329651260204158,
        4.3085354187247695,
        4.2908404051738875,
        4.271000927684469,
        4.255078090273322,
        4.236518160633997,
        4.219038340707118,
        4.202383550287213,
        4.18900551354819,
        4.173111918530193,
        4.157301604808014,
        4.142841449698128,
        4.128414158519048,
        4.11591909425431,
        4.101739983405045,
        4.090155765099751,
        4.078142026689632,
        4.066737168304709,
        4.055339346578653,
        4.043103794176144,
        4.0316082716152835,
        4.023536991826641,
        4.011813290325716,
        4.000688352944444,
        3.991971657589787,
        3.981552377353369,
        3.972781811645261,
        3.963800989924339,
        3.9549336644691517,
        3.9452269845871806,
        3.9357417139465736
    ],
    "losses_dev": [
        6.027987693009483,
        5.7058515572280335,
        5.4901751000563825,
        5.316352496748029,
        5.230678532661777,
        5.126019036517527,
        5.081437279687278,
        5.023081732412718,
        5.003666902702799,
        4.927530599605768,
        4.897994238572595,
        4.869490815401247,
        4.840289529485278,
        4.820516282331031,
        4.805110540659628,
        4.80076148012413,
        4.772928297365571,
        4.759303557911724,
        4.739020629483947,
        4.7183128013345295,
        4.705764049514313,
        4.6981475556941685,
        4.682504617133116,
        4.680905768308708,
        4.6763050892793725,
        4.664345292466526,
        4.655328404691717,
        4.663349480350547,
        4.670087865652525,
        4.639317163748402,
        4.651612868094278,
        4.649022501032196,
        4.643805653934774,
        4.633812876529426,
        4.6345303079827564,
        4.632133241749094,
        4.641781079909699,
        4.624207096178434,
        4.625152123992222,
        4.633002214503569,
        4.64566602700135,
        4.626971354906592,
        4.638087206934135,
        4.620214552404461,
        4.629153574615535,
        4.634717955320358,
        4.6344769015707135,
        4.626663943742009,
        4.627317140440758,
        4.627511086391444,
        4.63019373368465,
        4.631969665102464,
        4.6272955878076605,
        4.634924332014046,
        4.649577673830622,
        4.637075245951129,
        4.645358851687917
    ],
    "ASGD_trigger_epoch": 36
}