{
    "trial_number": 9,
    "parameters": {
        "n_epochs": 100,
        "patience_value": 5,
        "tied_size": 350,
        "optimizer": "SGD",
        "lr": 1.0,
        "clip": 5.0,
        "train_batch_size": 64,
        "eval_batch_size": 128
    },
    "eval_ppl": 286.50308850285245,
    "best_val_loss": 5.703882144625036,
    "losses_train": [
        6.889487288777537,
        6.1107641782316415,
        5.898427391672361,
        5.760603051006477,
        5.655289581484198,
        5.570331422496124,
        5.498518654923088,
        5.436308935124962,
        5.381700272263929,
        5.332518430075039,
        5.288813639250675,
        5.247383021904969,
        5.2104300706499584,
        5.1758588020569665,
        5.143394618724479,
        5.11287980830747,
        5.084014832703302,
        5.056626198532397,
        5.031113361671114,
        5.006082099417659,
        4.982164123566008,
        4.959071624949547,
        4.937678159493364,
        4.916224574590237,
        4.895175265192622,
        4.875626700632329,
        4.856942033696942,
        4.837452489496995,
        4.81929641822516,
        4.801461920037692,
        4.784469286275522,
        4.766683109588436
    ],
    "losses_dev": [
        6.382157596848806,
        6.1696593171748475,
        6.05281029826014,
        5.972195840806577,
        5.972245022708304,
        5.904139222379333,
        5.8776688430640895,
        5.841810263021204,
        5.811163986472688,
        5.790781972814409,
        5.778790488705782,
        5.7864185114851185,
        5.7829974003653755,
        5.7556890072275895,
        5.740946798084778,
        5.738953952976275,
        5.754115290424332,
        5.721510006470646,
        5.7179023787114645,
        5.732443108540364,
        5.726003761687118,
        5.7183660759474,
        5.711362455216029,
        5.717719989467165,
        5.727064391248757,
        5.70458185255807,
        5.703882144625036,
        5.717116772401975,
        5.712844058271328,
        5.72387149386454,
        5.724515880829131,
        5.716425284575224
    ]
}