{
    "trial_number": 24,
    "part_name": "LSTM",
    "model_name": "LM_LSTM",
    "parameters": {
        "n_epochs": 100,
        "patience_value": 5,
        "hid_size": 300,
        "emb_size": 350,
        "optimizer": "SGD",
        "lr": 0.05,
        "clip": 5.0,
        "train_batch_size": 64,
        "eval_batch_size": 128
    },
    "eval_ppl": 185.4790818725345,
    "best_val_loss": 5.259171515951307,
    "losses_train": [
        8.543193719341819,
        7.032041341767194,
        6.680992819816947,
        6.518150968891652,
        6.412840996916989,
        6.333681317571563,
        6.268033514217093,
        6.211610237190099,
        6.162402216419278,
        6.1186098419575154,
        6.079052267712849,
        6.043123429092033,
        6.010062032335396,
        5.979482615956875,
        5.950750995149548,
        5.923780958180084,
        5.8981920079677295,
        5.873935494786123,
        5.850808822635111,
        5.828692138122842,
        5.807437163077507,
        5.78714763116229,
        5.767544899312014,
        5.748730355323144,
        5.730614193647483,
        5.713062988220049,
        5.696113755692251,
        5.6797349577922285,
        5.663890625454211,
        5.648435889605628,
        5.633493055714458,
        5.618943969156379,
        5.604807422052308,
        5.590983996187312,
        5.577612779918333,
        5.564470205307426,
        5.551767615754175,
        5.5391950593685415,
        5.52706662319598,
        5.515188761582186,
        5.503461192842082,
        5.4921589363049526,
        5.480866199069636,
        5.4700230478607645,
        5.45934208080376,
        5.448741536705429,
        5.438520604552889,
        5.428423821267493,
        5.418437399089225,
        5.408745177206075,
        5.39909595051065,
        5.389763550455014,
        5.380542587156375,
        5.371498575495549,
        5.362493298004879,
        5.353744235106975,
        5.345139919354981,
        5.336524815700963,
        5.32815603953886,
        5.319921062850934,
        5.3118161726319695,
        5.303756166227163,
        5.295945096486121,
        5.288073840032644,
        5.2804903587769765,
        5.27285049156993,
        5.265384713024776,
        5.2579445065857815,
        5.250701443449367,
        5.2435353780081275,
        5.236457193187559,
        5.229419885144951,
        5.222554344068155,
        5.215666167736089,
        5.208950623224519,
        5.202323231245256,
        5.195686539001062,
        5.189175886704688,
        5.182699297317649,
        5.176467761113835,
        5.169991942201656,
        5.163826424809736,
        5.157651684024202,
        5.151548554039852,
        5.145539201394539,
        5.139537048177911,
        5.133594877462224,
        5.1277516553758264,
        5.1218865706376775,
        5.116235358675829,
        5.110507823666977,
        5.104911828977509,
        5.099291951374751,
        5.09375255177652,
        5.088251493996774,
        5.082903139836918,
        5.077478186824839,
        5.072168210694297,
        5.0669447581584,
        5.061580444452207
    ],
    "losses_dev": [
        7.4362170946023936,
        6.782290304741885,
        6.566851141575064,
        6.439022294315599,
        6.349402152016888,
        6.27875397339821,
        6.22126282752788,
        6.169345836311532,
        6.123957128642652,
        6.083627358788979,
        6.0474572679335665,
        6.014906312986131,
        5.984488957726595,
        5.958374859321725,
        5.931792429899488,
        5.908965395919164,
        5.884755740062065,
        5.8638504004475065,
        5.842821030874858,
        5.823667947384661,
        5.805166083605625,
        5.787359682438912,
        5.7712462693897395,
        5.754492742443884,
        5.738604650485243,
        5.725895665555299,
        5.711373588777703,
        5.697910955369193,
        5.683372264959067,
        5.6723688861832295,
        5.659535524455267,
        5.647644866713578,
        5.635541720958677,
        5.624612565927333,
        5.614165171555352,
        5.603995658396523,
        5.593927380875746,
        5.584151066269179,
        5.573669383301961,
        5.565255220079646,
        5.555155782459778,
        5.548011469580196,
        5.538849651273264,
        5.529725277804908,
        5.522394330360314,
        5.514380441224783,
        5.507380642669413,
        5.4990947824730965,
        5.492167910480892,
        5.485168562817428,
        5.4785160897655025,
        5.473965973060804,
        5.463587301552067,
        5.45670917444328,
        5.451293255101044,
        5.445397399477465,
        5.4377947237600335,
        5.4320691804144765,
        5.425595877932324,
        5.420561607372762,
        5.415690594367097,
        5.4094738632529475,
        5.40386474713427,
        5.399967244437242,
        5.395972376835754,
        5.388849401548516,
        5.383346654298817,
        5.381570147126722,
        5.373998458088418,
        5.369546261232064,
        5.364410075228193,
        5.360281473087442,
        5.35673377926774,
        5.3508169953229325,
        5.347409653748313,
        5.3434837517980185,
        5.339627640977945,
        5.334931691957309,
        5.332681644232135,
        5.325920894691629,
        5.322052145024595,
        5.31803825672148,
        5.316343707824265,
        5.313921017056755,
        5.30723302759625,
        5.305418943786404,
        5.303642540666288,
        5.298532548013745,
        5.295747506637129,
        5.291250199779798,
        5.288923812586571,
        5.285627938427866,
        5.27942809148139,
        5.277485454920798,
        5.276375678141426,
        5.271184101801126,
        5.269727478157408,
        5.267932678647536,
        5.262363650287683,
        5.259171515951307
    ]
}