{
    "trial_number": 19,
    "part_name": "Non-monotonically Triggered AvSGD",
    "model_name": "LM_LSTM_VAR_DROPOUT",
    "parameters": {
        "n_epochs": 100,
        "patience_value": 5,
        "hid_size": 200,
        "emb_size": 400,
        "emb_dropout": 0.5,
        "out_dropout": 0.3,
        "optimizer": "SGD",
        "lr": 0.01,
        "clip": 5.0,
        "train_batch_size": 64,
        "eval_batch_size": 128
    },
    "eval_ppl": 558.553663677779,
    "best_val_loss": 6.363677577048409,
    "losses_train": [
        9.168093045371691,
        9.076981607083196,
        8.952029948849887,
        8.678274221978542,
        7.913119846821437,
        7.384828725442508,
        7.168173497811904,
        7.0161430088074335,
        6.919086353672468,
        6.849693222488264,
        6.7962037672978886,
        6.7528076794703615,
        6.718236235097055,
        6.69014482284465,
        6.667886692922248,
        6.649846663025971,
        6.635175391083206,
        6.623308491224569,
        6.612956283292957,
        6.604763927704453,
        6.597465419890817,
        6.591359860494481,
        6.585769059664845,
        6.580992914518165,
        6.576862222403388,
        6.573233930883608,
        6.569542155795087,
        6.566499928166239,
        6.5637309733660505,
        6.561093846478138,
        6.558745395835279,
        6.556212444277031,
        6.5540437600387955,
        6.551986081222212,
        6.549801852112822,
        6.5479071984840616,
        6.545971408740478,
        6.544176905783848,
        6.5423672415927,
        6.540553182791075,
        6.538610373457111,
        6.536740596105061,
        6.534893887449182,
        6.533096505327655,
        6.5309836077708745,
        6.52864027147317,
        6.526630888674856,
        6.524227084564179,
        6.521827242634219,
        6.518613832812902,
        6.515566361218016,
        6.512327394573682,
        6.508405354804757,
        6.50452902154252,
        6.500313035131574,
        6.496728623618028,
        6.493722538876382,
        6.490638335463566,
        6.487824316027714,
        6.48489755075254,
        6.482540489468747,
        6.479656854529599,
        6.476750321275585,
        6.473570960359697,
        6.4705722696153325,
        6.467530173827899,
        6.464554155050905,
        6.461200026130837,
        6.458420067149539,
        6.455578711297523,
        6.45296269644395,
        6.450123473978597,
        6.447983150730417,
        6.445555161788902,
        6.44309405827944,
        6.4409637142801195,
        6.438641247997133,
        6.43619777858631,
        6.434264587112859,
        6.43188316637519,
        6.42980013435985,
        6.4272558696056254,
        6.4249195636431375,
        6.423005430246077,
        6.420868202735764,
        6.41835548493244,
        6.416059571812898,
        6.413827532881614,
        6.411466194970452,
        6.409253771625745,
        6.406758222470235,
        6.404444677406501,
        6.402246850162822,
        6.399427140649626,
        6.397502412791948,
        6.394912263844491,
        6.391906740197687,
        6.389907519072948,
        6.387183527625234,
        6.384944613470863
    ],
    "losses_dev": [
        9.124755699828633,
        9.024589743860101,
        8.859025746066557,
        8.409209370061,
        7.533583261560591,
        7.263324618864541,
        7.07073462500222,
        6.946649887013425,
        6.86222206329246,
        6.79854736501545,
        6.748331748506091,
        6.708216922292317,
        6.675874875970042,
        6.650209206907498,
        6.630006287514207,
        6.613671535096871,
        6.600148537667371,
        6.5894416931559885,
        6.580158716725565,
        6.5726304659197865,
        6.5664682372318515,
        6.560977289476488,
        6.556091292985953,
        6.551933875384021,
        6.548444173200206,
        6.5449411731735685,
        6.542242002426215,
        6.539421590313787,
        6.537251877652632,
        6.53521575385797,
        6.533372819902952,
        6.531223376567161,
        6.529519213267155,
        6.527230888287576,
        6.525810571847475,
        6.5238475549727415,
        6.522400032408723,
        6.520760388272038,
        6.519218004987835,
        6.517667186556595,
        6.515631014204343,
        6.514384644924705,
        6.512350865767954,
        6.511103143812598,
        6.508617633397411,
        6.506874783571885,
        6.5043488038739525,
        6.502660858808957,
        6.499407139575046,
        6.496742382285303,
        6.493460721626829,
        6.490544297285658,
        6.486350343565759,
        6.481934814626545,
        6.47821887569479,
        6.475424011811426,
        6.4721735043152435,
        6.469924136396328,
        6.46683335562358,
        6.463635900762715,
        6.461348442882955,
        6.458348839390361,
        6.4556787754497265,
        6.452319665435431,
        6.449559880942339,
        6.446063151781592,
        6.442748340162843,
        6.440176667772855,
        6.437629267240997,
        6.434869683915062,
        6.432257146844811,
        6.429659849920976,
        6.4272520802071496,
        6.425214388696015,
        6.422924690230324,
        6.420378878225334,
        6.418098953708801,
        6.415989209671118,
        6.413513459331492,
        6.411300967433673,
        6.409412694563326,
        6.406929646711625,
        6.404632886585008,
        6.402744842629013,
        6.40044582110607,
        6.39803423615304,
        6.396017112249609,
        6.392958476601346,
        6.391317132949016,
        6.388439166219012,
        6.386282619601506,
        6.383884283933709,
        6.381190579383612,
        6.379025771039032,
        6.37621055458872,
        6.37373314635424,
        6.372298505425132,
        6.368898988559277,
        6.366202779824904,
        6.363677577048409
    ]
}