{
    "trial_number": 14,
    "parameters": {
        "n_epochs": 100,
        "patience_value": 5,
        "tied_size": 300,
        "optimizer": "SGD",
        "lr": 10.0,
        "clip": 5.0,
        "train_batch_size": 64,
        "eval_batch_size": 128
    },
    "eval_ppl": 243.5395348193238,
    "best_val_loss": 5.561478098584671,
    "losses_train": [
        6.560477566121263,
        5.864874081755294,
        5.650927835682688,
        5.512904274701006,
        5.409667012282424,
        5.3249586072151,
        5.25240850338146,
        5.188251717366083,
        5.129360269703334,
        5.07581548339981,
        5.026208428716937,
        4.980684601198047,
        4.935848789473858,
        4.894275302317436,
        4.854675604589906,
        4.815251695717176,
        4.779132216990066,
        4.742553176893594,
        4.708701585729408,
        4.675033982657203,
        4.642505036881576,
        4.611986177958218,
        4.580736887568605,
        4.551247652642445
    ],
    "losses_dev": [
        6.113747083769889,
        5.89665924475467,
        5.787763626092129,
        5.726564865448306,
        5.68022441514464,
        5.661610230723469,
        5.644964071545585,
        5.6227497233604735,
        5.603084815125994,
        5.5846455004594935,
        5.585500904836003,
        5.601027984987658,
        5.589007969826591,
        5.568492984676889,
        5.575190602413784,
        5.596558688922876,
        5.5829712763820325,
        5.570541358857792,
        5.561478098584671,
        5.582884483158563,
        5.577941209522393,
        5.592556052107011,
        5.599159107406059,
        5.602191272231052
    ]
}