{
    "trial_number": 19,
    "parameters": {
        "n_epochs": 100,
        "patience_value": 5,
        "hid_size": 400,
        "emb_size": 300,
        "emb_dropout": 0.3,
        "out_dropout": 0.3,
        "optimizer": "SGD",
        "lr": 0.5,
        "clip": 5.0,
        "train_batch_size": 64,
        "eval_batch_size": 128
    },
    "eval_ppl": 119.78154795762514,
    "best_val_loss": 4.824173861976577,
    "losses_train": [
        6.728530651981305,
        6.106396246294846,
        5.9232371615198405,
        5.798672799823681,
        5.706782683781317,
        5.6306235480138564,
        5.567956440168207,
        5.514382958144476,
        5.4681158030997015,
        5.426030592500342,
        5.388721690558911,
        5.355617582470203,
        5.324474675744275,
        5.295036802214278,
        5.267893413306568,
        5.242886458857748,
        5.21906787250671,
        5.1982257453757885,
        5.177511592651355,
        5.157790347180871,
        5.1400185279803985,
        5.121541333252463,
        5.103843216630533,
        5.089127353463101,
        5.072499477973761,
        5.057471058614244,
        5.044044595865352,
        5.029205697032496,
        5.016375525292798,
        5.003234875177989,
        4.989176960495821,
        4.978359075979017,
        4.965432547559734,
        4.954751806261379,
        4.943654736038123,
        4.9322777701611615,
        4.922640682638028,
        4.912014229510791,
        4.901080834951278,
        4.89188455210247,
        4.882431023197073,
        4.871886800246394,
        4.864099693936938,
        4.855706711948078,
        4.847336757060054,
        4.837716863300967,
        4.829907145624276,
        4.820972266579616,
        4.812360521250803,
        4.804514793879018,
        4.796982540285302,
        4.790467889515178,
        4.7829010852780875,
        4.774459454709398,
        4.768783812768039,
        4.7613207062804115,
        4.753950140044561,
        4.74785495078846,
        4.740335191784716,
        4.734237314915551,
        4.727469440702603,
        4.720767153258624,
        4.714754601431361,
        4.707861930878682,
        4.703242675439298,
        4.69586150734679,
        4.690914508568878,
        4.6855372153459,
        4.679307941891744,
        4.672657975249288,
        4.667799328247052,
        4.663153875810856,
        4.65717515290977,
        4.651855960175075,
        4.646536088333417,
        4.641950556094884,
        4.635116080388823,
        4.6295764703113225,
        4.626802981373615,
        4.6206195334295295,
        4.614445417338007,
        4.611267979447175,
        4.604685735386655,
        4.600286982685695,
        4.596887435764649,
        4.592216192944571,
        4.58816986841286,
        4.582760307471138,
        4.578398175975788,
        4.573769688256903,
        4.569655375222166,
        4.565511273770359,
        4.5607481784839665,
        4.556368048157134,
        4.552576720828268,
        4.5488385319108975,
        4.54448157709944,
        4.540254072423006,
        4.5380712832595265,
        4.532075553798113
    ],
    "losses_dev": [
        6.166925830085062,
        5.905448390496253,
        5.764067466747762,
        5.667254211191664,
        5.588874679242435,
        5.517963526590691,
        5.479685092930903,
        5.4267234684103745,
        5.385170491247425,
        5.355593029682838,
        5.317831089232757,
        5.297126243906716,
        5.266734971009732,
        5.245139482370543,
        5.22668897171118,
        5.20261005369637,
        5.2115889347519175,
        5.181291801148068,
        5.159389338362605,
        5.1433115596475885,
        5.13204001117657,
        5.1165872310741936,
        5.110206000719208,
        5.093032443684295,
        5.086285241711358,
        5.07603286155704,
        5.070187138176587,
        5.0544323714860955,
        5.045214261058922,
        5.036032887916874,
        5.025232417435449,
        5.021245880929021,
        5.015444233966561,
        5.009275234963241,
        5.005310695045017,
        4.995171128045532,
        4.986674264310893,
        4.986864471327159,
        4.976572932945021,
        4.973554482170763,
        4.963902024102323,
        4.962568015309792,
        4.960344584080658,
        4.949849263367488,
        4.940951591412577,
        4.94434580162754,
        4.941178091758862,
        4.932487566482277,
        4.9282854758976775,
        4.926916921848362,
        4.921299821474553,
        4.91776075009545,
        4.9160986862258484,
        4.913685082664441,
        4.908951029809366,
        4.903004639608342,
        4.899584138926872,
        4.900078351139633,
        4.892679832340353,
        4.895146655020245,
        4.888775642569524,
        4.887596185648707,
        4.884090022441931,
        4.879495246628161,
        4.8825589183921725,
        4.877174644724925,
        4.876625964769943,
        4.870128487544839,
        4.869854990388372,
        4.873189662061372,
        4.871316192319132,
        4.862720139302014,
        4.864075839463614,
        4.862995585698874,
        4.857921504852429,
        4.856660658474215,
        4.853451730148548,
        4.856187312151495,
        4.853359553969403,
        4.851407899570695,
        4.8496936016080054,
        4.846849555822915,
        4.843913347732277,
        4.840979192934011,
        4.841235951595575,
        4.842361516528449,
        4.836886814755292,
        4.837577074768699,
        4.835218341283829,
        4.832392587836518,
        4.829492076511223,
        4.831378192037222,
        4.8301259958468,
        4.833992262139953,
        4.831836423075899,
        4.827968970590194,
        4.826361755986735,
        4.826266936887342,
        4.830846340755523,
        4.824173861976577
    ]
}