{
    "trial_number": 17,
    "part_name": "Weight Tying",
    "model_name": "LM_LSTM_WEIGHT_TYING",
    "parameters": {
        "n_epochs": 100,
        "patience_value": 5,
        "hid_size": 250,
        "emb_size": 300,
        "optimizer": "SGD",
        "lr": 3.0,
        "clip": 5.0,
        "train_batch_size": 64,
        "eval_batch_size": 128
    },
    "eval_ppl": 120.10149185134577,
    "best_val_loss": 4.810988436911759,
    "losses_train": [
        6.548502555376589,
        5.882229552973948,
        5.548461552216401,
        5.300628438128009,
        5.118429811871675,
        4.970922298807248,
        4.849936617644496,
        4.737575660183496,
        4.6364612632814675,
        4.544353676781753,
        4.4577476922272945,
        4.3772328763492725,
        4.304606752807253,
        4.236796172898296,
        4.168896818887774,
        4.101296898586723,
        4.039542665059232,
        3.9777880787907316,
        3.916949894221187,
        3.8582497881164266,
        3.7957596769698454
    ],
    "losses_dev": [
        6.0957164228428224,
        5.773118906716153,
        5.624058149239949,
        5.357001317714253,
        5.2227939731984305,
        5.082341630114363,
        5.030507575261489,
        5.01837450415764,
        4.986837147277667,
        4.866579087272695,
        4.8182282070762,
        4.873836580957434,
        4.814481510379671,
        4.864209795980431,
        4.833211095381535,
        4.810988436911759,
        4.886028538544182,
        4.928529089325988,
        4.894464982763443,
        4.96918710848709,
        4.958305650882583
    ]
}