{
    "trial_number": 6,
    "part_name": "LSTM",
    "model_name": "LM_LSTM",
    "parameters": {
        "n_epochs": 100,
        "patience_value": 5,
        "hid_size": 250,
        "emb_size": 300,
        "optimizer": "SGD",
        "lr": 5.0,
        "clip": 5.0,
        "train_batch_size": 64,
        "eval_batch_size": 128
    },
    "eval_ppl": 139.67889081099335,
    "best_val_loss": 4.971132263105555,
    "losses_train": [
        5.9080854517871435,
        5.217048133769782,
        4.9421348855503515,
        4.759403355958642,
        4.619370694218331,
        4.5009974582154975,
        4.3987150248819,
        4.3094498943657875,
        4.227772778616944,
        4.153390217310075,
        4.084306326313934,
        4.020539463094309
    ],
    "losses_dev": [
        5.470193859934383,
        5.216599758932377,
        5.085710201921882,
        5.041429294044786,
        5.018435915635211,
        4.9743185566575505,
        4.971132263105555,
        4.994563395124485,
        4.984596006401833,
        4.997181426139189,
        5.0342365553745205,
        5.042327928549865
    ]
}