{"losses_train": [7.355346528285211, 6.433042381068696, 6.231995908648337, 6.099344873209515, 5.9966912984320695, 5.91011374122571, 5.834332908081557, 5.766697675400946, 5.7055719715859325, 5.649497039888764, 5.597903489991579, 5.548960761722324, 5.503730260732732, 5.460204102178214, 5.41953298142014, 5.380427354429147, 5.343930188228701, 5.308588824822281, 5.274586815882889, 5.241216173858852, 5.210580645993149, 5.179626252205199, 5.150317420217999, 5.122765822370079, 5.0939931142018295, 5.0668878770280505, 5.040007343589303, 5.014819866970338, 4.989913664631452, 4.96447720310254, 4.94085470062113, 4.916944986905231, 4.893753704943715, 4.87097726995377, 4.848133832953093, 4.826478162343762, 4.803799330102181, 4.783710006511764, 4.762466618522175, 4.7414592495138095, 4.7203591259495825, 4.699100003958473, 4.679556517063471, 4.658939148836469, 4.638899744442999, 4.619756213902405, 4.5999561739273656, 4.581428141553106, 4.561920067463372, 4.542434859348698, 4.522910137404401, 4.504888019709613, 4.485332936395886, 4.467263699631465, 4.449036019541504], "losses_dev": [6.565652643142226, 6.30400529360971, 6.142636435728619, 6.03659438013878, 5.949927656127913, 5.89383056397837, 5.811469372092094, 5.760282853510353, 5.708394622260797, 5.664405191722013, 5.621454734059792, 5.5817442885175454, 5.562262782299954, 5.512841172563131, 5.487617002981159, 5.4573514734315065, 5.450288043623029, 5.40699888983476, 5.383134603303914, 5.368291741214128, 5.363052391142208, 5.334870766055636, 5.328686873745827, 5.2936678960523516, 5.282149224132955, 5.275022156134572, 5.263027494972208, 5.24519114764615, 5.225035793880523, 5.226145827321441, 5.216397703864185, 5.247950613046509, 5.210523317632121, 5.219434890931329, 5.1907706242119795, 5.205810609306187, 5.158599944561106, 5.164581573698768, 5.183637708492418, 5.169624973085222, 5.1456775837077355, 5.143165338870934, 5.1778999563814105, 5.137923567856318, 5.137323909368785, 5.141907780535233, 5.140722538324424, 5.18255730211811, 5.1403318717036335, 5.121521133095522, 5.149548879179838, 5.132575698507867, 5.138194616322897, 5.1428705873637055, 5.134705795112498]}