{
    "trial_number": 26,
    "parameters": {
        "n_epochs": 100,
        "patience_value": 5,
        "hid_size": 400,
        "emb_size": 400,
        "emb_dropout": 0.1,
        "out_dropout": 0.5,
        "optimizer": "SGD",
        "lr": 0.1,
        "clip": 5.0,
        "train_batch_size": 64,
        "eval_batch_size": 128
    },
    "eval_ppl": 150.8467736753981,
    "best_val_loss": 5.046494773261028,
    "losses_train": [
        7.766314710700886,
        6.628374871444709,
        6.417075595954398,
        6.292460061330525,
        6.1999850049016105,
        6.127021363877174,
        6.066401816040508,
        6.014446665884776,
        5.967888329507605,
        5.92601712000309,
        5.889401600291163,
        5.855035713127581,
        5.822705997384254,
        5.793778235743935,
        5.766355870852031,
        5.741427214474273,
        5.717065664499019,
        5.693847118891147,
        5.672662941645716,
        5.652618398019736,
        5.6328094851710215,
        5.613924943386465,
        5.597158685635757,
        5.579614215224723,
        5.563586669020257,
        5.547236587308226,
        5.533295027993202,
        5.518958830532269,
        5.504663421151087,
        5.490345135556118,
        5.478059273865816,
        5.46541421179691,
        5.453209313834716,
        5.441153232151061,
        5.428091003063917,
        5.418244487124959,
        5.4071498793417385,
        5.396676926554823,
        5.386275876984509,
        5.375062376926534,
        5.366344513872319,
        5.3565982028314725,
        5.347676582135251,
        5.338331955577537,
        5.3287649727708395,
        5.320253672662529,
        5.310830630521292,
        5.30262627159704,
        5.295429752793629,
        5.2870744363014905,
        5.27947349787779,
        5.271620753118961,
        5.262787957437488,
        5.2560907268503865,
        5.2488005663295745,
        5.242033236513699,
        5.235363770604928,
        5.226941587624836,
        5.2198112512530965,
        5.214716644820488,
        5.206856941651665,
        5.2009120083766325,
        5.194842951135781,
        5.188507865875885,
        5.182070516461384,
        5.175909031379315,
        5.169223639975215,
        5.1639342532644195,
        5.158845013319265,
        5.153428744468493,
        5.147630198330797,
        5.142250141132233,
        5.1363774014352375,
        5.1304658883614485,
        5.125364860941634,
        5.119245685935811,
        5.115623806813387,
        5.108701824771594,
        5.104701213060016,
        5.099128656312616,
        5.094219270552641,
        5.089703032878397,
        5.084769323412786,
        5.080099520916318,
        5.076747880053253,
        5.070009900631722,
        5.065719507442138,
        5.061245933781109,
        5.05710785030489,
        5.052057157341753,
        5.048829169646783,
        5.0429913586201796,
        5.04105998384042,
        5.03504293377109,
        5.031367559902374,
        5.026408132133908,
        5.022077456423574,
        5.017145215208258,
        5.013947103715749,
        5.009687924356031
    ],
    "losses_dev": [
        6.759393895839253,
        6.429214722494761,
        6.272595088247177,
        6.161096748084334,
        6.0826902319887415,
        6.009898811532178,
        5.955028152303239,
        5.90460550010433,
        5.860910696210399,
        5.82185853204024,
        5.786769256830249,
        5.755698302537647,
        5.723721735320624,
        5.696534854083055,
        5.67066454252646,
        5.647067253371839,
        5.624369146729383,
        5.604812445615499,
        5.585967016077834,
        5.566995870940031,
        5.547563081858662,
        5.532567957040684,
        5.519948893830356,
        5.503664717611255,
        5.488642442163749,
        5.4728659494201946,
        5.458251550790684,
        5.448257712055157,
        5.436674944117151,
        5.422487255713702,
        5.410805395608396,
        5.3998052146966895,
        5.394438844906503,
        5.379672981280633,
        5.3708097644041235,
        5.35816233662452,
        5.350499421748473,
        5.342708703295923,
        5.33152181151442,
        5.324676217990837,
        5.316423661364363,
        5.308303202192694,
        5.300040281989185,
        5.294471447859692,
        5.285473518355324,
        5.276547024002433,
        5.27148834978557,
        5.262956802058176,
        5.257179336775465,
        5.250027303239096,
        5.242506648227732,
        5.237775841794377,
        5.232570204563414,
        5.2260424204654425,
        5.21908877936763,
        5.215202084202746,
        5.208598883230928,
        5.202472774453048,
        5.197727789203456,
        5.195529920076982,
        5.187739846746697,
        5.1851775320979545,
        5.178073806426694,
        5.1709398293769535,
        5.168107180751883,
        5.163990163064711,
        5.158604932119264,
        5.1562018933020495,
        5.150442678736326,
        5.145667046710737,
        5.144943864651406,
        5.135845857954344,
        5.134273701930761,
        5.130614956903058,
        5.127761234283989,
        5.126930108702408,
        5.1156087401441965,
        5.115174857268433,
        5.11042600128525,
        5.108489434423391,
        5.102191612134181,
        5.099824922141373,
        5.096761708206066,
        5.093711001318547,
        5.089574019525146,
        5.086333265167727,
        5.085633786149045,
        5.08161395994637,
        5.077177655295497,
        5.075899605656876,
        5.070777265502913,
        5.066135874402881,
        5.064682476370489,
        5.062656799394445,
        5.059485156360989,
        5.057220069656556,
        5.052866285161245,
        5.050336268246555,
        5.046494773261028,
        5.047347617958872
    ]
}