{"losses_train": [6.750145116054407, 6.119022045594476, 5.923380449254063, 5.7867769607402035, 5.683066418415545, 5.597363379746054, 5.526265274643837, 5.464833740349261, 5.409709169918916, 5.3609422946494965, 5.316305549888532, 5.275456019450451, 5.237155073445834, 5.20185284529508, 5.168836734456773, 5.137307807748705, 5.108142505367065, 5.080476427269891, 5.053641871582717, 5.028723945748727, 5.004588764917568, 4.981536851854238, 4.959498652387337, 4.937911766577558, 4.916983106674905, 4.897364379931927, 4.8780784447166035, 4.859114722080332, 4.8409619469067176, 4.822915827263291, 4.8062752202372465, 4.789404231264942, 4.772844606742393, 4.756878674702628, 4.740954915310103, 4.7264898758764025, 4.7109871894587485, 4.696614773748486, 4.681844371212155, 4.668197509188263, 4.654375597475641, 4.640826043685589, 4.627713818708556, 4.614946144618569, 4.601824150852604, 4.589751815156979, 4.577049676932716, 4.56474790078285, 4.552850115010322, 4.540421798345936, 4.529276798684652, 4.517669799867883, 4.506273851121925, 4.495344049095085, 4.484208512146725, 4.473399828799958, 4.462661409998973, 4.4517057473830945, 4.441262337177947, 4.430701645826325], "losses_dev": [6.256999077128321, 6.041529253311905, 5.856578936050487, 5.754587048220184, 5.668839789920443, 5.633333689422326, 5.5478759314733095, 5.5158259868012145, 5.468257126589359, 5.437133875772482, 5.399673526512999, 5.384695598018628, 5.3608390945757565, 5.321197593874308, 5.305848740887821, 5.293052602020883, 5.268302826218213, 5.2534589097350475, 5.240159415954858, 5.232945034473114, 5.221428408909291, 5.201122977507015, 5.190426649182235, 5.181448725404887, 5.169599563592129, 5.159642850602447, 5.1760482820602185, 5.1427568724250605, 5.141975372700313, 5.144653975839963, 5.135301229089714, 5.127339893140006, 5.115361706874201, 5.1099545070877435, 5.105934888989025, 5.101090478605803, 5.099823326677706, 5.0902115459959685, 5.090366534885992, 5.0807890358626935, 5.09102313755283, 5.073468562983911, 5.072997623730289, 5.074159939821885, 5.071363640021221, 5.0688016999596, 5.069547121395084, 5.058791483442694, 5.059107419932697, 5.059036942059419, 5.057252353517012, 5.05776644659442, 5.058483468776637, 5.060657274148938, 5.051765186316859, 5.05365583850911, 5.053423323958481, 5.051771477993145, 5.068471973114079, 5.0518237051494355]}