{"losses_train": [6.405602488549207, 5.776321875202857, 5.491630302317494, 5.278880030359036, 5.106393903526554, 4.957698840430456, 4.824438858421961, 4.701717571070196, 4.5853482903799705, 4.474473693732908, 4.365311567224819, 4.258113315571275, 4.152983856165766, 4.047772551873244, 3.943600058555737], "losses_dev": [5.924054132833588, 5.6746270846467, 5.4920003243647, 5.332044686578793, 5.254508149073466, 5.1808346453131655, 5.1435030083507955, 5.114481586684454, 5.104483932709725, 5.0860121538260055, 5.098334009902419, 5.106343709211624, 5.12697528807137, 5.156495687531077, 5.191114307896186]}