{
    "trial_number": 13,
    "parameters": {
        "n_epochs": 100,
        "patience_value": 5,
        "tied_size": 400,
        "optimizer": "SGD",
        "lr": 0.5,
        "clip": 5.0,
        "train_batch_size": 64,
        "eval_batch_size": 128
    },
    "eval_ppl": 305.78857331385154,
    "best_val_loss": 5.757715863459387,
    "losses_train": [
        7.135917156750488,
        6.192815948655357,
        5.96411304602037,
        5.818153753573247,
        5.7103605877284345,
        5.622867839234994,
        5.550245462040541,
        5.488074273832225,
        5.432788873917968,
        5.383344011024772,
        5.33777753289913,
        5.2967585769359395,
        5.258287153000195,
        5.222480235674525,
        5.1892910177113905,
        5.158379639880355,
        5.128551112372884,
        5.100056852371329,
        5.073643527499406,
        5.047861601227716,
        5.023483841734389,
        5.000194879306459,
        4.977833724052563,
        4.956152099716266,
        4.935132838242898,
        4.914987868524252,
        4.8950956782588,
        4.876352803921904,
        4.857999989007626
    ],
    "losses_dev": [
        6.469384273112303,
        6.238894726590247,
        6.118054468019694,
        6.045067748936727,
        6.000946873002202,
        5.958773066242542,
        5.922894418041448,
        5.886015032597403,
        5.871453166343319,
        5.855073102757849,
        5.835918819201503,
        5.829943523360917,
        5.8256829625013316,
        5.802422933555459,
        5.794716823234834,
        5.787216146203296,
        5.775800090344864,
        5.777522275447507,
        5.793212127577159,
        5.777691685941718,
        5.765542257866884,
        5.766359128327443,
        5.774860771516284,
        5.757715863459387,
        5.763336113139739,
        5.769011336948608,
        5.767934516899151,
        5.758779697821956,
        5.767281597672343
    ]
}