{"losses_train": [6.742944777711865, 6.130137542553023, 5.930235026364304, 5.7930725730668255, 5.689568623860538, 5.605271112523142, 5.534366362222381, 5.472973733314178, 5.41916954622602, 5.370383923872224, 5.32658108386207, 5.285083862418571, 5.247582870311928, 5.212390607573745, 5.179477499267402, 5.148804812825954, 5.119310075007903, 5.092288929991281, 5.065680581633111, 5.040416677480222, 5.016228409814817, 4.993709914510256, 4.971562698435298, 4.950235870861968, 4.929841438937926, 4.90969224860431, 4.8906061022681975, 4.871876488726998, 4.853789836590549, 4.836601127418583, 4.819934579743764, 4.8025987528168725, 4.786400977356047, 4.770453154209385, 4.754751653177655, 4.740044244066912, 4.72468199513599, 4.71032507665083, 4.6964959581107975, 4.682048727612607, 4.668371168575238, 4.6550281403474045, 4.641516413625246, 4.628313768978913, 4.615816974935497, 4.602999686632035, 4.591104375379222, 4.578427130616475, 4.566632399211586, 4.5556714875347515, 4.543580269645668, 4.531915413151097, 4.520394128710602, 4.509116045098438, 4.498309814791655, 4.487312945027062, 4.4764885102718095, 4.465956782530574, 4.455382671220121, 4.444978094976324, 4.434988246210189, 4.424416168918305, 4.414500333212593], "losses_dev": [6.239722952590034, 6.00447902145635, 5.866450132187633, 5.74405986679127, 5.670095995580427, 5.599770995469438, 5.568820554178061, 5.519695471768895, 5.474742610089768, 5.46152525494122, 5.403065510015627, 5.382436934789654, 5.354550643901389, 5.338847833832043, 5.323833022379777, 5.296542075290347, 5.28968285789441, 5.268485298704095, 5.29563500563823, 5.237478835827621, 5.22261091802147, 5.210691361577017, 5.210511441833002, 5.201516821181542, 5.182377014723771, 5.173560080167194, 5.174006858551463, 5.1607353270062335, 5.184099595223931, 5.150501884311958, 5.1434935812415645, 5.143392699380239, 5.1303147253249755, 5.116430639783705, 5.111087515205463, 5.125225071365784, 5.111172095590194, 5.101037419033688, 5.088025948066131, 5.092040897699425, 5.087041852202905, 5.081231874145386, 5.075618498832398, 5.081429538220095, 5.07389763172148, 5.076362484350582, 5.073511487893344, 5.064892980459316, 5.076101882702621, 5.073053610631393, 5.063190849641284, 5.059434760519516, 5.062594839909789, 5.055176266825899, 5.0583456207158335, 5.06008018106709, 5.063150255496164, 5.049769608109728, 5.059437687848504, 5.067188061880683, 5.049820926545408, 5.055214127872389, 5.054794278140094]}