{
    "trial_number": 9,
    "part_name": "Variational Dropout",
    "model_name": "LM_LSTM_VAR_DROPOUT",
    "parameters": {
        "n_epochs": 100,
        "patience_value": 5,
        "hid_size": 200,
        "emb_size": 400,
        "emb_dropout": 0.2,
        "out_dropout": 0.3,
        "optimizer": "SGD",
        "lr": 0.5,
        "clip": 5.0,
        "train_batch_size": 64,
        "eval_batch_size": 128
    },
    "eval_ppl": 120.93066156098905,
    "best_val_loss": 4.826279228894374,
    "losses_train": [
        6.919878349143492,
        6.500183739238841,
        6.3377006891249605,
        6.148538641248203,
        6.000051471007552,
        5.863687225706478,
        5.75721301384643,
        5.6721943376763075,
        5.597946508497297,
        5.526489146277152,
        5.462208736905639,
        5.407452841985787,
        5.356031974662177,
        5.310229222791679,
        5.268690598877618,
        5.231072096267762,
        5.192829171104045,
        5.158975635082894,
        5.12571979040672,
        5.094046952921444,
        5.062138909178994,
        5.0343406916832425,
        5.006030931598832,
        4.980053561350319,
        4.954740882051626,
        4.93007482532615,
        4.905387810794657,
        4.882750768363132,
        4.860047542332452,
        4.837380909374384,
        4.814536048897228,
        4.794926301658012,
        4.772941625265964,
        4.753658021007619,
        4.735340149877636,
        4.715554972726319,
        4.699075749095211,
        4.678016424315812,
        4.662995576812047,
        4.645873532345531,
        4.627597344980067,
        4.612149285496958,
        4.597345399785057,
        4.58158567484424,
        4.566003452107763,
        4.551882354206117,
        4.537454979739391,
        4.522877120417326
    ],
    "losses_dev": [
        6.541694473979791,
        6.416389365832327,
        6.199789121324052,
        6.1346379254754755,
        5.904408730876634,
        5.809582555949443,
        5.715575942960648,
        5.6633166137990125,
        5.5641380209258235,
        5.548147680556542,
        5.452305132842467,
        5.408567695384643,
        5.3904987988239625,
        5.332221894034575,
        5.2934176371710295,
        5.277948680454433,
        5.352401949739843,
        5.230955553711909,
        5.1875828184379,
        5.157944798621964,
        5.150794873872354,
        5.1601976904345435,
        5.1099075310879565,
        5.104245390081155,
        5.1009599696778665,
        5.0434321142696055,
        5.02776017989061,
        5.022840768841455,
        5.010237022082327,
        4.954145853958748,
        4.971108726548072,
        4.968691397925841,
        5.011396840926445,
        4.926686432842911,
        4.953674782905953,
        4.894077881657107,
        4.879708671109177,
        4.8782409347141815,
        4.874847348811088,
        4.868619817101595,
        4.859021812901779,
        4.844269746568227,
        4.826279228894374,
        4.8265073593883185,
        4.830884860797876,
        4.862121590702248,
        4.826815630715922,
        4.82862227827772
    ]
}