{
    "trial_number": 3,
    "parameters": {
        "n_epochs": 100,
        "patience_value": 5,
        "hid_size": 400,
        "emb_size": 350,
        "emb_dropout": 0.1,
        "out_dropout": 0.5,
        "optimizer": "SGD",
        "lr": 0.5,
        "clip": 5.0,
        "train_batch_size": 64,
        "eval_batch_size": 128
    },
    "eval_ppl": 114.31980213527196,
    "best_val_loss": 4.764679347874343,
    "losses_train": [
        6.705254468006521,
        6.0762890810202075,
        5.883529399134474,
        5.756338446686753,
        5.659642063009178,
        5.582515202127191,
        5.518077267772866,
        5.462230533651728,
        5.414785280741086,
        5.3720956433054035,
        5.332335598193664,
        5.296756584071876,
        5.264895214676594,
        5.2332461585963035,
        5.205128911063703,
        5.179194426391525,
        5.155087559861781,
        5.132574560673079,
        5.109184775322675,
        5.088648507457094,
        5.068879217708764,
        5.0499140138584435,
        5.03254506089131,
        5.014333896688777,
        4.998087547576137,
        4.982304934666097,
        4.96744123047437,
        4.951363832258394,
        4.936946412456728,
        4.923556079634508,
        4.909775400654257,
        4.896805586911465,
        4.884766143971373,
        4.870795761692672,
        4.860165080801568,
        4.846928188830606,
        4.837371289001066,
        4.824513086629174,
        4.813808915423602,
        4.802853747748148,
        4.7927965141604245,
        4.78255551363874,
        4.773609151551385,
        4.76329682449894,
        4.751729456770127,
        4.7450840000961625,
        4.73507343894508,
        4.726961934322753,
        4.718290045071725,
        4.709363348922147,
        4.7010316261031395,
        4.693374893694893,
        4.6846084802337895,
        4.6763727552709415,
        4.669550241424568,
        4.659706360963203,
        4.653930126572553,
        4.6450996949013605,
        4.640100765218816,
        4.631502804290476,
        4.624395327238649,
        4.617497954685865,
        4.610260145293239,
        4.603753686073058,
        4.597758601801379,
        4.589432561955949,
        4.5820680946754955,
        4.577343938693243,
        4.570833161551766,
        4.565350333713346,
        4.559595217112257,
        4.553601553198213,
        4.549170030506518,
        4.5405005661538835,
        4.535672842148355,
        4.530534350235283,
        4.524543520543618,
        4.517449522354601,
        4.512448131330198,
        4.507348097664937,
        4.502391346696468,
        4.496442888209322,
        4.490710149515608,
        4.48732044504463,
        4.479951338775468,
        4.476327154558563,
        4.471657901295122,
        4.466881557248385,
        4.461751548960042,
        4.457016222456712,
        4.452470977997178,
        4.447767534802287,
        4.4414324015409345,
        4.436815454286669,
        4.432071411937961,
        4.427537137237274,
        4.423678532715957,
        4.418616614589916,
        4.416498765164987,
        4.4116950442728955
    ],
    "losses_dev": [
        6.127610213242737,
        5.892349966758862,
        5.727310134274222,
        5.642758280595166,
        5.540695713724428,
        5.478334075108325,
        5.417986820360225,
        5.379383626602678,
        5.3342523851488135,
        5.301548827570056,
        5.274168263980147,
        5.240426232974322,
        5.213456327858627,
        5.2036885316406805,
        5.170472788604116,
        5.15404024120081,
        5.130641767629458,
        5.120128778890378,
        5.104340292422131,
        5.081564840475831,
        5.070712704718799,
        5.054001526928097,
        5.045544036462033,
        5.032986454097261,
        5.019299921641924,
        5.014444689852962,
        5.001990764068937,
        4.9940942802488815,
        4.996104585279337,
        4.971761104704592,
        4.970074616367293,
        4.95621424080347,
        4.959666921293419,
        4.95078421894978,
        4.937539276153395,
        4.929822996486095,
        4.924603256743678,
        4.919505979242879,
        4.912295850018646,
        4.9133799467697825,
        4.907949557265769,
        4.901168940734213,
        4.892152476104116,
        4.886719159271115,
        4.880940861572578,
        4.876119869821264,
        4.877021230488173,
        4.87383382011161,
        4.868506712601222,
        4.860466789660729,
        4.859359211846498,
        4.853738948292548,
        4.850893376411777,
        4.850992420021488,
        4.843447957917495,
        4.841481021751581,
        4.8385385844158435,
        4.835635756199833,
        4.8365232224592445,
        4.826661647661688,
        4.823150039068049,
        4.825743583183868,
        4.819354118849002,
        4.821890143031236,
        4.812642870302955,
        4.813340684489984,
        4.811062022470788,
        4.805424264310893,
        4.802122459189427,
        4.8026014590029655,
        4.8010029500816875,
        4.802015701859728,
        4.799155104873295,
        4.794815180101488,
        4.793284291092485,
        4.791727069996182,
        4.791152321552245,
        4.788912824697666,
        4.787839382869104,
        4.787806322087211,
        4.786920215440315,
        4.781296275383133,
        4.778415631048889,
        4.780196862180796,
        4.781077252905686,
        4.776344733083091,
        4.777989961342609,
        4.77561265111122,
        4.777909147639491,
        4.771867862034291,
        4.772942614917779,
        4.775542180174741,
        4.771705228792264,
        4.771590258293082,
        4.769173824517865,
        4.767660554977181,
        4.770163011991228,
        4.766707237689125,
        4.764679347874343,
        4.765629682339022
    ]
}