{
    "trial_number": 26,
    "part_name": "Variational Dropout",
    "model_name": "LM_LSTM_VAR_DROPOUT",
    "parameters": {
        "n_epochs": 100,
        "patience_value": 5,
        "hid_size": 250,
        "emb_size": 500,
        "emb_dropout": 0.5,
        "out_dropout": 0.4,
        "optimizer": "SGD",
        "lr": 1.0,
        "clip": 5.0,
        "train_batch_size": 64,
        "eval_batch_size": 128
    },
    "eval_ppl": 100.89144315201565,
    "best_val_loss": 4.6432324662705105,
    "losses_train": [
        6.768016075957691,
        6.29345831845636,
        6.039360969382998,
        5.841900779182025,
        5.705697963941963,
        5.591839785954754,
        5.498919314410036,
        5.4128323094880155,
        5.341946530425459,
        5.27899164219521,
        5.222102650596524,
        5.170933803820253,
        5.122492424271875,
        5.079955186549567,
        5.042196234967788,
        5.0023479682535665,
        4.968786392087956,
        4.93581973910319,
        4.905364975177423,
        4.875940742723981,
        4.846778534821924,
        4.818768357401747,
        4.794601597141802,
        4.767438692563355,
        4.746098211635272,
        4.721432517306058,
        4.701070238780749,
        4.680405123164077,
        4.65945976791554,
        4.64150062287097,
        4.623076677223262,
        4.604418540874756,
        4.585545398253447,
        4.570020486937139,
        4.55513268273478,
        4.539343989468507,
        4.524744873384301,
        4.510215751368213,
        4.495145776419271,
        4.48097001053146,
        4.470738020758392,
        4.456501476268681,
        4.442563647080279,
        4.430232719781589,
        4.4186322361018995,
        4.406026256606251,
        4.395363478023915,
        4.384475796944032,
        4.373056246265244,
        4.362305196689593,
        4.351881358894506,
        4.341161220581347,
        4.332793344200148,
        4.322655079644347,
        4.312449651292004,
        4.304226841553694,
        4.293926702276471,
        4.284887607324399,
        4.276412318451263,
        4.2690504322636595,
        4.2608476297216304,
        4.249685888943746,
        4.242323231150331,
        4.234172903541977,
        4.225058473652911,
        4.2208591254254255,
        4.211961041819087,
        4.20544883688176,
        4.198470431152723,
        4.190827548610053,
        4.18384860321755,
        4.176753385656093,
        4.171495057459411
    ],
    "losses_dev": [
        6.578000200057271,
        6.135891939107117,
        5.89341897597315,
        5.7883974691229225,
        5.633405735012076,
        5.510982152172272,
        5.44344023032391,
        5.411294009824727,
        5.315698446823057,
        5.313978363570376,
        5.233668688234745,
        5.222532331030687,
        5.187196598304979,
        5.295693510597208,
        5.096779015518451,
        5.063126802180263,
        5.014292746217502,
        5.032237862544839,
        4.9832386414085805,
        4.9662567966752205,
        5.0059115535987,
        4.944952924110314,
        4.8945007627703685,
        4.92510306695287,
        4.899040203742097,
        4.878411462032959,
        4.861008789478708,
        4.865517271518504,
        4.838148375623757,
        4.809256963435858,
        4.804101694299172,
        4.803356647450809,
        4.786112057598736,
        4.772952763454059,
        4.779538969269428,
        4.764253803030438,
        4.753331022916963,
        4.754241373674794,
        4.720225311379013,
        4.725072468734462,
        4.738472948427955,
        4.7181432798515415,
        4.728347144036795,
        4.761315201744299,
        4.705885658529709,
        4.777131289733982,
        4.694106100553612,
        4.694040471502522,
        4.700100375475032,
        4.695656246115393,
        4.689461109255132,
        4.702525750783581,
        4.662899074020635,
        4.663932219986415,
        4.680212275747176,
        4.66275381052218,
        4.685681046557572,
        4.663309517454095,
        4.657258568888514,
        4.657363349230626,
        4.698895842027454,
        4.67814247379555,
        4.669203340595699,
        4.652167784231159,
        4.6502892090051855,
        4.663930832626705,
        4.653133171548693,
        4.6432324662705105,
        4.664548263192126,
        4.676950891350867,
        4.647967857927706,
        4.6478978240095365,
        4.644905809374556
    ]
}