{
    "trial_number": 24,
    "part_name": "Non-monotonically Triggered AvSGD",
    "model_name": "LM_LSTM_VAR_DROPOUT",
    "parameters": {
        "n_epochs": 100,
        "patience_value": 5,
        "hid_size": 300,
        "emb_size": 500,
        "emb_dropout": 0.4,
        "out_dropout": 0.1,
        "optimizer": "SGD",
        "lr": 1.0,
        "clip": 5.0,
        "train_batch_size": 64,
        "eval_batch_size": 128
    },
    "eval_ppl": 97.99187521529241,
    "best_val_loss": 4.688769545123597,
    "losses_train": [
        6.76204898231641,
        6.280845555977509,
        5.995553997508199,
        5.7868020818770765,
        5.634875805292607,
        5.508137454244024,
        5.4008404138625306,
        5.3083896681384255,
        5.227735150333057,
        5.152438717125707,
        5.087513392777983,
        5.024684834740942,
        4.967719891946904,
        4.916553091754032,
        4.864181877301821,
        4.81891304452831,
        4.770455726322059,
        4.725811429993142,
        4.6849047634956005,
        4.643960661211599,
        4.605546768393747,
        4.569187290778055,
        4.534633178576169,
        4.501897379940744,
        4.4701711532846025,
        4.439311303692851,
        4.410651427414204,
        4.380867427803552,
        4.354431030496337,
        4.326573691448925,
        4.3015051458603155,
        4.276252189281111,
        4.251690038855842,
        4.228987984507761,
        4.206110917018912,
        4.183252514134578,
        4.163061847541931,
        4.1385464450129446,
        4.118893815047067,
        4.098096622303395,
        4.076264217327132,
        4.057558773102871,
        4.037220849580705,
        4.019964764089695,
        3.9997379750341118,
        3.9811757486524146,
        3.962123942704717,
        3.9439473768294895,
        3.928543355629525
    ],
    "losses_dev": [
        6.434725377694807,
        6.141701674376687,
        5.8498123457256,
        5.738192292495383,
        5.576868287953722,
        5.467316767240996,
        5.38273269906947,
        5.3177703922454365,
        5.282901096791092,
        5.208294884971232,
        5.1727451242630345,
        5.149306299334511,
        5.0790673363359495,
        5.0474596750026635,
        5.036189437586572,
        4.968118792952657,
        4.994820257838027,
        4.896542664918224,
        4.924983851132973,
        4.8780699842506925,
        4.827316980894392,
        4.86844051473265,
        4.845545770661671,
        4.803239221324939,
        4.815225787243394,
        4.79600246173107,
        4.743745553512129,
        4.760465277438645,
        4.753394709664459,
        4.781983580320358,
        4.7471827025101225,
        4.735767818970646,
        4.7351367437224745,
        4.735893284846036,
        4.737506423475458,
        4.731840640649417,
        4.7563861901659505,
        4.69004513913553,
        4.7220826738750175,
        4.7349372691433445,
        4.688769545123597,
        4.700600927921669,
        4.71234623892332,
        4.726526553509909,
        4.7237499195331365,
        4.7356401194461215,
        4.726740664733982,
        4.733342540777277,
        4.734355237060928
    ],
    "ASGD_trigger_epoch": 36
}