{
    "trial_number": 7,
    "part_name": "Variational Dropout",
    "model_name": "LM_LSTM_VAR_DROPOUT",
    "parameters": {
        "n_epochs": 100,
        "patience_value": 5,
        "hid_size": 200,
        "emb_size": 400,
        "emb_dropout": 0.3,
        "out_dropout": 0.1,
        "optimizer": "SGD",
        "lr": 2.0,
        "clip": 5.0,
        "train_batch_size": 64,
        "eval_batch_size": 128
    },
    "eval_ppl": 107.04690206220249,
    "best_val_loss": 4.705555938620987,
    "losses_train": [
        6.631127299088798,
        6.029602851326496,
        5.722601755273823,
        5.499943637974803,
        5.328571225122887,
        5.19849226570103,
        5.089750261327856,
        4.995575245102925,
        4.913915910003475,
        4.8374637142693055,
        4.77100975475331,
        4.710813026808522,
        4.650396844559301,
        4.599068790450538,
        4.548589121508133,
        4.507887171156692,
        4.461583273829069,
        4.418564440489044,
        4.382668022853584,
        4.346484869769088,
        4.3131869570201715,
        4.278933997566971,
        4.249008679108398,
        4.21979012213281,
        4.191687849180634,
        4.163338421220682,
        4.136249638972613,
        4.110790030330762,
        4.084259056057993,
        4.060725773222366
    ],
    "losses_dev": [
        6.229833484925504,
        5.8692261349157375,
        5.621543545891639,
        5.500836009087761,
        5.394650139790365,
        5.241303557634252,
        5.143211100930974,
        5.132849674303435,
        5.008830440503356,
        4.981072695429038,
        4.949519779309917,
        4.9462468590176165,
        4.880847873788003,
        4.84361376127646,
        4.864977352740091,
        4.835606552277934,
        4.786467936174794,
        4.843738706891959,
        4.761543124134287,
        4.797061877352962,
        4.730738327865287,
        4.725494281580747,
        4.7493727330542335,
        4.733293768146665,
        4.705555938620987,
        4.713567281951449,
        4.798052417502042,
        4.744342090440314,
        4.722786731180743,
        4.759605405763869
    ]
}