{
    "trial_number": 23,
    "part_name": "Weight Tying",
    "model_name": "LM_LSTM_WEIGHT_TYING",
    "parameters": {
        "n_epochs": 100,
        "patience_value": 5,
        "hid_size": 300,
        "emb_size": 300,
        "optimizer": "SGD",
        "lr": 0.5,
        "clip": 5.0,
        "train_batch_size": 64,
        "eval_batch_size": 128
    },
    "eval_ppl": 126.01855887613772,
    "best_val_loss": 4.874809133987871,
    "losses_train": [
        7.002978945280628,
        6.5472313491645675,
        6.338418654480239,
        6.196674070639902,
        6.082275631739861,
        5.976010951324952,
        5.881307587460605,
        5.798932345888429,
        5.7262922937274645,
        5.660780741049696,
        5.601173011501015,
        5.548475330281404,
        5.499314769750606,
        5.455180302307285,
        5.414350387487481,
        5.376593129812567,
        5.342089200711811,
        5.308847459067011,
        5.278208214564157,
        5.24901855753021,
        5.221317735988678,
        5.194588593528092,
        5.169010703666128,
        5.144821652557274,
        5.12073527613103,
        5.098122139174851,
        5.07613580855215,
        5.054433424762952,
        5.034229993458878,
        5.0139177451226855,
        4.994049963125184,
        4.975497677147021,
        4.9565995775560925,
        4.938855069645343,
        4.921176452729752,
        4.903731837200849,
        4.8867231183939195,
        4.870302789358789,
        4.853491463410327,
        4.837362553949141,
        4.82145484952508,
        4.806648271230917,
        4.7912746581623615,
        4.776207351324707,
        4.760869185861919,
        4.7468075517144195,
        4.732274232162808,
        4.718390267707759,
        4.704078519376741,
        4.690657616793109,
        4.676890476495153,
        4.663809002751669,
        4.650696486650545,
        4.637271461527369,
        4.623937809408525,
        4.612020098823945,
        4.598719991099204,
        4.586576471517091,
        4.574431202348284,
        4.562005276991453,
        4.549875339824761,
        4.538545363728042,
        4.525969839091395,
        4.515031695577724,
        4.503274053825615,
        4.491962634663709,
        4.480163749714849,
        4.470228886437514,
        4.458433754655234,
        4.447208421706748,
        4.435940823657842,
        4.425225606763939,
        4.414455381186814,
        4.404081549034923,
        4.393332696920319,
        4.383110946884339,
        4.372500806949746,
        4.363290583937165,
        4.351992905584446,
        4.341762471003819,
        4.331742555508499,
        4.322312799737643,
        4.311645309834128
    ],
    "losses_dev": [
        6.578715966678949,
        6.629309354300593,
        6.233412456769871,
        6.144747254970078,
        6.025875687575472,
        5.918019236019854,
        5.882247809913961,
        5.755150239957736,
        5.733605167970415,
        5.638955964647855,
        5.60901879539441,
        5.555208897526282,
        5.504058075709884,
        5.483603440707576,
        5.450542124680353,
        5.441762031460879,
        5.405205033729489,
        5.375246936154816,
        5.343804329006251,
        5.338221718394836,
        5.331959433324602,
        5.2920405369859,
        5.301563831865322,
        5.269929921686319,
        5.2239581067312475,
        5.21385866911138,
        5.221157485305086,
        5.186321833323714,
        5.180679267962423,
        5.166085582613386,
        5.147625644844793,
        5.1214906389290915,
        5.140987676638638,
        5.112250365430548,
        5.099863969380416,
        5.09553007268655,
        5.087774218583517,
        5.108063910389881,
        5.065769875037736,
        5.046263153557412,
        5.034937851834423,
        5.0394580778741656,
        5.026707319543347,
        5.026774440006126,
        5.011753822453474,
        5.006323037551943,
        4.9962091644542905,
        4.996225479804482,
        4.987069453724339,
        4.9823894107827815,
        4.967275659772784,
        4.983043752053292,
        4.962726784755025,
        4.954117794608609,
        4.946789226485918,
        4.948692212305992,
        4.938030637341952,
        4.9731754000035515,
        4.938848048872798,
        4.928867244381748,
        4.941384066118234,
        4.91779263162159,
        4.91814558286866,
        4.917046800914991,
        4.918858068384625,
        4.9013701495129816,
        4.908122228055299,
        4.917426673877237,
        4.906367273516302,
        4.890555909486433,
        4.889864713005221,
        4.888960508250905,
        4.891590928387822,
        4.887105351656841,
        4.884248611530402,
        4.884951975156272,
        4.880638368598167,
        4.874809133987871,
        4.879369558775217,
        4.882825353887715,
        4.879703232659113,
        4.878875748896772,
        4.875838305168082
    ]
}