{
    "trial_number": 6,
    "part_name": "Baseline RNN",
    "model_name": "LM_RNN",
    "parameters": {
        "n_epochs": 100,
        "patience_value": 5,
        "hid_size": 300,
        "emb_size": 350,
        "optimizer": "SGD",
        "lr": 0.01,
        "clip": 5.0,
        "train_batch_size": 64,
        "eval_batch_size": 128
    },
    "eval_ppl": 262.7064397118539,
    "best_val_loss": 5.599109523170017,
    "losses_train": [
        8.896165075995212,
        7.410047945977187,
        6.878604544155595,
        6.704351134860501,
        6.59744040452064,
        6.520336273704637,
        6.460399491789904,
        6.4116775398991015,
        6.370523113447884,
        6.3347316919385985,
        6.3030389229571115,
        6.274527991521886,
        6.248709098421314,
        6.2249093902390555,
        6.202930538683133,
        6.182430557381657,
        6.16325239775325,
        6.145162315217013,
        6.128094522056931,
        6.111844643123488,
        6.096367719281232,
        6.081585435672679,
        6.067445343957876,
        6.053887815880704,
        6.040846400221538,
        6.028327248289375,
        6.016203038589085,
        6.004533611351811,
        5.993244755992214,
        5.982341633994857,
        5.971797136681524,
        5.961531493732507,
        5.951586245448177,
        5.941932189850879,
        5.9325135111719725,
        5.923340291325362,
        5.914427026712215,
        5.905750168371432,
        5.897230077192888,
        5.888933941977874,
        5.880785291416359,
        5.872849102203451,
        5.865052272379074,
        5.857398694874324,
        5.8498686864975795,
        5.842507973676374,
        5.835271671015369,
        5.828180024373614,
        5.82118943645077,
        5.8143312490562336,
        5.807570186946446,
        5.800918946640559,
        5.794371772939978,
        5.787937551058899,
        5.781587528263786,
        5.775307899625666,
        5.769142761284797,
        5.763038977945842,
        5.757071976365534,
        5.75115030787735,
        5.745318087726279,
        5.739538768426947,
        5.73387005334126,
        5.728226060195434,
        5.722670554185808,
        5.717209487017504,
        5.711769767553183,
        5.706395801569587,
        5.701108534729389,
        5.695833787648586,
        5.690654130214906,
        5.685526305639175,
        5.680418023173168,
        5.675418051736494,
        5.670421794085686,
        5.665507525058166,
        5.660618918349036,
        5.6557704539324805,
        5.650995122382376,
        5.646200470568807,
        5.641506706365925,
        5.6368451044164996,
        5.632231860333017,
        5.627635311477219,
        5.6230998795821865,
        5.618595456256778,
        5.614158953405984,
        5.6097251602462315,
        5.605359896380967,
        5.601000821645722,
        5.596699641326168,
        5.592434616528224,
        5.5881852718383875,
        5.584010347509876,
        5.579846931029214,
        5.575751065077204,
        5.571639026630838,
        5.567599838348249,
        5.56359252745716,
        5.559632428657313
    ],
    "losses_dev": [
        8.320576875266372,
        7.014769172478779,
        6.762676638638301,
        6.62965312816318,
        6.538773103701254,
        6.470463611219634,
        6.416050641959085,
        6.37135584305965,
        6.332620981928807,
        6.298851557505505,
        6.269059235542602,
        6.242235807865109,
        6.2173860727953185,
        6.195133329430228,
        6.1740435403422005,
        6.154931564320216,
        6.13680137420754,
        6.11962033930379,
        6.103335434720841,
        6.088149360649151,
        6.073728588877593,
        6.059728839157285,
        6.046168167974854,
        6.0334141354751205,
        6.021200035627397,
        6.009660698985119,
        5.9983694569430135,
        5.987242832067321,
        5.976708262947951,
        5.966513277864842,
        5.956850865490481,
        5.947352210119512,
        5.938189968667868,
        5.929322235935502,
        5.920626438692019,
        5.912085380613813,
        5.903898473848824,
        5.895864405566309,
        5.888234523724961,
        5.880539019769321,
        5.873437846839928,
        5.866085048479897,
        5.859254306642012,
        5.851909554968302,
        5.845496678938326,
        5.838688766104472,
        5.8322167122460575,
        5.825882235913304,
        5.8197574451271485,
        5.813727251462832,
        5.807590404520795,
        5.801747532164548,
        5.795718268031236,
        5.7902162630189835,
        5.784638903564072,
        5.779170007891302,
        5.7738510303088155,
        5.768537241451645,
        5.7633376739194135,
        5.758159423169129,
        5.752964142578403,
        5.74815200218204,
        5.743327909681773,
        5.738315198692108,
        5.733452856684632,
        5.728996525496342,
        5.724289526155615,
        5.719584906136792,
        5.71511441000586,
        5.7104958964674495,
        5.7068093348775575,
        5.702320088580143,
        5.697968107652454,
        5.69343252354072,
        5.6891886873024395,
        5.686086440001687,
        5.681535809973895,
        5.677173000703669,
        5.6732041669071425,
        5.669197263960168,
        5.6652047618069865,
        5.661419649120081,
        5.65765486125293,
        5.6538977940425665,
        5.650384402691699,
        5.646681421699638,
        5.642944977591366,
        5.639384735103087,
        5.635762803665293,
        5.632114061501101,
        5.628719865159735,
        5.625226632145457,
        5.622344496399524,
        5.618557920048125,
        5.615648210527952,
        5.612177535982561,
        5.609177301241298,
        5.605484836435839,
        5.602350471757796,
        5.599109523170017
    ]
}