{
    "trial_number": 23,
    "part_name": "LSTM",
    "model_name": "LM_LSTM",
    "parameters": {
        "n_epochs": 100,
        "patience_value": 5,
        "hid_size": 400,
        "emb_size": 450,
        "optimizer": "SGD",
        "lr": 0.1,
        "clip": 5.0,
        "train_batch_size": 64,
        "eval_batch_size": 128
    },
    "eval_ppl": 157.58789327491363,
    "best_val_loss": 5.089541895211056,
    "losses_train": [
        7.603675618591229,
        6.531565068785069,
        6.314370152352632,
        6.1792199567707184,
        6.077671674956481,
        5.995980131541926,
        5.926712662532652,
        5.865388311870516,
        5.810142154123003,
        5.7601097685976965,
        5.71424282164614,
        5.67177733700556,
        5.632714217969523,
        5.5959626636117585,
        5.561427637431214,
        5.528906665083077,
        5.498169051976971,
        5.468856901210221,
        5.441024602990383,
        5.414474595250544,
        5.388980851371454,
        5.36443723515212,
        5.340762901569091,
        5.317890377049921,
        5.2963721794979,
        5.275124047568481,
        5.254804157898574,
        5.2348273166123995,
        5.215513646641381,
        5.196910906072746,
        5.178567559970466,
        5.161067012329022,
        5.143942454232594,
        5.127027629782876,
        5.110629714887977,
        5.094625980884731,
        5.079199064994045,
        5.063882048017658,
        5.048862447523429,
        5.0344931182826125,
        5.019818107122909,
        5.005993845511365,
        4.991957916175367,
        4.978888611576242,
        4.965322784498633,
        4.952191690382694,
        4.939650771327821,
        4.927193353418535,
        4.914673623948424,
        4.902344468929312,
        4.890606887615189,
        4.878711035497039,
        4.867447864141606,
        4.855925483760757,
        4.844460003639707,
        4.833204718614614,
        4.822458454708982,
        4.811300109760336,
        4.800881490285309,
        4.790239198635781,
        4.780110678206941,
        4.769690282050763,
        4.759644607160675,
        4.750832878654837,
        4.7395606772112675,
        4.729909850680947,
        4.72002796664445,
        4.710408030755985,
        4.700774802050077,
        4.691443241403011,
        4.682130657402296,
        4.672886760276946,
        4.663702765251368,
        4.654291509695612,
        4.645580616772443,
        4.636831093607817,
        4.628000421514302,
        4.618863322779934,
        4.61046121369587,
        4.6017659921550305,
        4.593448127765662,
        4.584848439284549,
        4.576079805361662,
        4.5678009193049665,
        4.559538260644493,
        4.55134108844145,
        4.543361944860337,
        4.535078804723017,
        4.527289300092232,
        4.519437887906724,
        4.511227781625314,
        4.503080406461532,
        4.49543208590699,
        4.4881107016292,
        4.4799148770478325,
        4.472206496166307
    ],
    "losses_dev": [
        6.6965726180143665,
        6.379984838933087,
        6.226242262694896,
        6.108862835352589,
        6.029338710832061,
        5.950697280053541,
        5.8913008869668095,
        5.837366986887786,
        5.792012304215798,
        5.752434268284291,
        5.71533638755949,
        5.678497728059739,
        5.64262690456741,
        5.613150963049616,
        5.587640851694577,
        5.5616903784939264,
        5.538217611810094,
        5.519310444765325,
        5.498343041614132,
        5.474803542928239,
        5.457408313558833,
        5.446448837781023,
        5.425511325294786,
        5.4099456210487995,
        5.398230720971996,
        5.380057057942801,
        5.366328183269108,
        5.3520681024359815,
        5.345681274084565,
        5.326811801603122,
        5.318724049436621,
        5.309993894229915,
        5.298203979613581,
        5.287636641057857,
        5.282027642864754,
        5.26852730795612,
        5.261557150340957,
        5.253120962783243,
        5.25126900405331,
        5.238653006907941,
        5.2590160484221835,
        5.223885076116103,
        5.216453815627664,
        5.2122439766390825,
        5.208326953790933,
        5.199915724834405,
        5.195195906289956,
        5.189284373501652,
        5.183630799441061,
        5.176079788999236,
        5.17596966732224,
        5.170590513012324,
        5.165715358737924,
        5.161115470503622,
        5.1549381195948465,
        5.1546088367044325,
        5.1539170575321425,
        5.142748902043525,
        5.139303019616157,
        5.149692082449123,
        5.131507604950987,
        5.129465168669644,
        5.126569367430565,
        5.1223962032959225,
        5.117910515576165,
        5.127473308586536,
        5.121659168449886,
        5.117421388036742,
        5.118987696339146,
        5.108978242870081,
        5.111951410223398,
        5.104874800497674,
        5.115457184969456,
        5.1107037368256325,
        5.103920331701058,
        5.1018570572768684,
        5.106053549865037,
        5.099072404360971,
        5.104719506388514,
        5.093766384718177,
        5.094262039785037,
        5.128108871943369,
        5.098946355794502,
        5.101682950570038,
        5.091783389863617,
        5.0916316265849195,
        5.090725007824709,
        5.096493684183655,
        5.094686648161138,
        5.092987840069612,
        5.089541895211056,
        5.093343475857721,
        5.094439670385531,
        5.091150816266959,
        5.09293351800016,
        5.092914199016196
    ]
}