{
    "trial_number": 3,
    "part_name": "Variational Dropout",
    "model_name": "LM_LSTM_VAR_DROPOUT",
    "parameters": {
        "n_epochs": 100,
        "patience_value": 5,
        "hid_size": 300,
        "emb_size": 400,
        "emb_dropout": 0.1,
        "out_dropout": 0.5,
        "optimizer": "SGD",
        "lr": 0.1,
        "clip": 5.0,
        "train_batch_size": 64,
        "eval_batch_size": 128
    },
    "eval_ppl": 154.47982396648112,
    "best_val_loss": 5.08169390654967,
    "losses_train": [
        7.91265725278578,
        6.679372144412361,
        6.583121459136738,
        6.554444605839746,
        6.532903422458787,
        6.50150901748581,
        6.47232776496003,
        6.445888789291978,
        6.421767748573396,
        6.399189991457298,
        6.372482734223953,
        6.339370495378857,
        6.297379596594404,
        6.253396235085154,
        6.207455239118892,
        6.16370434076089,
        6.124324960039644,
        6.087516398766743,
        6.05220205059571,
        6.01769054736011,
        5.983733806128865,
        5.950058729838587,
        5.917380026584406,
        5.885847734193777,
        5.8560786859261444,
        5.8276838861447935,
        5.801375853454456,
        5.776257588512668,
        5.752957544060931,
        5.730795818207353,
        5.709440518819964,
        5.689222896190333,
        5.670178685425245,
        5.651155810733888,
        5.6333669679814316,
        5.614706165010946,
        5.597600986644481,
        5.580127222166868,
        5.5645816247138695,
        5.547387342037339,
        5.531298402563467,
        5.515868941638443,
        5.499611818998399,
        5.485087482801153,
        5.471188734651839,
        5.4555722586797035,
        5.442099752227906,
        5.428572699341592,
        5.413844692119169,
        5.400862626652762,
        5.3883410697752865,
        5.376251933027256,
        5.3631804830593035,
        5.352461450163647,
        5.34041432922287,
        5.328261205346815,
        5.317902959462355,
        5.306409389388211,
        5.2961591218972055,
        5.285279600425303,
        5.274051917425311,
        5.263783787418073,
        5.253682082490185,
        5.24408755726995,
        5.234641049523221,
        5.2251476688210055,
        5.21521751552705,
        5.205189391840431,
        5.197008350677711,
        5.188055162710554,
        5.178563031344248,
        5.169956576908123,
        5.161694495169082,
        5.152659676114769,
        5.143774509874253,
        5.136287485247858,
        5.1275457738213515,
        5.118518761540257,
        5.111067051141627,
        5.102939110583349,
        5.0938501109685195,
        5.08665072392288,
        5.07905137193782,
        5.071043947034988,
        5.063789520025275,
        5.05739327232805,
        5.048389756870977,
        5.042632870284716,
        5.033008510195167,
        5.026142189498125,
        5.018579820581965,
        5.011785668009861,
        5.0047277476023755,
        4.997947219388103,
        4.990974136320179,
        4.985100815950811,
        4.977460385186619,
        4.970528618311443,
        4.963453881323416,
        4.9569405258686485
    ],
    "losses_dev": [
        6.7942192258643805,
        6.576618577079485,
        6.540188460330391,
        6.522318622140929,
        6.498577727382707,
        6.461793604993163,
        6.45246830715478,
        6.412743828469065,
        6.393856396616174,
        6.370898395879209,
        6.336115109790098,
        6.299157067987285,
        6.25446753411795,
        6.2232218765538425,
        6.152736372797983,
        6.122038923486557,
        6.080850530581848,
        6.042640923837282,
        6.006573227065279,
        6.010373316300256,
        5.941149068193725,
        5.911311081285961,
        5.874643580353655,
        5.8546129363523765,
        5.831142209087317,
        5.795517100873259,
        5.767349980632458,
        5.754370384254244,
        5.727623663695127,
        5.722209027660623,
        5.689314368218586,
        5.666464685590993,
        5.639381835521292,
        5.635742125068813,
        5.624833773496324,
        5.602425090899808,
        5.594831481578082,
        5.587023365634767,
        5.563511974856603,
        5.550482780368749,
        5.518037694840798,
        5.518658371827941,
        5.499699761485118,
        5.483755530015805,
        5.47222143759323,
        5.464274398385335,
        5.447962051827319,
        5.441200143841455,
        5.432033462838738,
        5.411111197435715,
        5.407175694956226,
        5.38634320560005,
        5.387914265609462,
        5.382365381712601,
        5.381311793001491,
        5.3513669655224465,
        5.354218815205907,
        5.337014708510176,
        5.3356939906236684,
        5.334863475480359,
        5.31281857941025,
        5.313589604569186,
        5.296640022885886,
        5.283674827301463,
        5.310509249804659,
        5.28731765931329,
        5.269461368691398,
        5.256704825070589,
        5.255772685828509,
        5.239725283354347,
        5.240636737063149,
        5.2555849136285335,
        5.233574396332043,
        5.213593600165152,
        5.219396225216206,
        5.2129000659828275,
        5.188251942026122,
        5.183297368345113,
        5.197032826040631,
        5.182528999980022,
        5.161945097736717,
        5.191648920023707,
        5.195812920647464,
        5.158223637113315,
        5.165281545230147,
        5.1481803944985085,
        5.140972498923409,
        5.1366726202896364,
        5.125267233227376,
        5.144893933575437,
        5.1202741256304165,
        5.126268664150182,
        5.12068091337104,
        5.109631932081528,
        5.10644143482961,
        5.119974726468159,
        5.10668088617879,
        5.08169390654967,
        5.093060440603246,
        5.091006510046704
    ]
}