{
    "trial_number": 1,
    "part_name": "Baseline RNN",
    "model_name": "LM_RNN",
    "parameters": {
        "n_epochs": 100,
        "patience_value": 5,
        "hid_size": 200,
        "emb_size": 350,
        "optimizer": "SGD",
        "lr": 0.01,
        "clip": 5.0,
        "train_batch_size": 64,
        "eval_batch_size": 128
    },
    "eval_ppl": 285.9473842435966,
    "best_val_loss": 5.684592385392989,
    "losses_train": [
        9.004146355995761,
        7.889273538939035,
        7.0690504824133304,
        6.833845373364118,
        6.706868481055448,
        6.619025049506694,
        6.551752599646112,
        6.4974344875699215,
        6.45209275099335,
        6.413195415670669,
        6.379106973647046,
        6.348763436649101,
        6.3213942802612895,
        6.296466709449228,
        6.273583583303888,
        6.252461817846738,
        6.232800065270237,
        6.214458008429371,
        6.1972533730926385,
        6.181009425923591,
        6.165679110004363,
        6.1511154697953865,
        6.137237377062819,
        6.123985133658347,
        6.1113095612945285,
        6.0991455941219055,
        6.087455864011715,
        6.076233560122839,
        6.065368913745874,
        6.054881544912755,
        6.044768158246814,
        6.034944995050408,
        6.025415468713937,
        6.016174556014611,
        6.007171551063706,
        5.998415123551201,
        5.989879694169924,
        5.981562103659668,
        5.973444646034181,
        5.96553498266031,
        5.957789435762945,
        5.950212121237494,
        5.942830462984105,
        5.9356007750955655,
        5.928519218015194,
        5.9215868794814,
        5.914794658969061,
        5.908104942198197,
        5.901593106045524,
        5.895189494493397,
        5.888874556610679,
        5.882709936733464,
        5.876630771022598,
        5.870645028458062,
        5.864756950651819,
        5.858977184245086,
        5.853285378390087,
        5.847653475452042,
        5.842130270994577,
        5.8366985737014385,
        5.8313272304584105,
        5.826029648076286,
        5.820791684652847,
        5.815643135231835,
        5.810563301846441,
        5.805555124630804,
        5.80058266777017,
        5.795686671254991,
        5.790851787543731,
        5.786058286615363,
        5.781329433176147,
        5.776644252963528,
        5.772039370479257,
        5.767475244259304,
        5.762944227005734,
        5.758481579326371,
        5.754053306868426,
        5.749673754955289,
        5.745364761217577,
        5.741069214297828,
        5.736816628673824,
        5.732634737549093,
        5.728455925548809,
        5.724345782613437,
        5.720257024543843,
        5.716219036887854,
        5.712201992643384,
        5.7082612104229495,
        5.704320164616932,
        5.700413290112039,
        5.6965599044660475,
        5.692750757639509,
        5.688958526634543,
        5.685192079735475,
        5.68147680602201,
        5.677781933723506,
        5.674137812189621,
        5.670508051707666,
        5.666924962430392,
        5.663331209983908
    ],
    "losses_dev": [
        8.704236039276708,
        7.272734677444417,
        6.916279480006482,
        6.751288753118785,
        6.645828653306578,
        6.567915399082345,
        6.507018430796278,
        6.4570982664108,
        6.414513280917034,
        6.377938379308584,
        6.345844718932022,
        6.317154848489221,
        6.290888737080906,
        6.267292245658119,
        6.245415761183229,
        6.225298185222511,
        6.2065356712379245,
        6.189211890893593,
        6.172660002808016,
        6.157207243516035,
        6.142508458732153,
        6.128900194174865,
        6.115399436121519,
        6.102994615934437,
        6.090968406212264,
        6.079389051179144,
        6.068267490166394,
        6.057640474332736,
        6.04724135314187,
        6.037558317665417,
        6.027818497556027,
        6.018446494253001,
        6.009681093172858,
        6.001146472443707,
        5.992331285960364,
        5.9842947273671685,
        5.976150835689995,
        5.968334603692375,
        5.96088182525483,
        5.953610215185041,
        5.946319612160818,
        5.939283076320322,
        5.932354081667762,
        5.925743902276602,
        5.9192157990858965,
        5.912690449804216,
        5.906403289374379,
        5.900414903794928,
        5.894448965695589,
        5.888555877854631,
        5.882714580151655,
        5.877278710576786,
        5.871867411142385,
        5.866229486499325,
        5.860844366542655,
        5.855611564808567,
        5.850305337061816,
        5.845507132693742,
        5.840522598979791,
        5.835555511314196,
        5.830814556344563,
        5.825821885765912,
        5.821373767747105,
        5.8165594353224,
        5.812365273498544,
        5.807668235400536,
        5.803336627850192,
        5.798914356342786,
        5.794612535405419,
        5.790534162622976,
        5.786379159026939,
        5.782190740872283,
        5.778150423366689,
        5.7740779121790204,
        5.770046640258737,
        5.766146459957469,
        5.76251560779674,
        5.758507692077177,
        5.754748890667176,
        5.751101057223593,
        5.74754643354214,
        5.7435440950086125,
        5.740033443693174,
        5.736475386296438,
        5.733049766257636,
        5.729528133990091,
        5.726422598646825,
        5.722824925193565,
        5.719432476925434,
        5.716231262319754,
        5.712721908185644,
        5.709371878440652,
        5.706397781556329,
        5.702998243880079,
        5.699966384274222,
        5.69684158544138,
        5.6938057163659614,
        5.690585501869051,
        5.687558935040489,
        5.684592385392989
    ]
}