{
    "trial_number": 16,
    "part_name": "Weight Tying",
    "model_name": "LM_LSTM_WEIGHT_TYING",
    "parameters": {
        "n_epochs": 100,
        "patience_value": 5,
        "hid_size": 300,
        "emb_size": 450,
        "optimizer": "SGD",
        "lr": 6.0,
        "clip": 5.0,
        "train_batch_size": 64,
        "eval_batch_size": 128
    },
    "eval_ppl": 7.433218580126413e+44,
    "best_val_loss": 104.50178869512715,
    "losses_train": [
        147.9891706328483,
        167.75289121602572,
        176.81936774767757,
        187.7903307999645,
        189.24003480516305,
        196.81506379733335
    ],
    "losses_dev": [
        104.50178869512715,
        172.3194350227305,
        150.69167894942464,
        204.08035365463843,
        203.42305525465264,
        152.2858174101435
    ]
}