{
    "trial_number": 3,
    "parameters": {
        "n_epochs": 100,
        "patience_value": 5,
        "tied_size": 300,
        "optimizer": "SGD",
        "lr": 5.0,
        "clip": 5.0,
        "train_batch_size": 64,
        "eval_batch_size": 128
    },
    "eval_ppl": 255.70013563935584,
    "best_val_loss": 5.608462145057891,
    "losses_train": [
        6.708385016002862,
        6.024158921959266,
        5.787366077937142,
        5.6315809464349105,
        5.514019401889773,
        5.421216129046052,
        5.344242668657855,
        5.275541861980865,
        5.21471423200634,
        5.1607945745065535,
        5.111447924488233,
        5.064434231521216,
        5.021289947111447,
        4.980525703609494,
        4.942270865736495,
        4.904387518753284,
        4.868356203562815,
        4.834068659719593,
        4.801278484702144,
        4.768804652074095,
        4.73711189188286,
        4.705968586917333,
        4.676410995667621,
        4.64654018741259,
        4.6195016191443585,
        4.59190220118424
    ],
    "losses_dev": [
        6.312466287159043,
        6.112560017181063,
        5.9761498714749965,
        5.88130366307359,
        5.817512468201715,
        5.796376029143433,
        5.7445456577305904,
        5.743808539642972,
        5.694311741946654,
        5.707264472104081,
        5.667923348653484,
        5.655429411415418,
        5.655919912440954,
        5.659557389244299,
        5.634156837685573,
        5.642297351141853,
        5.62701305893948,
        5.659568182902845,
        5.634450070033918,
        5.665158278319896,
        5.608462145057891,
        5.645548115299581,
        5.609602561676463,
        5.6471516187158155,
        5.660692180119247,
        5.622697135490659
    ]
}