{
    "trial_number": 8,
    "parameters": {
        "n_epochs": 100,
        "patience_value": 5,
        "tied_size": 350,
        "optimizer": "SGD",
        "lr": 5.0,
        "clip": 5.0,
        "train_batch_size": 64,
        "eval_batch_size": 128
    },
    "eval_ppl": 271.1985158670894,
    "best_val_loss": 5.672493165866068,
    "losses_train": [
        6.696608973918453,
        5.959057065742217,
        5.709324031837059,
        5.546893802557358,
        5.423670001575194,
        5.32577169917191,
        5.244964587295179,
        5.173206221732416,
        5.111914044617659,
        5.05388882077982,
        5.00099203667628,
        4.951130131954339,
        4.906111371484798,
        4.861310777276803,
        4.820195231989743,
        4.7808848615220665,
        4.7424700380787215,
        4.705461446005845,
        4.6688070633297345,
        4.63450281309976,
        4.600599156019642
    ],
    "losses_dev": [
        6.305971369612605,
        6.111753690654301,
        5.944304305698608,
        5.919104983729046,
        5.8105216944212605,
        5.762355416307803,
        5.767847799980466,
        5.795013329752096,
        5.711910642658315,
        5.719713181415595,
        5.690884498696992,
        5.683146236315084,
        5.686564239749076,
        5.682285719518043,
        5.681731906332132,
        5.672493165866068,
        5.713386980683513,
        5.675856791736219,
        5.721378110182998,
        5.761293246776886,
        5.696097038042513
    ]
}