{
    "trial_number": 18,
    "part_name": "Weight Tying",
    "model_name": "LM_LSTM_WEIGHT_TYING",
    "parameters": {
        "n_epochs": 100,
        "patience_value": 5,
        "hid_size": 300,
        "emb_size": 300,
        "optimizer": "SGD",
        "lr": 5.0,
        "clip": 5.0,
        "train_batch_size": 64,
        "eval_batch_size": 128
    },
    "eval_ppl": 117.21570759850496,
    "best_val_loss": 4.803342073237054,
    "losses_train": [
        6.424729781728322,
        5.749119679687648,
        5.462284108271056,
        5.268234169763196,
        5.115168596143004,
        4.990480604044431,
        4.879721092146857,
        4.7836920308231266,
        4.696387879888005,
        4.617026039300172,
        4.542707690987971,
        4.4745907386192805,
        4.410680629384609,
        4.350553269439326,
        4.292194091220438,
        4.2381746223776915,
        4.184393932404485,
        4.133603500282232,
        4.084177913412192,
        4.036498884978548,
        3.9898033471263563,
        3.9434987111043855
    ],
    "losses_dev": [
        5.976593299385566,
        5.625860412745063,
        5.41492355093053,
        5.271882880203154,
        5.196270749351825,
        5.136445155728353,
        5.007706672201307,
        4.995490470503623,
        4.930545755400714,
        4.89077732515938,
        4.904355546442144,
        4.852600924869477,
        4.848990473833286,
        4.809228342205036,
        4.839767049818422,
        4.821106936854045,
        4.803342073237054,
        4.832611409146807,
        4.820343542173515,
        4.811736979906592,
        4.84627790812793,
        4.838726849128516
    ]
}