{
    "trial_number": 9,
    "part_name": "Non-monotonically Triggered AvSGD",
    "model_name": "LM_LSTM_VAR_DROPOUT",
    "parameters": {
        "n_epochs": 100,
        "patience_value": 5,
        "hid_size": 400,
        "emb_size": 450,
        "emb_dropout": 0.4,
        "out_dropout": 0.2,
        "optimizer": "SGD",
        "lr": 0.05,
        "clip": 5.0,
        "train_batch_size": 64,
        "eval_batch_size": 128
    },
    "eval_ppl": 198.0797342779909,
    "best_val_loss": 5.332040378826893,
    "losses_train": [
        8.715971831117598,
        7.015982175208044,
        6.701805044340269,
        6.614560944479827,
        6.581072375093398,
        6.5630050280479475,
        6.5501591579013105,
        6.538895975497486,
        6.527004115243068,
        6.512886938957286,
        6.494701475812898,
        6.477970974234204,
        6.465656080717597,
        6.453522793268074,
        6.441618997900811,
        6.4295934892720235,
        6.417636100239799,
        6.405673990543294,
        6.393240802352563,
        6.380633034306426,
        6.366144423952382,
        6.348679678396315,
        6.327296328276977,
        6.3029287805215235,
        6.2774198592049695,
        6.252070176266973,
        6.226381595733566,
        6.200140518863905,
        6.176961983803363,
        6.152819010977095,
        6.132492047382298,
        6.111749385431107,
        6.091305514080762,
        6.0722287117846125,
        6.052517235767125,
        6.0344665873088985,
        6.015312375132096,
        5.995714881375513,
        5.9771322399335745,
        5.958727420448157,
        5.938688458787648,
        5.9201717115682415,
        5.900832494787818,
        5.882663878114908,
        5.864203279868987,
        5.84656176448626,
        5.828631983892592,
        5.8123396579911635,
        5.79725021204107,
        5.781992984074788,
        5.768308364979967,
        5.752963138697881,
        5.738691555256953,
        5.724952178248488,
        5.712014052075904,
        5.699031144979322,
        5.686719361828256,
        5.6742668473040005,
        5.662328336477626,
        5.650124098469844,
        5.6379898417179355,
        5.627278149770735,
        5.615305227305265,
        5.604583961973719,
        5.59419809675068,
        5.582197877291667,
        5.57135799018667,
        5.561325890888155,
        5.550777011761009,
        5.540339380431882,
        5.530698833348172,
        5.5200276952203335,
        5.509624235079504,
        5.500447060058158,
        5.4909904275557295,
        5.48042164242308,
        5.472216781104877,
        5.462433591773789,
        5.4533818543437285,
        5.445171771243846,
        5.435730160138889,
        5.42740429812023,
        5.41883383253479,
        5.40967720055939,
        5.401295810924282,
        5.393140993056059,
        5.384706815831342,
        5.376823786572786,
        5.368778547512088,
        5.361279183199389,
        5.352784702240301,
        5.345462588251293,
        5.339290451423954,
        5.331564071284356,
        5.323770394865571,
        5.3182100585415935,
        5.309622680704732,
        5.302817360605749,
        5.296032991322383,
        5.289136391602529
    ],
    "losses_dev": [
        7.444852742865641,
        6.766115750750284,
        6.617119255775856,
        6.56891912608547,
        6.550200848065244,
        6.535843631242009,
        6.52700429776291,
        6.514803974397109,
        6.502222994210825,
        6.486113833419164,
        6.466280416474286,
        6.459815660127948,
        6.441117471076325,
        6.433576872769126,
        6.420815459515734,
        6.412523938891799,
        6.398457380864647,
        6.384173146098966,
        6.3751417742887835,
        6.359753589654514,
        6.34334285848265,
        6.327357366935556,
        6.309856746785765,
        6.280936248601542,
        6.251852763398565,
        6.226719923706315,
        6.2092814780819365,
        6.176635724845504,
        6.149045052564285,
        6.135000019423036,
        6.1087772560688665,
        6.085903599865482,
        6.066650751338525,
        6.062955928021559,
        6.033951376649293,
        6.03235786915977,
        6.003677065112676,
        5.969730467917584,
        5.958869591794378,
        5.938671021773779,
        5.951095466163961,
        5.907722196756464,
        5.880748469464768,
        5.872120951129422,
        5.879251681757441,
        5.821290775889242,
        5.827371712234958,
        5.790896208012946,
        5.784295858065333,
        5.77929773516302,
        5.756802169164654,
        5.737343505824691,
        5.724204619741352,
        5.712096507238688,
        5.709474806657551,
        5.701589650629528,
        5.688008640753747,
        5.671836514641639,
        5.659695750628196,
        5.651580272077887,
        5.6475679723016405,
        5.650090677830658,
        5.620794184354578,
        5.615798544826148,
        5.590761328901921,
        5.617813324091668,
        5.594572107743465,
        5.562259480383844,
        5.564594066872957,
        5.565359729886614,
        5.544459925837299,
        5.5353463321538925,
        5.543248656758329,
        5.514671592533563,
        5.515670137748171,
        5.508682929482171,
        5.505115722448146,
        5.500339972496981,
        5.472137876917886,
        5.484539575545621,
        5.463655615144196,
        5.4545056656995845,
        5.444071777274382,
        5.437631160987001,
        5.451384800031521,
        5.437365745200846,
        5.441916389102234,
        5.414171206570091,
        5.416944510883559,
        5.399226942359089,
        5.387025280191167,
        5.388452346136258,
        5.377430786011418,
        5.3752060090433655,
        5.382937147333162,
        5.365348395157782,
        5.35217782871546,
        5.3664997094868765,
        5.356766944101612,
        5.332040378826893
    ]
}