{"losses_train": [5.849801062398588, 5.143657156396382, 4.862515290305453, 4.669256195581812, 4.519735856694547, 4.394269693296463, 4.285105084165575, 4.189453697381244, 4.103625118278124, 4.024642922025322], "losses_dev": [5.412194558886205, 5.15513236382787, 5.048526055170301, 4.989775179746324, 4.959060943382405, 4.960605525631748, 4.9644278126220875, 4.980757771711625, 4.984454343101826, 4.997635286994779]}