{
    "trial_number": 6,
    "part_name": "LSTM with Dropout and AdamW",
    "model_name": "LM_LSTM_DROPOUT",
    "parameters": {
        "n_epochs": 100,
        "patience_value": 5,
        "hid_size": 200,
        "emb_size": 300,
        "emb_dropout": 0.1,
        "out_dropout": 0.3,
        "optimizer": "AdamW",
        "lr": 0.0005,
        "clip": 5.0,
        "train_batch_size": 64,
        "eval_batch_size": 128
    },
    "eval_ppl": 118.97876935929472,
    "best_val_loss": 4.88479755508373,
    "losses_train": [
        6.542044901809935,
        5.912947351179186,
        5.650600566036148,
        5.482069189030477,
        5.357699834113122,
        5.256754710982541,
        5.172739119002132,
        5.100251811552435,
        5.0376578166781805,
        4.981943741394954,
        4.933208788978017,
        4.88759219262965,
        4.846809709747634,
        4.8090190419946905,
        4.774005068031738,
        4.743019117134214,
        4.711122280640522,
        4.682821573329877,
        4.654741942241375,
        4.629578648300413,
        4.604991365538639,
        4.582123646300329,
        4.559516101778299,
        4.537741479920926,
        4.516933995818325,
        4.497768362666781,
        4.479639716748403,
        4.458959114575171,
        4.442548542806172,
        4.425662030802142,
        4.408912131527225,
        4.392681969557838,
        4.375228963110169,
        4.361723718690726,
        4.345682767063231,
        4.331926167115961,
        4.317004530804915,
        4.303823438439134,
        4.289521033951975,
        4.276393685735252,
        4.263369742219407,
        4.2514413730831695
    ],
    "losses_dev": [
        6.07221981438237,
        5.7383224753937885,
        5.549721196192641,
        5.426345086859817,
        5.332360754867968,
        5.2634101495906735,
        5.203788372982224,
        5.162661148767136,
        5.120715791594154,
        5.089976444019481,
        5.063057427257956,
        5.039016786497549,
        5.019552830380292,
        5.001476171542033,
        4.987451275926978,
        4.97336736896665,
        4.962537972035268,
        4.952232345015272,
        4.943242191662079,
        4.935455434121502,
        4.929087404494157,
        4.923928562906219,
        4.919255220912062,
        4.910970186194772,
        4.906514652738315,
        4.90556875088791,
        4.900082492408368,
        4.900360921628605,
        4.897755147936941,
        4.89617196934046,
        4.89420630260868,
        4.890128873230839,
        4.889321915455409,
        4.890161434563237,
        4.888306950838631,
        4.886947990381713,
        4.88479755508373,
        4.885634875226417,
        4.886752948416856,
        4.8879415827221555,
        4.888190780273299,
        4.8892094630141
    ]
}