{
    "trial_number": 27,
    "part_name": "Non-monotonically Triggered AvSGD",
    "model_name": "LM_LSTM_VAR_DROPOUT",
    "parameters": {
        "n_epochs": 100,
        "patience_value": 5,
        "hid_size": 400,
        "emb_size": 300,
        "emb_dropout": 0.5,
        "out_dropout": 0.5,
        "optimizer": "SGD",
        "lr": 2.0,
        "clip": 5.0,
        "train_batch_size": 64,
        "eval_batch_size": 128
    },
    "eval_ppl": 87.70226501913639,
    "best_val_loss": 4.583397410853815,
    "losses_train": [
        6.6158017848824295,
        6.060054364297499,
        5.809351143485188,
        5.630396218692883,
        5.491212641367825,
        5.378572926122986,
        5.2913565919138685,
        5.212668673527025,
        5.145448479921592,
        5.08708652453019,
        5.037280869854851,
        4.987571750992505,
        4.943899888988366,
        4.90368566073189,
        4.866636710012139,
        4.829232924165757,
        4.796096354998562,
        4.764474882862671,
        4.7359165144511515,
        4.708192621599639,
        4.684548283043005,
        4.660383103793139,
        4.636851943423922,
        4.613552890763558,
        4.592720629375984,
        4.572478844738685,
        4.553827209390111,
        4.535552841954306,
        4.518364863396706,
        4.502779755857236,
        4.48677329609808,
        4.472773762510985,
        4.45730890058717,
        4.442793473069597,
        4.429874524954882,
        4.416619733699711,
        4.402488655330143,
        4.39219123493206,
        4.380066084862104,
        4.369699954411695,
        4.358226635469353,
        4.347738351143985,
        4.336191753738896,
        4.32542749609858,
        4.31560479266413,
        4.308476107876728,
        4.297314555093689,
        4.287229516500256,
        4.279307241384997,
        4.270553440463126,
        4.261804862703447,
        4.254562499275829,
        4.245764022546828,
        4.239813217067114,
        4.229331709961937,
        4.2235014977754,
        4.216745778346965,
        4.20839113905959,
        4.200227352111961,
        4.194174825036451,
        4.189850982732246,
        4.182249995251356,
        4.1745702102948155,
        4.170514666615523,
        4.164137457772024,
        4.157193034159483,
        4.150129339825563,
        4.145583522762086,
        4.139057300988998,
        4.133188095405851,
        4.129677010335556,
        4.124150322818458,
        4.1185604477692275,
        4.113608362913473,
        4.109175590663978,
        4.112206834843031,
        4.104365006946809,
        4.095910455576734,
        4.091297393174386,
        4.084193074264712,
        4.079600025184582,
        4.0767523474598635,
        4.069449687257922,
        4.067897915309461,
        4.063393405230757,
        4.058213835295296,
        4.053486535885604,
        4.048363203540711,
        4.047418644893955,
        4.0426251443728365,
        4.03940074190718,
        4.036158934415138,
        4.031383461936526,
        4.027402195475968,
        4.023851971073212,
        4.020157490396501,
        4.016528693660498,
        4.013759044100294,
        4.010494268365997,
        4.007646843809762
    ],
    "losses_dev": [
        6.150244681695287,
        5.879026561834067,
        5.76281733772331,
        5.561009150192232,
        5.437101120209724,
        5.361438128751421,
        5.297965041587495,
        5.22709688321317,
        5.16762259681551,
        5.229321028932555,
        5.082099556655331,
        5.061926638915772,
        5.045736608926605,
        4.952955471580214,
        4.99008592751101,
        4.961435367905597,
        4.923421732656894,
        4.872147893654994,
        4.828172197977341,
        4.847742828182714,
        4.861697197366902,
        4.824331049831741,
        4.821243029904816,
        4.813969893739345,
        4.749873854318351,
        4.751789916003694,
        4.762507200396896,
        4.7346087701111665,
        4.709038377976719,
        4.717807628980058,
        4.717765716843213,
        4.679051881148778,
        4.678384512570589,
        4.683880107980981,
        4.680101515884714,
        4.689299717700046,
        4.679963584582327,
        4.677158502794698,
        4.695754790275608,
        4.653690557185858,
        4.634805032952568,
        4.656609908856017,
        4.638766902203349,
        4.631782787749502,
        4.6407228921011505,
        4.669041844988635,
        4.64915709573448,
        4.632208020437473,
        4.616089494967769,
        4.615539101623543,
        4.638057989138638,
        4.637519936359036,
        4.643417103037541,
        4.618293815316895,
        4.601252959238262,
        4.628966863745738,
        4.622800382800291,
        4.636078774839288,
        4.634711129510584,
        4.631419660218959,
        4.6487155823803095,
        4.61216002056622,
        4.635503575503445,
        4.604366777118997,
        4.601031904278839,
        4.597254429007139,
        4.625921345583534,
        4.58995586253818,
        4.61870255923471,
        4.597583462172805,
        4.596219007771434,
        4.610540472334938,
        4.6124421748472795,
        4.6024844907058,
        4.607234310903982,
        4.606387570588862,
        4.641865195528928,
        4.6397110212965265,
        4.610436898995774,
        4.5948709797090315,
        4.625061980295053,
        4.631943707602288,
        4.592874693948448,
        4.615508364669164,
        4.608891962969705,
        4.60638145233254,
        4.63962459572338,
        4.615849065529994,
        4.613334406687295,
        4.60523380063308,
        4.621379081334795,
        4.623319636855821,
        4.583397410853815,
        4.626295724601328,
        4.634457131694843,
        4.6669467237222975,
        4.653018894729365,
        4.608792745940031,
        4.627481584187207,
        4.6234111956598944
    ],
    "ASGD_trigger_epoch": 38
}