{
    "trial_number": 18,
    "part_name": "Non-monotonically Triggered AvSGD",
    "model_name": "LM_LSTM_VAR_DROPOUT",
    "parameters": {
        "n_epochs": 100,
        "patience_value": 5,
        "hid_size": 250,
        "emb_size": 350,
        "emb_dropout": 0.5,
        "out_dropout": 0.5,
        "optimizer": "SGD",
        "lr": 5.0,
        "clip": 5.0,
        "train_batch_size": 64,
        "eval_batch_size": 128
    },
    "eval_ppl": 5.485836664887144e+38,
    "best_val_loss": 89.47765141088934,
    "losses_train": [
        105.28714165701439,
        127.34718962909864,
        131.91998252107922,
        134.81571054488867,
        139.99255367191031,
        145.06860830157925,
        146.9359641999435,
        151.1758188440674
    ],
    "losses_dev": [
        155.7815712015201,
        115.41751746963347,
        89.47765141088934,
        172.3442201484586,
        127.69355155206705,
        148.71313352393807,
        150.80557296846143,
        151.54963129528343
    ],
    "ASGD_trigger_epoch": 7
}