{"losses_train": [5.916200754837706, 5.21408384897269, 4.936459063161425, 4.752547863118141, 4.60800468057344, 4.489043566202216, 4.385794567067962, 4.295530480534941, 4.211790338663623, 4.136508802617636, 4.067104499104446, 4.000810162973682, 3.9399444652615294, 3.8822990422234223], "losses_dev": [5.4456635089434755, 5.19288799179127, 5.1146715578495705, 5.061143800388905, 4.993162342173959, 5.010108559509963, 5.030248409530828, 4.9956798381672645, 4.992621438370152, 5.013719281081297, 5.009226011440723, 5.022614788755061, 5.073721166503144, 5.087375685633169]}