{
    "trial_number": 4,
    "part_name": "Weight Tying",
    "model_name": "LM_LSTM_WEIGHT_TYING",
    "parameters": {
        "n_epochs": 100,
        "patience_value": 5,
        "hid_size": 200,
        "emb_size": 400,
        "optimizer": "SGD",
        "lr": 10.0,
        "clip": 5.0,
        "train_batch_size": 64,
        "eval_batch_size": 128
    },
    "eval_ppl": 7.459932177673355e+172,
    "best_val_loss": 396.82993056542125,
    "losses_train": [
        376.0014942199451,
        449.4533682312743,
        467.34720475591735,
        500.5819289550228,
        535.5110573972922,
        545.1127513748082,
        552.3095060142924,
        562.4089066645878
    ],
    "losses_dev": [
        722.1017562864043,
        505.45461491334,
        396.82993056542125,
        489.79650562935075,
        416.28001713666714,
        586.2645581758773,
        516.4370853459299,
        596.4256188734195
    ]
}