{
    "trial_number": 20,
    "part_name": "Variational Dropout",
    "model_name": "LM_LSTM_VAR_DROPOUT",
    "parameters": {
        "n_epochs": 100,
        "patience_value": 5,
        "hid_size": 350,
        "emb_size": 450,
        "emb_dropout": 0.1,
        "out_dropout": 0.2,
        "optimizer": "SGD",
        "lr": 5.0,
        "clip": 5.0,
        "train_batch_size": 64,
        "eval_batch_size": 128
    },
    "eval_ppl": 3.99444893508992e+41,
    "best_val_loss": 96.60540659628498,
    "losses_train": [
        102.5103889238609,
        119.55497240534217,
        122.18254069369077,
        128.82229895834695,
        131.54636957126843,
        137.56273158614516,
        141.73179855477946,
        144.5487085283065
    ],
    "losses_dev": [
        115.25176194683193,
        100.03081226026424,
        96.60540659628498,
        164.63342560200311,
        156.3809359017616,
        123.02772277667282,
        222.36427382263105,
        127.84487331741015
    ]
}