{
    "trial_number": 16,
    "parameters": {
        "n_epochs": 100,
        "patience_value": 5,
        "hid_size": 350,
        "emb_size": 400,
        "emb_dropout": 0.3,
        "out_dropout": 0.3,
        "optimizer": "SGD",
        "lr": 0.5,
        "clip": 5.0,
        "train_batch_size": 64,
        "eval_batch_size": 128
    },
    "eval_ppl": 118.18651386283493,
    "best_val_loss": 4.810265643313148,
    "losses_train": [
        6.743004717952333,
        6.09589488645784,
        5.909373243134068,
        5.783852437263362,
        5.689826448598919,
        5.614304567705016,
        5.551124663779563,
        5.497872542587405,
        5.451694467789509,
        5.4096995387040545,
        5.371481290228214,
        5.338036668792619,
        5.306697816913367,
        5.27806869863866,
        5.251590483986105,
        5.226164222612092,
        5.20264474010346,
        5.181344333031214,
        5.160156882866405,
        5.141402531587499,
        5.12219334170262,
        5.104667234547518,
        5.089527907397186,
        5.073367420110961,
        5.057523257210265,
        5.043293472006452,
        5.028691659926717,
        5.015782862805483,
        5.0018659586687875,
        4.990161277550832,
        4.9769972416842245,
        4.9639134503005,
        4.953789654813672,
        4.942865913794679,
        4.931859186622461,
        4.921120092610247,
        4.910311216908429,
        4.901754304087095,
        4.890570789087569,
        4.882264998377452,
        4.873435371117152,
        4.863609607016923,
        4.854847868542061,
        4.845915987483009,
        4.838425021880275,
        4.82951980267088,
        4.821855118145903,
        4.813995725430215,
        4.8059505226749035,
        4.799558291439717,
        4.791454525559511,
        4.784731233208252,
        4.776727234388253,
        4.770331400711816,
        4.7632938393981075,
        4.756191428819192,
        4.751419855579477,
        4.742671447911782,
        4.73712790164232,
        4.73061738921684,
        4.725216941873597,
        4.718713324248734,
        4.712941449470885,
        4.707037516678294,
        4.701123290327195,
        4.695025484881442,
        4.688751384321828,
        4.683783161870535,
        4.678449987320858,
        4.674889735953344,
        4.668189725123238,
        4.662022809318419,
        4.658691496530465,
        4.653684680503611,
        4.648685715693908,
        4.642238474150799,
        4.638069604087145,
        4.634067708787711,
        4.62769121697992,
        4.623925243875458,
        4.619050241981553,
        4.6150619067100935,
        4.611324703543586,
        4.604059165426107,
        4.601349121465673,
        4.595730253492143,
        4.59180059364385,
        4.58787614856212,
        4.583205136222208,
        4.579014299661379,
        4.574039888829019,
        4.5718931381711245,
        4.56637760736569,
        4.562693858027099,
        4.558976602676872,
        4.555667249332294,
        4.55099209833129,
        4.547762985055933,
        4.543651053765639,
        4.540264988046133
    ],
    "losses_dev": [
        6.194001063549954,
        5.891965931717484,
        5.754240138924652,
        5.644962198609977,
        5.570578880001154,
        5.518158943142669,
        5.4516004304144765,
        5.399447255081066,
        5.370036602711234,
        5.332299315643202,
        5.301846638205444,
        5.271082609501527,
        5.271334387541732,
        5.224545840862072,
        5.210186147601754,
        5.196765370835701,
        5.1695046543143555,
        5.172082250730306,
        5.1661520579539,
        5.127607937972813,
        5.116483740976612,
        5.099349917923799,
        5.092603014233201,
        5.085992959704415,
        5.0748812558824055,
        5.055770459116174,
        5.053679208583428,
        5.038969872928949,
        5.042904348762253,
        5.023904346542477,
        5.022965020777099,
        5.016445331923036,
        5.003963388409664,
        4.9996551578704365,
        4.987041907697294,
        4.97822749119859,
        4.973480549771807,
        4.96887958633373,
        4.963426055669751,
        4.957316380167637,
        4.961873794384412,
        4.9496353533105735,
        4.94149126740304,
        4.943363897792655,
        4.935120560171455,
        4.931542850824425,
        4.924634944039458,
        4.920708979657977,
        4.923349985349481,
        4.909789820553345,
        4.906012588069594,
        4.9082473054699705,
        4.903197323061692,
        4.902707626704788,
        4.899803764905792,
        4.891815992816807,
        4.891052736872248,
        4.886757852733432,
        4.883474617421687,
        4.8805193192614365,
        4.878520106171864,
        4.874916064737533,
        4.872920750128747,
        4.870024706101719,
        4.866717642886951,
        4.861419434079326,
        4.864279677289033,
        4.859873304923906,
        4.860235308693085,
        4.857715495809064,
        4.855103381883524,
        4.855403315179269,
        4.849972134880221,
        4.847810850429305,
        4.844896881714821,
        4.843358584204966,
        4.841726216769961,
        4.839714101235083,
        4.834628449808656,
        4.841560892050096,
        4.837478350251723,
        4.8336645330924135,
        4.831070753125444,
        4.82902382179864,
        4.833676145293188,
        4.82517396103406,
        4.826924878356301,
        4.832569816102696,
        4.8225092314915114,
        4.822643021525163,
        4.821335303199141,
        4.819583109505967,
        4.818789428762964,
        4.816286097712299,
        4.817063511662701,
        4.813557834031823,
        4.816945246184206,
        4.810950173530952,
        4.810265643313148,
        4.813849248938947
    ]
}