{
    "trial_number": 9,
    "part_name": "Weight Tying",
    "model_name": "LM_LSTM_WEIGHT_TYING",
    "parameters": {
        "n_epochs": 100,
        "patience_value": 5,
        "hid_size": 300,
        "emb_size": 450,
        "optimizer": "SGD",
        "lr": 3.0,
        "clip": 5.0,
        "train_batch_size": 64,
        "eval_batch_size": 128
    },
    "eval_ppl": 117.07058208200415,
    "best_val_loss": 4.804804287940404,
    "losses_train": [
        6.587549469804651,
        5.89459341287819,
        5.539560307077478,
        5.29451386189258,
        5.1131467576164304,
        4.9670209623299995,
        4.842299788665011,
        4.727645540121215,
        4.624157896195217,
        4.525774838041485,
        4.435517144059386,
        4.354145095510079,
        4.2767780833773905,
        4.202733439801115,
        4.129502964253004,
        4.062308700203898,
        3.990635997337543,
        3.9243176563367417,
        3.8542677513395023,
        3.787600133667204
    ],
    "losses_dev": [
        6.072140554522127,
        5.727166285882672,
        5.656303905861539,
        5.358218261094438,
        5.169306913934863,
        5.166861054260194,
        5.033197013680477,
        4.980210603978725,
        4.916732480699052,
        4.917757031971427,
        4.858614026262164,
        4.908608802852855,
        4.820421449358041,
        4.947838105110812,
        4.804804287940404,
        4.8161650505775855,
        4.925070665166838,
        4.869725667652987,
        4.862304070124929,
        4.892472526115659
    ]
}