{
    "trial_number": 13,
    "part_name": "Variational Dropout",
    "model_name": "LM_LSTM_VAR_DROPOUT",
    "parameters": {
        "n_epochs": 100,
        "patience_value": 5,
        "hid_size": 350,
        "emb_size": 450,
        "emb_dropout": 0.5,
        "out_dropout": 0.4,
        "optimizer": "SGD",
        "lr": 3.0,
        "clip": 5.0,
        "train_batch_size": 64,
        "eval_batch_size": 128
    },
    "eval_ppl": 98.71310374042885,
    "best_val_loss": 4.615796706574531,
    "losses_train": [
        6.556722516896673,
        5.9414330576407135,
        5.660892427853106,
        5.458064422416627,
        5.311884465154337,
        5.1996859895580885,
        5.104415663187347,
        5.022834037508685,
        4.954154618181265,
        4.888285738397802,
        4.831085767063222,
        4.778129558852197,
        4.728519663666812,
        4.687073238555831,
        4.642463078464815,
        4.606133248447021,
        4.571587524157076,
        4.539619358542452,
        4.509282312320754,
        4.479357141058732,
        4.452715015548811,
        4.429675278147443,
        4.40477805970449,
        4.382879395729065,
        4.360272666852752,
        4.338498608095039,
        4.3195076853140675,
        4.299481424924043,
        4.281682035925183,
        4.26320489224421,
        4.248063305762592,
        4.22994718520544,
        4.216733456626117,
        4.201743170898878,
        4.185350542427399,
        4.174013416251995,
        4.160089437194045
    ],
    "losses_dev": [
        6.111276015769286,
        5.821546924112534,
        5.6106584117839,
        5.429118300994904,
        5.303802815396807,
        5.18855344303834,
        5.132995950574478,
        5.06172894709387,
        4.987037308599854,
        4.978798667191273,
        4.932851373819079,
        4.890052367279621,
        4.944401171153573,
        4.828388896627273,
        4.821246879828012,
        4.803088450008435,
        4.758735801760726,
        4.77209898922521,
        4.774010743158652,
        4.7229343323803095,
        4.748815278049084,
        4.736104551982703,
        4.69921961016302,
        4.731579400815989,
        4.681400556275749,
        4.728622507192073,
        4.675397776839306,
        4.773082363661387,
        4.659153112624751,
        4.670924415810573,
        4.68075530221134,
        4.615796706574531,
        4.645547511798107,
        4.663768462983023,
        4.639592741944434,
        4.627421185482224,
        4.636075500670372
    ]
}