{
    "trial_number": 6,
    "part_name": "Non-monotonically Triggered AvSGD",
    "model_name": "LM_LSTM_VAR_DROPOUT",
    "parameters": {
        "n_epochs": 100,
        "patience_value": 5,
        "hid_size": 350,
        "emb_size": 450,
        "emb_dropout": 0.3,
        "out_dropout": 0.5,
        "optimizer": "SGD",
        "lr": 0.1,
        "clip": 5.0,
        "train_batch_size": 64,
        "eval_batch_size": 128
    },
    "eval_ppl": 156.41370579210724,
    "best_val_loss": 5.0959104936558814,
    "losses_train": [
        7.884924074490966,
        6.671529660461221,
        6.581156945736591,
        6.553882345150786,
        6.531713724691082,
        6.4980326963056285,
        6.469076564951086,
        6.444602530084643,
        6.422049186875129,
        6.399422141795728,
        6.373685117422121,
        6.339797162770398,
        6.2981536502757525,
        6.254705888356907,
        6.209691512552464,
        6.167284209449283,
        6.128312547179094,
        6.092919088335445,
        6.058391426084483,
        6.025484363140458,
        5.992466228413513,
        5.9591689088456565,
        5.9257681402235205,
        5.89417904439158,
        5.865009268433335,
        5.836946754910224,
        5.810297099213492,
        5.785691390028043,
        5.761981361625313,
        5.739896020098519,
        5.719076767197789,
        5.699625735180973,
        5.679766691590638,
        5.661018752280885,
        5.642865014178502,
        5.62418365224495,
        5.607212194091038,
        5.590479494260708,
        5.574044218207031,
        5.556359494329667,
        5.541528333679098,
        5.525091546549446,
        5.510429153809381,
        5.495440111969609,
        5.481556221779049,
        5.466984232450534,
        5.452324720865409,
        5.438877042099752,
        5.42606049123531,
        5.412700774418283,
        5.400345948901402,
        5.387155245262826,
        5.376132513584558,
        5.363724021535125,
        5.353393771925071,
        5.341474162505416,
        5.331526439049396,
        5.319772399281859,
        5.309042159899291,
        5.298850062334235,
        5.288249688805788,
        5.279594927745174,
        5.269211496889887,
        5.259178405176229,
        5.249642955801679,
        5.240428173771208,
        5.231367946195053,
        5.222219940492417,
        5.2131731909393215,
        5.204590443874182,
        5.196182649987142,
        5.187810565464201,
        5.178556044702938,
        5.170745705209307,
        5.161894173406424,
        5.153959549412732,
        5.14613075335251,
        5.13834217497815,
        5.129924416033663,
        5.12255649323719,
        5.115934368695618,
        5.108137157678101,
        5.100625930261591,
        5.09345375492724,
        5.086204261756554,
        5.077765302406178,
        5.070508822524336,
        5.065345514823473,
        5.0574561692446185,
        5.049964577820684,
        5.044025659675864,
        5.036610778907598,
        5.030527318556358,
        5.023244712377953,
        5.015575572246394,
        5.010025987623822,
        5.0037551108912055,
        4.99715531407666,
        4.989479637359722,
        4.984994930302338
    ],
    "losses_dev": [
        6.779031771369779,
        6.573004505034451,
        6.537599938456723,
        6.5217622631499506,
        6.492889115552635,
        6.460058621497194,
        6.438847695096072,
        6.421234594757778,
        6.39737390842538,
        6.3642403248308534,
        6.336097601310556,
        6.300705125572702,
        6.264205932183637,
        6.212976821658794,
        6.165283903741654,
        6.121342434228051,
        6.095504246985545,
        6.045804693604382,
        6.034379134331936,
        5.988745176150288,
        5.955513533971445,
        5.911526017989061,
        5.884372745540471,
        5.850342088220539,
        5.820707592298267,
        5.800015295640804,
        5.775429235220734,
        5.74863592712255,
        5.74091787163482,
        5.710203364735758,
        5.689743818480076,
        5.6759549751829095,
        5.6585185897877,
        5.65580308287976,
        5.643951971826609,
        5.613753909579663,
        5.620360967411475,
        5.589386760648264,
        5.5627388201005115,
        5.588545396352021,
        5.5346955286506425,
        5.515450220423711,
        5.506069053609799,
        5.4924231777307675,
        5.47707859781219,
        5.463839585978566,
        5.463348765860296,
        5.453444911275572,
        5.4368275883692645,
        5.4272106536462035,
        5.398935853481496,
        5.401605979853318,
        5.387889612227411,
        5.384111984346143,
        5.391603553361184,
        5.393902096245028,
        5.357971186203651,
        5.347754925959387,
        5.338509491482721,
        5.327582854509252,
        5.321040170167993,
        5.307942974243945,
        5.311946353297254,
        5.289555706376971,
        5.299230209591206,
        5.2988810666465405,
        5.277327968783297,
        5.271301160276673,
        5.2758263946849695,
        5.270301026535197,
        5.244106738739078,
        5.2384269505167635,
        5.2349434845148455,
        5.227824699053932,
        5.227183100682359,
        5.240080107537026,
        5.220153605692392,
        5.197804503258631,
        5.196836951659948,
        5.197675194396843,
        5.20863290822782,
        5.19714269105608,
        5.1696652897584,
        5.1565226994246345,
        5.157990879774737,
        5.151441744210826,
        5.162006724255043,
        5.149544779531894,
        5.143033817170408,
        5.145867041549758,
        5.138958184423391,
        5.138683764672717,
        5.138171308679766,
        5.1083513782586305,
        5.108809852085257,
        5.112728636880239,
        5.098186041052529,
        5.115789187084902,
        5.125267711866476,
        5.0959104936558814
    ]
}