{
    "trial_number": 6,
    "parameters": {
        "n_epochs": 100,
        "patience_value": 5,
        "hid_size": 350,
        "emb_size": 350,
        "emb_dropout": 0.1,
        "out_dropout": 0.5,
        "optimizer": "SGD",
        "lr": 0.5,
        "clip": 5.0,
        "train_batch_size": 64,
        "eval_batch_size": 128
    },
    "eval_ppl": 115.96727586084795,
    "best_val_loss": 4.788859258739256,
    "losses_train": [
        6.710634964638141,
        6.091710773086518,
        5.904601059210694,
        5.780294439752636,
        5.687852268545675,
        5.614587165696706,
        5.552764574290003,
        5.499432965204654,
        5.45282296056875,
        5.411565909213932,
        5.374761576693472,
        5.340719915364499,
        5.3099857232135355,
        5.281131787409234,
        5.2542772861026705,
        5.2300773481527045,
        5.206462992998122,
        5.183611827684781,
        5.164604852931961,
        5.14437750985414,
        5.127275448954295,
        5.107992726512742,
        5.0913200195795,
        5.076290682415867,
        5.0599409827619795,
        5.0451199000500635,
        5.0308734322438395,
        5.0165887633082855,
        5.004295545195117,
        4.990928011431153,
        4.978514204359224,
        4.966116771762943,
        4.9544013839414385,
        4.942158057240911,
        4.9320992457404635,
        4.920230206237596,
        4.9101034973855,
        4.900381235954658,
        4.8902960838986935,
        4.88082963508109,
        4.871465413166037,
        4.862180025644507,
        4.853823589962792,
        4.844239529785379,
        4.834688021410164,
        4.8269659855411255,
        4.818331459438919,
        4.811367144421418,
        4.8027404471242034,
        4.794947112466268,
        4.786928593203405,
        4.780567040754859,
        4.772955165235017,
        4.765565881068597,
        4.759305446977926,
        4.751278795255533,
        4.744384988311549,
        4.7386029803697465,
        4.730418712108063,
        4.724324455628142,
        4.719089976629533,
        4.712009735101276,
        4.705988750837548,
        4.700826845460364,
        4.693931424624389,
        4.689136729248009,
        4.6838997821830874,
        4.677249409797002,
        4.670872428533763,
        4.665109684336918,
        4.661028224099438,
        4.653778371839915,
        4.650777620004823,
        4.644398905074158,
        4.638970333375977,
        4.63277538925889,
        4.628887316742386,
        4.622598587216488,
        4.618357189091786,
        4.613302933323853,
        4.607739288073831,
        4.603287861377423,
        4.598946843185978,
        4.595244868936504,
        4.590619464033103,
        4.586117123691579,
        4.5824290156680485,
        4.5776351324698545,
        4.572131337343702,
        4.5681355394625385,
        4.564161925861447,
        4.55918161349196,
        4.554410170442633,
        4.550580734440303,
        4.546829463042115,
        4.543045175802308,
        4.538266630338885,
        4.533265425669316,
        4.528867144708985,
        4.52578273837412
    ],
    "losses_dev": [
        6.14355368166421,
        5.887019626700348,
        5.749108669943795,
        5.651221112396114,
        5.572592743609266,
        5.502793885794769,
        5.44442727432652,
        5.4129587374249715,
        5.366286999496111,
        5.340681416982615,
        5.303433569609941,
        5.277001876820216,
        5.244860255418472,
        5.233165478994264,
        5.203242238832309,
        5.18522063736415,
        5.163647838993021,
        5.147753170949354,
        5.137650070699851,
        5.120675495731372,
        5.113357589468053,
        5.08991612855608,
        5.079540051410001,
        5.067015245418383,
        5.059622733886649,
        5.047625499172024,
        5.043141691324673,
        5.028959642538447,
        5.016822270619495,
        5.014167016743767,
        5.002016444097173,
        4.997631610491547,
        4.9876794341681165,
        4.984999311869584,
        4.9838996350689015,
        4.967247780779408,
        4.958163758668223,
        4.9561895319270315,
        4.949548775127859,
        4.944698406034682,
        4.937746797418845,
        4.931021633654905,
        4.928269826480146,
        4.9206581259878,
        4.922090387595007,
        4.914305551547628,
        4.913541005358538,
        4.90513820461225,
        4.897995910341046,
        4.898847006965656,
        4.894793065587708,
        4.892720488916661,
        4.887564359616955,
        4.879566383497301,
        4.879289508119939,
        4.874776413109107,
        4.873530036892669,
        4.868604604702372,
        4.865125689240304,
        4.864040170445465,
        4.860824131901282,
        4.858245134252025,
        4.855270045405509,
        4.850313099339394,
        4.849941314684259,
        4.850270382533918,
        4.843454582560112,
        4.845882906008044,
        4.8426404035773905,
        4.835735909697312,
        4.836850472867684,
        4.834951309223611,
        4.834841465018557,
        4.828554214410339,
        4.831677993533794,
        4.821689752794698,
        4.819361534286653,
        4.821101158500852,
        4.82268971311621,
        4.823290432933922,
        4.815857521487427,
        4.815461166691824,
        4.812148449986237,
        4.810628888769267,
        4.807495217771079,
        4.808232127754741,
        4.8065472765019,
        4.80431113705782,
        4.803024451105005,
        4.799936209200526,
        4.80610323121626,
        4.798141090597919,
        4.796456627805796,
        4.793976146569559,
        4.794397584828722,
        4.79958658761676,
        4.793603779223345,
        4.794087835963027,
        4.792128037762821,
        4.788859258739256
    ]
}