{"losses_train": [7.820904894161949, 6.634598423170493, 6.409744430294638, 6.280083527435881, 6.183896188180716, 6.106811946246391, 6.042633192131705, 5.988003807408306, 5.939688612150327, 5.895964351863549, 5.855853594231611, 5.818841437989277, 5.784493628628676, 5.752616673279994, 5.722705515006353, 5.694546178004825, 5.667980116151854, 5.642720190729167, 5.618721213387485, 5.595836966849087, 5.57408749293829, 5.553113916916056, 5.533129836574413, 5.513812465712511, 5.495151623561177, 5.47745671515322, 5.460099143031162, 5.443408926365676, 5.427213962100437, 5.411552810549779, 5.396291861584799, 5.381564023276936, 5.367201586632324, 5.3534010443083835, 5.339774143985406, 5.326669855772116, 5.31353882968029, 5.3009029005875306, 5.288899400489664, 5.276721600729485, 5.264866307294589, 5.253384111002587, 5.242058391306688, 5.231107205240657, 5.220633572310388, 5.209613826265386, 5.199409101412538, 5.189188819309865, 5.1790784531389376, 5.169316851349069, 5.16006170122869, 5.150051110530521, 5.140780735566247, 5.131624961591597, 5.122538680359203, 5.113501392161892, 5.104748934563548, 5.096116834665297, 5.087506162486978, 5.0792849577800245, 5.0709317014249615, 5.062683094517067, 5.054820646611709, 5.046811417156381, 5.0402035031391215, 5.031414199803102, 5.023662602002031, 5.016309145772203, 5.008843383596548, 5.001528975829869, 4.9948438676152085, 4.986978917118658, 4.979962889554838, 4.972911230814005, 4.966101950646845, 4.9592612702681205, 4.952648829971431, 4.945783306114631, 4.939097210064505, 4.93275770054765, 4.926306572846792, 4.919853901074683, 4.913561231716291, 4.907330886528955, 4.901944191141611, 4.894990844633271, 4.888991902619441, 4.882724742031837, 4.876789455053332, 4.871089056627352, 4.865062436799703, 4.859377579879428, 4.853758620696497, 4.848025017942181, 4.842406655514757, 4.836761649527373, 4.831177899481932, 4.825718721490225, 4.820274924757418, 4.814780031852701], "losses_dev": [6.81755873664805, 6.474718414536422, 6.317266850038624, 6.209676528759412, 6.1268359694092736, 6.0568517534006965, 6.001447730667975, 5.951730779796047, 5.909538285301091, 5.870578762075579, 5.835859121113173, 5.803865759906858, 5.774640930496608, 5.746363154445323, 5.723201260388549, 5.702250214208339, 5.674639563947293, 5.656739217717805, 5.639007158221161, 5.621005409870454, 5.6003696203739874, 5.585609805636454, 5.575121983602518, 5.555605120522713, 5.539652967229454, 5.535636685730839, 5.512738799290116, 5.500682019096729, 5.490503425668597, 5.477811900660606, 5.467812554107029, 5.453266087545727, 5.444145543190173, 5.43379777511898, 5.428921212674474, 5.41866158356567, 5.407657663719545, 5.401704752927884, 5.394395330369193, 5.3848659935382335, 5.373818295556453, 5.364397845652348, 5.362068995895635, 5.350845998077674, 5.344559441149311, 5.339505366029887, 5.330515788430974, 5.32669505528351, 5.323082349787789, 5.318685321290311, 5.306507084691096, 5.3014096129599375, 5.29492948466801, 5.291996259400749, 5.2866025586242715, 5.279775756887964, 5.2763395790417675, 5.2717935273010195, 5.2707801997687, 5.259868123135389, 5.255301836753268, 5.252054457753232, 5.248556764377486, 5.241555044328917, 5.238596326326982, 5.235252775551836, 5.236632060828509, 5.2280728214013, 5.231928106742346, 5.221577883044467, 5.215943953997372, 5.2135537274470805, 5.212240563734195, 5.204845485586997, 5.208615427495472, 5.199168617756873, 5.197131744787967, 5.194107702954077, 5.192323724849943, 5.186557566548871, 5.182372498867914, 5.181612406103495, 5.17819905726133, 5.174193874640396, 5.173220107670212, 5.173137081128356, 5.16824362064258, 5.164516138878037, 5.163183940589928, 5.160329420239026, 5.159115487429411, 5.157049285676233, 5.156724837734409, 5.154653717791057, 5.150086057922823, 5.145914586367026, 5.1465869563769715, 5.146551453841988, 5.143945354120791, 5.140422542597492]}