{
    "trial_number": 16,
    "part_name": "LSTM with Dropout and AdamW",
    "model_name": "LM_LSTM_DROPOUT",
    "parameters": {
        "n_epochs": 100,
        "patience_value": 5,
        "hid_size": 350,
        "emb_size": 450,
        "emb_dropout": 0.3,
        "out_dropout": 0.5,
        "optimizer": "AdamW",
        "lr": 0.0005,
        "clip": 5.0,
        "train_batch_size": 64,
        "eval_batch_size": 128
    },
    "eval_ppl": 108.5645954542896,
    "best_val_loss": 4.787664526988031,
    "losses_train": [
        6.414029024151161,
        5.785894294997931,
        5.547485459361145,
        5.390221896400322,
        5.270014943575815,
        5.1742239235332415,
        5.0927313124665785,
        5.024794610313416,
        4.965090565179214,
        4.914434934215774,
        4.86764758842394,
        4.824679786013152,
        4.788244926905069,
        4.7518901658403285,
        4.719639153953063,
        4.688357957840703,
        4.6598614643803,
        4.632376770845653,
        4.6077406530879665,
        4.584817305082724,
        4.55809576075892,
        4.53792914774293,
        4.5162685322327505,
        4.495735526712564,
        4.476884167254656,
        4.4591883460708805,
        4.440635189942176,
        4.423070354788523,
        4.405866204342068,
        4.390469378440805,
        4.375262134440273,
        4.359250951649364,
        4.344194900122905,
        4.330222255840274,
        4.31669225179131,
        4.303642774353252,
        4.291462143339102,
        4.27760236066428,
        4.264890526788385,
        4.2529848140897695,
        4.240289125716663,
        4.227680532348064,
        4.218905118957859,
        4.20679574729924,
        4.197424410806329,
        4.187185031043465,
        4.17720534978215,
        4.166992049849906
    ],
    "losses_dev": [
        5.896678917515361,
        5.584719585468018,
        5.417326957398068,
        5.301289578597812,
        5.21663286827186,
        5.147563414824993,
        5.0941093885961255,
        5.049952233205178,
        5.016169122478335,
        4.983197943211483,
        4.961409146807075,
        4.939482259553914,
        4.919205671360012,
        4.906680733569221,
        4.891797957140574,
        4.879886766475174,
        4.865238120871218,
        4.859067131006713,
        4.8502429058748575,
        4.843528660631837,
        4.837425880307483,
        4.831902537702888,
        4.827099630185396,
        4.823192083004066,
        4.816146411399879,
        4.812643931633133,
        4.808606035070234,
        4.804826548126953,
        4.8008801410001425,
        4.800006152940314,
        4.801648918636348,
        4.798400977755629,
        4.796333915839431,
        4.798231393841455,
        4.791922909692872,
        4.791701278979169,
        4.791486709926392,
        4.794464240525998,
        4.78883152541865,
        4.793086911426516,
        4.791395595077426,
        4.7943681797396644,
        4.787664526988031,
        4.794995224707877,
        4.789707684696424,
        4.791733007895742,
        4.795194657666217,
        4.790865505742559
    ]
}