{
    "trial_number": 9,
    "part_name": "LSTM",
    "model_name": "LM_LSTM",
    "parameters": {
        "n_epochs": 100,
        "patience_value": 5,
        "hid_size": 400,
        "emb_size": 300,
        "optimizer": "SGD",
        "lr": 0.01,
        "clip": 5.0,
        "train_batch_size": 64,
        "eval_batch_size": 128
    },
    "eval_ppl": 316.9616323639669,
    "best_val_loss": 5.787374776912559,
    "losses_train": [
        9.136286637153267,
        8.938903933664506,
        8.502694593368096,
        7.770336119749785,
        7.342937980694562,
        7.117918923879248,
        6.976255025529047,
        6.879485564816899,
        6.805304122942432,
        6.744416580379578,
        6.692675002720194,
        6.647947585548576,
        6.608924626651027,
        6.5744271937867795,
        6.543473074094461,
        6.515436680804838,
        6.4898246055105115,
        6.4661137685583085,
        6.444070022068274,
        6.423394799042155,
        6.403893452300925,
        6.385407934194527,
        6.367818072100079,
        6.350998362789805,
        6.3349138741757445,
        6.319438594360874,
        6.304575761934181,
        6.290332874302647,
        6.276574787630028,
        6.263330611831394,
        6.250544782001171,
        6.238202704502244,
        6.2262373693191195,
        6.214656335565684,
        6.203444629873055,
        6.192534205383316,
        6.181912610438016,
        6.171589822496372,
        6.161489971486293,
        6.151678076864631,
        6.142066391750299,
        6.132695729690652,
        6.123535614641115,
        6.114571700872661,
        6.1057920487330595,
        6.097227284855215,
        6.088842902425051,
        6.080607624205873,
        6.07255974835181,
        6.064680543539259,
        6.0569379178674,
        6.04932014106832,
        6.041847619078634,
        6.034515525821963,
        6.027304485805244,
        6.020174499685884,
        6.013210587180879,
        6.006299414337364,
        5.999493719367281,
        5.992796219162681,
        5.986205609222529,
        5.979690991457354,
        5.973236000522386,
        5.966883591543916,
        5.960613724930517,
        5.954423938897083,
        5.948321105965851,
        5.9422577449024905,
        5.936305685419348,
        5.93039364559776,
        5.924526177041848,
        5.918726704280772,
        5.9130054019486336,
        5.907353094065774,
        5.901744951505097,
        5.896184803712967,
        5.890696614258508,
        5.8853002217721295,
        5.879891894388351,
        5.874583812385872,
        5.869317870659663,
        5.864064518886989,
        5.858898168909708,
        5.853788379775478,
        5.84868654664458,
        5.843669329882193,
        5.83868539741305,
        5.833763605213834,
        5.82885652331477,
        5.824011508464522,
        5.819217549212734,
        5.814453317594135,
        5.809696981879466,
        5.8050309477838296,
        5.800396079850515,
        5.795756349958266,
        5.791223366270486,
        5.786680673637439,
        5.782169757113239,
        5.777705118268656
    ],
    "losses_dev": [
        9.05582663331084,
        8.790587416425451,
        8.139182693908491,
        7.497808949746502,
        7.212031988075366,
        7.031909786657373,
        6.914933900633968,
        6.829181446672113,
        6.760846669559774,
        6.703622867905597,
        6.654760371068778,
        6.612349547776229,
        6.575045394409718,
        6.542168278131215,
        6.512155241112019,
        6.484900136460701,
        6.459945870773548,
        6.436891129443991,
        6.415572419066984,
        6.395477020051232,
        6.376406914545301,
        6.3586609467675625,
        6.341335952483485,
        6.3250437781356545,
        6.3096007997296315,
        6.2944819432359,
        6.280125981973203,
        6.266119822651033,
        6.2529617216357085,
        6.240386103594704,
        6.227919421038145,
        6.215986351710115,
        6.204629459806524,
        6.193362128909024,
        6.182973960923071,
        6.172051430534345,
        6.161910594100725,
        6.152166854700153,
        6.142350743680299,
        6.132953136653821,
        6.123824365255185,
        6.114966170620827,
        6.10609236125293,
        6.097596912625195,
        6.089414091634554,
        6.081159259738155,
        6.073085825123863,
        6.065612597004191,
        6.057774847057465,
        6.050794457664441,
        6.042882435415631,
        6.0356232352784485,
        6.028681615652525,
        6.0219367513807,
        6.0149706379190935,
        6.008306615097581,
        6.001572842766639,
        5.995198285611859,
        5.988680032675096,
        5.982601024759377,
        5.976627567170408,
        5.970363582584529,
        5.964431572366903,
        5.958445503678168,
        5.952453594205054,
        5.9469170924936074,
        5.941004151535196,
        5.935728286155704,
        5.930096583820944,
        5.924549801774044,
        5.91979228866627,
        5.913779686723078,
        5.908527566005025,
        5.903769477142971,
        5.898619896181098,
        5.893720400680583,
        5.888509526166714,
        5.883614629763638,
        5.878797897206635,
        5.874134828611131,
        5.869100911828296,
        5.864344543292282,
        5.859712607048675,
        5.8553073098873245,
        5.850751935089324,
        5.845993034621839,
        5.841720993360651,
        5.837385084995205,
        5.832611998774684,
        5.828142272628392,
        5.823962858438255,
        5.819850599394889,
        5.81531551473265,
        5.811798481562544,
        5.8074341531334355,
        5.803214297407746,
        5.799253038595237,
        5.795485052863954,
        5.791230471524719,
        5.787374776912559
    ]
}