{
    "trial_number": 13,
    "part_name": "Baseline RNN",
    "model_name": "LM_RNN",
    "parameters": {
        "n_epochs": 100,
        "patience_value": 5,
        "hid_size": 200,
        "emb_size": 400,
        "optimizer": "SGD",
        "lr": 0.5,
        "clip": 5.0,
        "train_batch_size": 64,
        "eval_batch_size": 128
    },
    "eval_ppl": 154.92787243393389,
    "best_val_loss": 5.094375636798107,
    "losses_train": [
        6.303567601777484,
        5.782385750987796,
        5.6045917056834265,
        5.479056366059027,
        5.3823689808996855,
        5.303268757315461,
        5.237245637705394,
        5.17939437807494,
        5.128468473596577,
        5.082763704817086,
        5.042802640147416,
        5.005612526359698,
        4.971510160848046,
        4.939326080793489,
        4.91083343741486,
        4.883381008243179,
        4.862889131814103,
        4.8357895424174355,
        4.811417843191869,
        4.794971878163432,
        4.769558246195126,
        4.7487460457795825,
        4.732551839430012,
        4.7147094156249745,
        4.696720354376147,
        4.691827081807895,
        4.667557402493556,
        4.649466564388978,
        4.636752813010341,
        4.618778400415738,
        4.6092958878848185,
        4.600047794483841,
        4.579797196272275,
        4.565840562182144,
        4.556430458852073,
        4.544936747536464
    ],
    "losses_dev": [
        5.91521589536866,
        5.739720614888922,
        5.587558317665418,
        5.505096049687456,
        5.421594808832931,
        5.3784221724499215,
        5.370009507576094,
        5.298788051114771,
        5.296688511107757,
        5.283467985842272,
        5.236510548928292,
        5.24320843720033,
        5.2097431220255,
        5.195261257869104,
        5.25784964655624,
        5.169770028479721,
        5.168433154789388,
        5.14556391732668,
        5.143349198716526,
        5.139559646478548,
        5.129533530819364,
        5.126986574242612,
        5.12508229124121,
        5.140580160534167,
        5.112411243662541,
        5.117475668485403,
        5.105306234683549,
        5.113929299594225,
        5.104340368726914,
        5.132847808304624,
        5.094375636798107,
        5.100963951400234,
        5.097092003869069,
        5.101425088957504,
        5.102159251968941,
        5.099586358702408
    ]
}