{"losses_train": [5.67511961734365, 4.814705921647401, 4.3881140264069245, 4.0255518003887145, 3.687750565349178, 3.3629810858405675, 3.0556885943510097], "losses_dev": [5.2558619346786655, 5.017223432616494, 5.112388255112143, 5.1522331219367095, 5.164126353230661, 5.341596373774684, 5.512512881634909]}