{
    "trial_number": 12,
    "part_name": "Baseline RNN",
    "model_name": "LM_RNN",
    "parameters": {
        "n_epochs": 100,
        "patience_value": 5,
        "hid_size": 250,
        "emb_size": 400,
        "optimizer": "SGD",
        "lr": 0.5,
        "clip": 5.0,
        "train_batch_size": 64,
        "eval_batch_size": 128
    },
    "eval_ppl": 152.6228615349098,
    "best_val_loss": 5.085813261937953,
    "losses_train": [
        6.272165582988615,
        5.72407283974506,
        5.529259348442012,
        5.392641039948914,
        5.290001051118356,
        5.205342787951721,
        5.132143476193354,
        5.070065607164522,
        5.016964058624913,
        4.967987765333665,
        4.923034598991522,
        4.884004564664193,
        4.846013067055873,
        4.812358844173877,
        4.779705776412267,
        4.7500091924340495,
        4.722735249076019,
        4.696174320008872,
        4.6697116927356275,
        4.646015206149618,
        4.624131305447149,
        4.601477280111232,
        4.580337059699295,
        4.560124967224712,
        4.541026956826301,
        4.52206687103205,
        4.506741164548535,
        4.487868801622152,
        4.469474291301283,
        4.453408021998691,
        4.438028585547322,
        4.421791873075419,
        4.407584518378649
    ],
    "losses_dev": [
        5.842761790615233,
        5.641317431231354,
        5.59272829281503,
        5.44341471677884,
        5.358378778612907,
        5.316955644445233,
        5.28315175800673,
        5.243118522417513,
        5.231071627162061,
        5.220955846444808,
        5.23722689824105,
        5.162739312613208,
        5.163649684181435,
        5.141010595821051,
        5.13790862599224,
        5.143399830409149,
        5.133985360025394,
        5.113300645288748,
        5.091144371981105,
        5.188797888882476,
        5.1062041824455715,
        5.101114646411955,
        5.086641598926517,
        5.131033995029923,
        5.086046220443689,
        5.088027481098611,
        5.0858747913411,
        5.085813261937953,
        5.124666173506535,
        5.131204848378232,
        5.1016333663339966,
        5.114374031622923,
        5.089308915894924
    ]
}