{
    "trial_number": 28,
    "parameters": {
        "n_epochs": 100,
        "patience_value": 5,
        "hid_size": 300,
        "emb_size": 300,
        "emb_dropout": 0.5,
        "out_dropout": 0.3,
        "optimizer": "SGD",
        "lr": 0.5,
        "clip": 5.0,
        "train_batch_size": 64,
        "eval_batch_size": 128
    },
    "eval_ppl": 141.0757395072736,
    "best_val_loss": 4.984483026763834,
    "losses_train": [
        6.869414560837981,
        6.220833318282793,
        6.055088773514029,
        5.946773158741432,
        5.862580480192499,
        5.798430263807744,
        5.743988226537923,
        5.698803938957192,
        5.658927462902885,
        5.622921781444895,
        5.590755424931841,
        5.563445702243908,
        5.536023379425507,
        5.511527001652051,
        5.488656700340107,
        5.467250656033044,
        5.449229855473969,
        5.430852160609674,
        5.412704882949892,
        5.397920247488371,
        5.381431782504371,
        5.367574848455026,
        5.353709790964741,
        5.339584054817966,
        5.327997535237902,
        5.315512152128215,
        5.303792388489889,
        5.292442415521042,
        5.282538446790967,
        5.271205048482435,
        5.260935579741555,
        5.250969008667461,
        5.242892560181424,
        5.231852396535707,
        5.22498737957678,
        5.214753860882361,
        5.207625553154623,
        5.199743102663824,
        5.192300122133013,
        5.184202097596856,
        5.175701760212399,
        5.169564651806887,
        5.162906420879604,
        5.155982181483942,
        5.1505178632894175,
        5.143214579341206,
        5.1360872854258695,
        5.1309581174728836,
        5.124083471932249,
        5.118148604294029,
        5.1108993482269565,
        5.105723526642806,
        5.10014640948223,
        5.092378610886716,
        5.089776494256117,
        5.084162279075875,
        5.078556642539537,
        5.0722291522830725,
        5.0686962501101185,
        5.063208102309557,
        5.058611244522169,
        5.052614442535104,
        5.048359794702319,
        5.0436624283703395,
        5.039078262083475,
        5.034399372862703,
        5.0316863951030655,
        5.026256534087059,
        5.021834047424617,
        5.016245953472347,
        5.012936340746313,
        5.009114615887691,
        5.003376890933118,
        5.000677737225451,
        4.996819021841177,
        4.993267500188362,
        4.988445990930357,
        4.986045481153509,
        4.9811915764336305,
        4.977900767478644,
        4.974438548168261,
        4.970660111371607,
        4.966384169206561,
        4.962482514752806,
        4.959045165319192,
        4.957349659313252,
        4.952126689426148,
        4.950054213126837,
        4.946238056963152,
        4.943131185969226,
        4.938657548315747,
        4.935505167678939,
        4.931680578138033,
        4.9291356375606314,
        4.9255308749059585,
        4.92356262403822
    ],
    "losses_dev": [
        6.289473588555725,
        6.0243005764757065,
        5.884662807771878,
        5.793753627945642,
        5.710197530888177,
        5.67826617078731,
        5.6145449404656205,
        5.565844931198058,
        5.535599379628232,
        5.507403069339128,
        5.48786659592982,
        5.4558774869810165,
        5.420379037771701,
        5.411688887082239,
        5.385289804182501,
        5.372349456210488,
        5.347373471407072,
        5.331881054437775,
        5.327695667664086,
        5.306465450026193,
        5.285648221626829,
        5.284233836149489,
        5.266518473526957,
        5.263994082355892,
        5.250473491995489,
        5.2384673573683225,
        5.223877015556187,
        5.221096628771399,
        5.213020648352039,
        5.20628930390059,
        5.204704321736486,
        5.191363775982473,
        5.182083768501829,
        5.1785660693990625,
        5.171673125288571,
        5.166509081101719,
        5.164281813822986,
        5.152403739433868,
        5.1491447412962605,
        5.141817588280473,
        5.138128168729578,
        5.132772537103548,
        5.1362672892767085,
        5.125487240730218,
        5.118242261030065,
        5.112972680390059,
        5.106465151743856,
        5.101985082830924,
        5.10288856615819,
        5.092989012388567,
        5.091467349321636,
        5.087682153393149,
        5.0883471565230325,
        5.078582315381269,
        5.086621759682661,
        5.072596142640556,
        5.07165470115162,
        5.070144560107082,
        5.0598108945473435,
        5.060091522732721,
        5.0558472147921405,
        5.05749951858618,
        5.051287414316664,
        5.052467419244566,
        5.043361740448306,
        5.046074652993589,
        5.047931252441753,
        5.040184776890361,
        5.041781024415311,
        5.030302967451432,
        5.032398012412985,
        5.031024651162275,
        5.024652729990943,
        5.026516876675931,
        5.022598022512963,
        5.01835252837983,
        5.011295438805228,
        5.012340904525234,
        5.01036860621404,
        5.011187418978193,
        5.007096698694328,
        5.01447792405482,
        5.0035758849690115,
        5.004836113972155,
        5.0035316212574585,
        4.996674144997958,
        4.998278626502788,
        4.997449644391959,
        4.997542618302937,
        4.9928651974712315,
        4.984483026763834,
        4.986029003309685,
        4.991634949311425,
        4.985511615252966,
        4.984606383852465,
        4.985393141670515
    ]
}