{
    "trial_number": 20,
    "part_name": "LSTM with Dropout and AdamW",
    "model_name": "LM_LSTM_DROPOUT",
    "parameters": {
        "n_epochs": 100,
        "patience_value": 5,
        "hid_size": 250,
        "emb_size": 450,
        "emb_dropout": 0.3,
        "out_dropout": 0.1,
        "optimizer": "AdamW",
        "lr": 0.0001,
        "clip": 5.0,
        "train_batch_size": 64,
        "eval_batch_size": 128
    },
    "eval_ppl": 119.01573947599042,
    "best_val_loss": 4.859665429881731,
    "losses_train": [
        7.060518035271393,
        6.521716359727536,
        6.347247407527709,
        6.20298392805601,
        6.085342893749061,
        5.982833178911395,
        5.894389157485844,
        5.817445328350223,
        5.749813162964479,
        5.689049692229288,
        5.636785983175916,
        5.5883834672692165,
        5.545427121483627,
        5.5058673629165495,
        5.469383569529614,
        5.434711782094205,
        5.403152618866644,
        5.373052913266074,
        5.344805312905012,
        5.31748795862888,
        5.291352904258598,
        5.266633758402051,
        5.243249194852133,
        5.220018863583957,
        5.198508286905923,
        5.177767297292949,
        5.1572632030435175,
        5.137742226313689,
        5.119527984654927,
        5.100824506227943,
        5.083389342595136,
        5.066914031540886,
        5.050397512144647,
        5.034163693276735,
        5.018801277029091,
        5.002877576335308,
        4.989468863752801,
        4.974018472806606,
        4.960023286838329,
        4.946703235771679,
        4.933326546073544,
        4.920674082164309,
        4.907406758446028,
        4.894923201872793,
        4.883229717842235,
        4.870115101172155,
        4.859591560329191,
        4.847308369651965,
        4.836578443698462,
        4.824618525138547,
        4.814533044728733,
        4.804364752733393,
        4.791491666183501,
        4.781876893410209,
        4.771575123180568,
        4.760943283686939,
        4.752115373148615,
        4.741446094327926,
        4.731927708158468,
        4.722932992676318,
        4.712917835732922,
        4.7037728050675405,
        4.694145343047567,
        4.685625803294106,
        4.677305451978684,
        4.668030224193877,
        4.659337548451906,
        4.651520494391931,
        4.642416822781512,
        4.634432999798884,
        4.626538732325021,
        4.6177517281670815,
        4.610009747649498,
        4.6011474036552125,
        4.593613295448462,
        4.585535620330949,
        4.577600625437646,
        4.56998685406081,
        4.562936561021815,
        4.554902808081287,
        4.548386891657333,
        4.5403315729553775,
        4.5334404728404065,
        4.526364918612586,
        4.519068854818732,
        4.512444431666436,
        4.504793238928264,
        4.498166636093945,
        4.49134650880218,
        4.484980699189356,
        4.477450558094374,
        4.470990397074784,
        4.464282930290119,
        4.457962859571073,
        4.452049817743023,
        4.444775623894343,
        4.438947589222219,
        4.4332400096451625,
        4.426602399826267,
        4.420589542472354
    ],
    "losses_dev": [
        6.589639093632352,
        6.41594257357446,
        6.251965729162967,
        6.123398542939338,
        6.016959813461162,
        5.922298997937829,
        5.842689696467893,
        5.7708257259775895,
        5.711926437748615,
        5.6573179062633185,
        5.611699320027259,
        5.5703412738403895,
        5.535776205560094,
        5.503290061121519,
        5.473756183462228,
        5.444835151144516,
        5.420948583616725,
        5.398627922057021,
        5.376065485320624,
        5.353260045594189,
        5.333897269620596,
        5.315164049736291,
        5.2982362357268435,
        5.282408861565918,
        5.265706049554269,
        5.251355859707966,
        5.237123012745951,
        5.224094657610722,
        5.210134454578953,
        5.198127577714342,
        5.187283717557981,
        5.176028200028413,
        5.165271160842716,
        5.154148281838241,
        5.143576254006695,
        5.133958466057412,
        5.1261968821587764,
        5.114378332438024,
        5.107412420143575,
        5.099534395144463,
        5.092435379559419,
        5.083292144935804,
        5.073687925364487,
        5.067437946174882,
        5.060612663597457,
        5.054407086855377,
        5.046609334489096,
        5.042002460898654,
        5.03456476306116,
        5.027509053909469,
        5.0226586431955,
        5.017450917988173,
        5.011755008646026,
        5.005227363284025,
        4.999369757167655,
        4.995151933923942,
        4.988719156218923,
        4.983415481214039,
        4.978923224346054,
        4.975000548007086,
        4.970349722861024,
        4.965473403204468,
        4.962190299691895,
        4.957573582784309,
        4.954260845268326,
        4.9496253296366675,
        4.944143254046651,
        4.942446159344367,
        4.936447673786227,
        4.935705831738795,
        4.929538164600795,
        4.926453224612427,
        4.923440628496146,
        4.918794582804287,
        4.91732091544653,
        4.913183087363706,
        4.910832913888248,
        4.907047447424617,
        4.905207690523334,
        4.903004500872372,
        4.898295212388123,
        4.8958861316193705,
        4.894827423550931,
        4.892220519161103,
        4.889479450150501,
        4.886074883295302,
        4.884724378795816,
        4.882415590260512,
        4.880300019312047,
        4.877447045867222,
        4.87466064487809,
        4.874039537809437,
        4.87168504964528,
        4.869466488048729,
        4.868249322690989,
        4.866603608855573,
        4.866242035167904,
        4.863762989848967,
        4.860134107739025,
        4.859665429881731
    ]
}