{
    "trial_number": 6,
    "parameters": {
        "n_epochs": 100,
        "patience_value": 5,
        "tied_size": 400,
        "optimizer": "SGD",
        "lr": 0.1,
        "clip": 5.0,
        "train_batch_size": 64,
        "eval_batch_size": 128
    },
    "eval_ppl": 326.8327547190556,
    "best_val_loss": 5.823328155244441,
    "losses_train": [
        8.33106922412647,
        6.862144029775483,
        6.543200807222262,
        6.368930978561116,
        6.2501603003087345,
        6.159865113574124,
        6.086976346522587,
        6.025135083807331,
        5.972289889686251,
        5.924795714689531,
        5.882383989209295,
        5.843711626605704,
        5.808356226839181,
        5.775382541104715,
        5.744520028137966,
        5.715989406277336,
        5.689005724571981,
        5.6636432835212895,
        5.639385890715484,
        5.616192836941008,
        5.5944752361681545,
        5.573851752647955,
        5.5535865348733795,
        5.534337132333621,
        5.515857921096968,
        5.498449458999163,
        5.480795430995192,
        5.464432970644885,
        5.448218064806961,
        5.432648856478028,
        5.417611562528801,
        5.40251853030978,
        5.387844947616706,
        5.374155556790764,
        5.3607065249388715,
        5.347214684734409,
        5.334241789774508,
        5.321505777709757,
        5.309086292047287,
        5.297202638399227,
        5.284834113321418,
        5.273564093577315,
        5.261653217769167,
        5.250764690273389,
        5.239924208801581,
        5.228701587585757,
        5.218564646225522,
        5.208046143981436,
        5.197818982826563,
        5.18766820201033,
        5.177787941818725,
        5.167635938739009,
        5.158307535132694,
        5.148764900151231,
        5.139290453875725,
        5.130322419738024,
        5.121200713591403,
        5.112555555583643,
        5.10367781292779,
        5.094934932445122,
        5.086671044853932,
        5.078330488565066,
        5.069278139542826,
        5.06134353723222,
        5.053183214547611,
        5.045125753586002
    ],
    "losses_dev": [
        7.192920788974819,
        6.767359553414459,
        6.582985427451076,
        6.473559698643273,
        6.390467139275376,
        6.3288879091046315,
        6.279985803148086,
        6.241947459022944,
        6.203551772657249,
        6.177288540020333,
        6.154290423777348,
        6.124872675062598,
        6.108735933559898,
        6.090558760510637,
        6.0708347438157055,
        6.054098954263745,
        6.043506476750071,
        6.0269481235682445,
        6.013425937744175,
        6.003896892258755,
        5.997063583805406,
        5.984851176536528,
        5.982359159404301,
        5.968852428767403,
        5.960241274339839,
        5.9527055872860135,
        5.941931594564657,
        5.937985492656982,
        5.934638397177777,
        5.926508580264864,
        5.916067262528413,
        5.911527134813627,
        5.913503449531183,
        5.904608184645369,
        5.902073436834067,
        5.899024609818955,
        5.891337513263159,
        5.8848646131153215,
        5.886126950905225,
        5.876590469171758,
        5.87532092404816,
        5.868208728545869,
        5.871873737502664,
        5.867642970192854,
        5.866037247001083,
        5.860439077150518,
        5.8563592060195875,
        5.854895035139046,
        5.851236012639402,
        5.86169332663331,
        5.850139381093284,
        5.8462607048675235,
        5.838077946308069,
        5.847061065747532,
        5.837272271840371,
        5.845414588864274,
        5.83500933554349,
        5.832358611397216,
        5.833694569430139,
        5.836846185926179,
        5.823328155244441,
        5.8280885124396224,
        5.8322680931129245,
        5.824899964428097,
        5.831612808437811,
        5.827406895677209
    ]
}