{
    "trial_number": 0,
    "part_name": "LSTM",
    "model_name": "LM_LSTM",
    "parameters": {
        "n_epochs": 100,
        "patience_value": 5,
        "hid_size": 250,
        "emb_size": 350,
        "optimizer": "SGD",
        "lr": 0.1,
        "clip": 5.0,
        "train_batch_size": 64,
        "eval_batch_size": 128
    },
    "eval_ppl": 162.04247604964277,
    "best_val_loss": 5.126692169575312,
    "losses_train": [
        7.835685127508423,
        6.629181368256012,
        6.395785035353676,
        6.261313727996314,
        6.162218315062326,
        6.082697867191503,
        6.01611695017985,
        5.958957355440138,
        5.9085497840151024,
        5.86318346077323,
        5.821791730874499,
        5.783614612746978,
        5.748020531979495,
        5.714883154843614,
        5.683948071585432,
        5.6548370863831146,
        5.627217179273686,
        5.6012443939528405,
        5.576523385991587,
        5.5529780483324185,
        5.530579763095674,
        5.509026500814826,
        5.488498844240273,
        5.468736912404654,
        5.449653963745602,
        5.431412151267375,
        5.413657721367704,
        5.396484843872151,
        5.379898252020307,
        5.364030419321968,
        5.348409678927056,
        5.333377511957392,
        5.318916552769182,
        5.304600712677394,
        5.29071069939787,
        5.277210830437998,
        5.264246475757262,
        5.251339455784602,
        5.238926353643451,
        5.2265513453380175,
        5.214796578065287,
        5.203027775776701,
        5.191758850810302,
        5.180455018907638,
        5.169558146963873,
        5.158738909929801,
        5.148422911832281,
        5.137844987754431,
        5.12775773186265,
        5.117807514115164,
        5.1081275667578465,
        5.098319792343176,
        5.089044732533244,
        5.07968470566616,
        5.0704856671780245,
        5.061573871337936,
        5.052676226040957,
        5.043921377210545,
        5.035313388501874,
        5.026932831497155,
        5.018591801636111,
        5.010580289562395,
        5.002208139396515,
        4.994440049266706,
        4.9864700349304085,
        4.97868250029861,
        4.971102078826795,
        4.963392418096266,
        4.955966313696847,
        4.948563636848186,
        4.9412860570184,
        4.934367518755456,
        4.927050696827159,
        4.919861249061357,
        4.912898991845962,
        4.906124048613924,
        4.899269443760207,
        4.892534126073123,
        4.885973595392873,
        4.879423736257852,
        4.872773386196888,
        4.866482711493813,
        4.8600665452732645,
        4.853931564425588,
        4.847515231407856,
        4.841502852746559,
        4.8354790149359745,
        4.829098084085056,
        4.8231632576257875,
        4.817314204312992,
        4.811274220978935,
        4.806037248125659,
        4.79978167430099,
        4.794128935971965,
        4.788481428879474,
        4.782512928531477,
        4.777279480682928,
        4.771625995139013,
        4.7660519192431785,
        4.760730566837567
    ],
    "losses_dev": [
        6.81608585314853,
        6.462851321099411,
        6.297818134067783,
        6.186970680649773,
        6.102397524062367,
        6.032923010137715,
        5.974601182640911,
        5.924037449833073,
        5.8832856035347705,
        5.843613580919698,
        5.807217281063539,
        5.7723784520284305,
        5.74249176879484,
        5.7149729756202055,
        5.690734108904407,
        5.668599270304287,
        5.643051769605058,
        5.626049350327195,
        5.604255053041537,
        5.582667763698235,
        5.566538437633186,
        5.551740838153946,
        5.538106227635762,
        5.5201870896189975,
        5.50812969205054,
        5.490715615399471,
        5.480644993240784,
        5.464716980006481,
        5.4554011578349195,
        5.442712962490233,
        5.430135173231283,
        5.42056459019614,
        5.412495588196122,
        5.406396643921367,
        5.394779989722439,
        5.384162283072436,
        5.373657056610935,
        5.3653923605869975,
        5.359863295123597,
        5.36237773892554,
        5.343216428392261,
        5.33433364280704,
        5.32773518660543,
        5.322294052000462,
        5.315169363323981,
        5.328674658043578,
        5.301236456594509,
        5.296616826231531,
        5.297192455648885,
        5.2825975632969,
        5.278808781043561,
        5.272515280379848,
        5.270754790275607,
        5.261790108846694,
        5.262979575567819,
        5.254564871275217,
        5.248244393401939,
        5.242702980437119,
        5.238869455833126,
        5.2349575870263,
        5.250004862695784,
        5.226358884152135,
        5.221029293267865,
        5.218793167697383,
        5.2200081687739734,
        5.208684934216952,
        5.208571670170213,
        5.204700506497283,
        5.2028724658487535,
        5.20087287123526,
        5.193361213251616,
        5.193303540708463,
        5.189407668159096,
        5.183812078797592,
        5.181545882205391,
        5.178528312404549,
        5.173314482814498,
        5.1757422860025395,
        5.168811813811887,
        5.167215150079024,
        5.166891596984213,
        5.16197289348851,
        5.160836077068387,
        5.158154879566078,
        5.155265217393717,
        5.152870787143504,
        5.1507242850103,
        5.1483328237098664,
        5.147643729078616,
        5.1446423081448005,
        5.138916959029603,
        5.140443901000231,
        5.137422356413819,
        5.1350539669053665,
        5.132859933828492,
        5.131140793980412,
        5.128404546044804,
        5.126692169575312,
        5.134638417988173,
        5.127547095312722
    ]
}