{"losses_train": [6.35596207681188, 5.683956222693018, 5.409848834529198, 5.21725447104085, 5.066902366388852, 4.941540991875523, 4.833151580137035, 4.736407459775404, 4.648613231393925, 4.566705578235318, 4.490316190140332, 4.418105533244194, 4.349289788946572, 4.282125054868196, 4.218599191568472, 4.156587916005424, 4.095731038896086, 4.03733697665329, 3.979717715428423], "losses_dev": [5.878237896396416, 5.555471011396327, 5.367642151650625, 5.283965000521647, 5.184919191846321, 5.118192579678843, 5.083552517669413, 5.092614224099659, 5.054995653402028, 5.031972092981958, 5.007566541933779, 5.001241520457452, 4.995986347548036, 4.991914939311337, 5.028804868689178, 5.02912458573439, 5.042240358404958, 5.053314756124361, 5.060325847787771]}