{
    "trial_number": 2,
    "part_name": "Baseline RNN",
    "model_name": "LM_RNN",
    "parameters": {
        "n_epochs": 100,
        "patience_value": 5,
        "hid_size": 400,
        "emb_size": 500,
        "optimizer": "SGD",
        "lr": 2.0,
        "clip": 5.0,
        "train_batch_size": 64,
        "eval_batch_size": 128
    },
    "eval_ppl": 179.04297727266206,
    "best_val_loss": 5.222482656616263,
    "losses_train": [
        5.875700107054993,
        5.18834187397686,
        4.936437187854848,
        4.76444351293049,
        4.6322289407601485,
        4.524013389242321,
        4.436687515440915,
        4.359394412905224,
        4.289463487391909
    ],
    "losses_dev": [
        5.478889338085133,
        5.346829078393593,
        5.297219113765716,
        5.222482656616263,
        5.226915187648725,
        5.229450858054234,
        5.327984946037256,
        5.225246034371004,
        5.228107873044378
    ]
}