{
    "trial_number": 14,
    "part_name": "Non-monotonically Triggered AvSGD",
    "model_name": "LM_LSTM_VAR_DROPOUT",
    "parameters": {
        "n_epochs": 100,
        "patience_value": 5,
        "hid_size": 350,
        "emb_size": 500,
        "emb_dropout": 0.5,
        "out_dropout": 0.1,
        "optimizer": "SGD",
        "lr": 0.01,
        "clip": 5.0,
        "train_batch_size": 64,
        "eval_batch_size": 128
    },
    "eval_ppl": 541.5167655501972,
    "best_val_loss": 6.332305003818014,
    "losses_train": [
        9.167273741108168,
        9.072645843869646,
        8.932727580226997,
        8.58844890531364,
        7.708123423020532,
        7.301451022636029,
        7.096299761083916,
        6.96443351207301,
        6.878403984579094,
        6.814730623411214,
        6.764793559272556,
        6.725110231326031,
        6.693760472367297,
        6.6688983508973445,
        6.64930579375478,
        6.63365494995458,
        6.62076891048646,
        6.610245457088794,
        6.601501002200154,
        6.593957625652435,
        6.587477315193092,
        6.581881940546501,
        6.576887730815819,
        6.572520482369561,
        6.568541072501065,
        6.565005953259179,
        6.561451623718204,
        6.558384886399064,
        6.555280160528971,
        6.552546914529287,
        6.549751189046555,
        6.547019576899465,
        6.544464624105329,
        6.541773079922926,
        6.539291135066324,
        6.536803033553291,
        6.534122150007953,
        6.531552165789838,
        6.52894971138922,
        6.526219833922846,
        6.5234338173741,
        6.52057146605515,
        6.517699601205189,
        6.514447975633852,
        6.511365103401219,
        6.5081018162517585,
        6.504566257499449,
        6.500775710547841,
        6.496686971314347,
        6.492430518651834,
        6.488120291379283,
        6.484085907080587,
        6.480549701204377,
        6.4773852351500745,
        6.4747879055638276,
        6.471913447220588,
        6.4692168795956535,
        6.466653285288593,
        6.463831753097608,
        6.461360314408516,
        6.458658472043872,
        6.456252751521915,
        6.453515234570568,
        6.450977542419672,
        6.4484309371010315,
        6.445763083679418,
        6.443102298898123,
        6.44057852973506,
        6.437956937086295,
        6.435430785363216,
        6.432825980204584,
        6.430205556085995,
        6.427742734376532,
        6.425138764659816,
        6.422367070243799,
        6.419827148554504,
        6.417310018580078,
        6.414683721037479,
        6.412027790259781,
        6.409339503980638,
        6.406807969811078,
        6.404089622396788,
        6.401435129098402,
        6.398553702579238,
        6.396016863867144,
        6.39333185884525,
        6.390541123865112,
        6.387646316019415,
        6.384839676388358,
        6.382121896237291,
        6.379133688589586,
        6.375778179209985,
        6.372935730592336,
        6.369684367569116,
        6.366301711676846,
        6.3627583011260604,
        6.358935495401767,
        6.355251786097745,
        6.351256805360204,
        6.347083762232
    ],
    "losses_dev": [
        9.122787327745419,
        9.016054429451094,
        8.821853135210967,
        8.218764490972173,
        7.426305269636134,
        7.181415380214252,
        7.008308266055637,
        6.901536993391728,
        6.8247456137235405,
        6.766275789629653,
        6.720064842418135,
        6.683941727562509,
        6.65527396469669,
        6.632936765809242,
        6.615167767860314,
        6.601170744301836,
        6.589565972838827,
        6.580293033955907,
        6.572470017769303,
        6.566135895213276,
        6.559927897528502,
        6.555260777842644,
        6.551708346189534,
        6.547140374165364,
        6.543658954519019,
        6.540858763174368,
        6.53795395797077,
        6.535076324207096,
        6.532341921459902,
        6.5298877861845614,
        6.52737931496617,
        6.524906769427475,
        6.522751790526442,
        6.520108932709724,
        6.517989282923711,
        6.515652372607082,
        6.514042362473806,
        6.510932228033101,
        6.509013107219598,
        6.50575171588649,
        6.502574023964697,
        6.499861090609017,
        6.4973470838253835,
        6.494026174760708,
        6.491832918605271,
        6.487924434956137,
        6.484708805683069,
        6.480811379290826,
        6.4766112726306115,
        6.473169240126438,
        6.4691856240122,
        6.46526429341215,
        6.461982889415222,
        6.459713723873242,
        6.457253352416004,
        6.454779454201591,
        6.453018651941416,
        6.450394474923196,
        6.4474812068253655,
        6.445463132580533,
        6.442810029112356,
        6.439609098915418,
        6.437461556262431,
        6.434894843683407,
        6.432359457686639,
        6.429465175606443,
        6.427377518335346,
        6.425050999342947,
        6.422402224437065,
        6.419978534770564,
        6.416879575512324,
        6.414838401728317,
        6.411698154645102,
        6.410068402383151,
        6.406986688006109,
        6.405175136127735,
        6.401831411932625,
        6.398898131170976,
        6.3972715004683725,
        6.394416806697507,
        6.39156532466437,
        6.388760131887963,
        6.386026596240588,
        6.383411721469225,
        6.380550451613333,
        6.377878632662665,
        6.375264715169502,
        6.373089244965549,
        6.37007644768211,
        6.367451979318352,
        6.364286530846001,
        6.361492922523174,
        6.358235707142794,
        6.356191668460985,
        6.351460612302884,
        6.348582312606549,
        6.343719332413606,
        6.340443658212282,
        6.336897018785961,
        6.332305003818014
    ]
}