{"losses_train": [5.741707679621404, 4.90266429620022, 4.476501940774267, 4.120005205519614, 3.7811543534170307, 3.451413718051473, 3.1474222345400453, 2.866562125875498], "losses_dev": [5.354090720283865, 5.054258153790489, 4.922383862731301, 4.9751674057594295, 5.038749026073483, 5.158931905055761, 5.307701996799084, 5.471043166864967]}