{"losses_train": [5.852272538853902, 5.149121378615932, 4.868998643958332, 4.679954783824206, 4.528471521819054, 4.40464127587897, 4.296696074244499, 4.200231331850348, 4.1133495526928625, 4.034276906880897, 3.9602616147820995, 3.8907451655784846], "losses_dev": [5.486531595175096, 5.163118484958801, 5.072079593936461, 5.020003507245347, 4.968530214474712, 4.96887819897402, 4.956781303274613, 4.961181682245791, 5.022645386973469, 4.996699193777525, 5.021131007545017, 5.035749013309774]}