{
    "trial_number": 0,
    "part_name": "LSTM with Dropout and AdamW",
    "model_name": "LM_LSTM_DROPOUT",
    "parameters": {
        "n_epochs": 100,
        "patience_value": 5,
        "hid_size": 200,
        "emb_size": 350,
        "emb_dropout": 0.2,
        "out_dropout": 0.3,
        "optimizer": "AdamW",
        "lr": 0.01,
        "clip": 5.0,
        "train_batch_size": 64,
        "eval_batch_size": 128
    },
    "eval_ppl": 148.56084694019805,
    "best_val_loss": 5.090954747655917,
    "losses_train": [
        5.793420880274757,
        5.257737947554953,
        5.062957057979787,
        4.936152030923772,
        4.845454597551694,
        4.7718725484637226,
        4.715674868041241,
        4.667487104118657,
        4.623650836992881,
        4.590146831500756,
        4.559051878169932
    ],
    "losses_dev": [
        5.320539180703047,
        5.1807908116831225,
        5.125884310016072,
        5.110998842109586,
        5.093580020688308,
        5.090954747655917,
        5.096192835230502,
        5.100982847239488,
        5.110932269653893,
        5.118578092258311,
        5.13762130379626
    ]
}