{
    "trial_number": 3,
    "part_name": "Weight Tying",
    "model_name": "LM_LSTM_WEIGHT_TYING",
    "parameters": {
        "n_epochs": 100,
        "patience_value": 5,
        "hid_size": 400,
        "emb_size": 450,
        "optimizer": "SGD",
        "lr": 4.0,
        "clip": 5.0,
        "train_batch_size": 64,
        "eval_batch_size": 128
    },
    "eval_ppl": 2.4546250877583642e+26,
    "best_val_loss": 58.454415522002414,
    "losses_train": [
        49.65509597189654,
        73.8514630051249,
        77.8711243811696,
        75.70511480111607,
        75.35900892857612,
        78.38515703505945,
        80.78191046706128,
        78.62218969248515,
        81.01256549910694,
        81.0071417119188,
        82.29041628593929,
        83.17187803981841,
        85.69347287813069,
        87.23029276443613
    ],
    "losses_dev": [
        80.09033864895582,
        69.50066548870578,
        76.50299625301889,
        72.02988195233698,
        63.4648557367879,
        72.39365244086518,
        85.04854449318086,
        72.86944001722546,
        58.454415522002414,
        59.9256725919875,
        115.46498648156698,
        74.52801700792016,
        110.24253234212956,
        95.84889155508596
    ]
}