{
    "trial_number": 5,
    "part_name": "Weight Tying",
    "model_name": "LM_LSTM_WEIGHT_TYING",
    "parameters": {
        "n_epochs": 100,
        "patience_value": 5,
        "hid_size": 300,
        "emb_size": 400,
        "optimizer": "SGD",
        "lr": 9.0,
        "clip": 5.0,
        "train_batch_size": 64,
        "eval_batch_size": 128
    },
    "eval_ppl": 3.244274199257564e+131,
    "best_val_loss": 305.20896123384006,
    "losses_train": [
        291.1175462555965,
        342.96284954871004,
        367.87782804021947,
        385.79886700497036,
        401.56123651655815,
        424.55213447344056,
        444.62194309396807,
        451.0359842283177,
        461.52948311017434,
        457.1404314944211
    ],
    "losses_dev": [
        434.1048195766444,
        386.2659584102856,
        343.4337521309845,
        480.4328180494388,
        305.20896123384006,
        378.8330324797557,
        432.74344100724534,
        430.8773281005825,
        424.1837579024009,
        413.02582131694845
    ]
}