{
    "trial_number": 16,
    "part_name": "Baseline RNN",
    "model_name": "LM_RNN",
    "parameters": {
        "n_epochs": 100,
        "patience_value": 5,
        "hid_size": 350,
        "emb_size": 450,
        "optimizer": "SGD",
        "lr": 5.0,
        "clip": 5.0,
        "train_batch_size": 64,
        "eval_batch_size": 128
    },
    "eval_ppl": 1914.3170400775443,
    "best_val_loss": 7.5582652162838295,
    "losses_train": [
        9.537637475949856,
        7.303939615972253,
        8.09296762851865,
        8.030281997083764,
        8.00679258485996,
        8.03788920707329
    ],
    "losses_dev": [
        7.5582652162838295,
        8.922860760694878,
        7.893141906365428,
        9.719525575698786,
        7.606589098460364,
        9.75939338251616
    ]
}