{"losses_train": [7.5520638114326095, 6.489669334157759, 6.267450660370607, 6.126951017217946, 6.023195778521395, 5.939082628820029, 5.866733447945576, 5.802989534542849, 5.745275801190993, 5.692536239361321, 5.644253150399737, 5.599649883832251, 5.557663933623028, 5.518412973516282, 5.480830398059335, 5.445982016378252, 5.4126741287678115, 5.380789635121175, 5.350329609543563, 5.321825863654002, 5.293755463932718, 5.267233841676473, 5.241637339414235, 5.216919923472832, 5.192572767595286, 5.169581978237055, 5.146735992268698, 5.125351980830285, 5.103766595149632, 5.082924458694413, 5.062680094840138, 5.043298449354025, 5.0238907222232045, 5.005103470704613, 4.986877009544383, 4.968715553122532, 4.951203068765033, 4.9339327279240495, 4.9170331551300785, 4.900462029094616, 4.884427778486776, 4.868285382584607, 4.852547114181197, 4.836722401362026, 4.822064751707533, 4.807452522087579, 4.791952283323255, 4.777537123460257, 4.762990539399886, 4.749057859910256, 4.734883855913129, 4.721217538326499, 4.7073965441477466, 4.69432464476966, 4.680583548868655, 4.667294945186289, 4.654609294105853, 4.641592849339622, 4.628636865939678, 4.616650511689558, 4.6043185947300325, 4.5917347368877435, 4.579124721634592, 4.5673444851066405, 4.554710897895142], "losses_dev": [6.651321682101506, 6.337900579305921, 6.172910379614914, 6.054280642891391, 5.967064677044857, 5.896629763360829, 5.83528698784229, 5.78072097893211, 5.74034165258959, 5.68949702106123, 5.655578240428328, 5.622945091354862, 5.601271737151939, 5.55479918245667, 5.530244386187669, 5.507193716758861, 5.487631708994087, 5.463690389315333, 5.43497668403271, 5.4158217345437025, 5.400093223635726, 5.3785170609173, 5.367685714745525, 5.345601653510797, 5.347618284901531, 5.323405299381126, 5.308786502821334, 5.2948014105563646, 5.290288128251971, 5.271476917941558, 5.265631617705818, 5.251899004097706, 5.2477013183801855, 5.235747535771683, 5.234574869976648, 5.221894076196015, 5.2237748711975245, 5.208367527125657, 5.189987300109213, 5.188403767736006, 5.182965726943191, 5.190377529711696, 5.186473624349606, 5.160284442037221, 5.17656025247727, 5.1545018365867845, 5.146187320475653, 5.143557850680139, 5.152725412656272, 5.143327451853069, 5.1278731525918095, 5.128741195815279, 5.148269386687118, 5.120021986876687, 5.131975977589146, 5.12767774297663, 5.126684622338489, 5.121108504570518, 5.115918683240251, 5.113661511422965, 5.116242402818227, 5.115703718789956, 5.1180596706186074, 5.114833566779727, 5.122441528337655]}