{"losses_train": [7.807917119593517, 6.60723720492452, 6.3758752027666885, 6.239876765126085, 6.137580145025655, 6.05634132580781, 5.989140176584866, 5.931158218645052, 5.879681187503226, 5.832977918605285, 5.790300029079804, 5.750948680802421, 5.714379722850877, 5.680239562633705, 5.648424255562521, 5.618512670180764, 5.590210488974206, 5.563445734454235, 5.538069646215558, 5.513850939873144, 5.490904271659648, 5.46879118811114, 5.447369951226921, 5.427299963354499, 5.407580261676423, 5.388525114302498, 5.370404053278306, 5.352704925276727, 5.335754578163208, 5.319013127229517, 5.302977254085035, 5.287428928943034, 5.27224703403438, 5.25760241675799, 5.243076167140976, 5.229168292103843, 5.215527232630175, 5.202301299461542, 5.189170775029221, 5.176435631536517, 5.164026595555823, 5.151930603145582, 5.139809847061529, 5.128342310656694, 5.116731542216808, 5.105561775041048, 5.094602318922613, 5.0836471622536425, 5.073170606055172, 5.062626067976585, 5.052311958571582, 5.042053780733255, 5.032262856341409, 5.022576182522619, 5.012928499687297, 5.003489770371258, 4.994026172792406, 4.984857198598556, 4.97584726943158, 4.96677160757671, 4.9580287700083705, 4.949387662542133, 4.940627177884, 4.932433206083044, 4.9240211131645335, 4.91575719718622, 4.907418443558127, 4.89935571314407, 4.891308265925575, 4.883640963865625, 4.875877132718211, 4.8682336830498585, 4.860687352548918, 4.853299876521798, 4.845734615664493, 4.838331790611365, 4.831015190456798, 4.824197106493122, 4.816910018830057, 4.809907795335577, 4.80313931524054, 4.796078310188171, 4.789130971726696, 4.78247183667523, 4.775746604246009, 4.76907055374476, 4.762635026784007, 4.756050795474955, 4.749638454864672, 4.74329841535223, 4.73691683060514, 4.7305779012008236, 4.724345220296846, 4.718235984905041, 4.712068772774027, 4.705978757640121, 4.6999775221335875, 4.694227022264318, 4.688028575709397, 4.6821547845020115], "losses_dev": [6.795117007143237, 6.443675471036369, 6.282087923644161, 6.167008433482207, 6.077568190117115, 6.007443940956191, 5.9486482191295815, 5.900204767356425, 5.852536995334032, 5.815614643359764, 5.776008416278946, 5.74476040714013, 5.717346657905953, 5.68809589180592, 5.659395588418099, 5.634603033378765, 5.615664949022855, 5.593404367075402, 5.5760330557873985, 5.554943571918508, 5.5355633290861626, 5.520347544706279, 5.506616228279497, 5.488638231527028, 5.471033566335772, 5.45814558425602, 5.445737371974446, 5.4332232902733875, 5.432003266954646, 5.407761958485758, 5.400328124445056, 5.389863152225547, 5.3769326614442745, 5.367819976481478, 5.360536684842929, 5.351615240479383, 5.344090395641692, 5.334912296668561, 5.325982937417868, 5.317551092296047, 5.3133903866516015, 5.302528796038144, 5.296994632027809, 5.288628221726719, 5.279662687071584, 5.278799471859905, 5.268832714385922, 5.271572479278396, 5.256498947826396, 5.250910982006499, 5.244729191546651, 5.241568883242026, 5.234149540173497, 5.229932729702372, 5.225298532062438, 5.2212751334085095, 5.217139830320358, 5.21582625039956, 5.211992066799705, 5.202723782508612, 5.202125816599925, 5.197896311787452, 5.194362061483343, 5.190803310406752, 5.188429593437012, 5.182698590830995, 5.180049795114718, 5.176117747160907, 5.172628461185005, 5.169835581226026, 5.16599719392625, 5.1621732212938625, 5.162784013343071, 5.157871337925309, 5.15486524158927, 5.1535926789583035, 5.1499227587481355, 5.144572121617062, 5.149053126997798, 5.160105798664139, 5.139028807969438, 5.140248040493145, 5.137500929531006, 5.137928097585772, 5.139802261007867, 5.130394172478779, 5.133984097528058, 5.133038521707185, 5.123277488867826, 5.124604748155367, 5.124346865732437, 5.120120891750426, 5.119576519547343, 5.121019526255505, 5.116058674771807, 5.120498246654798, 5.114693374081013, 5.112732105279514, 5.1129544782306615, 5.1112636613310665]}