{
    "trial_number": 2,
    "part_name": "LSTM with Dropout and AdamW",
    "model_name": "LM_LSTM_DROPOUT",
    "parameters": {
        "n_epochs": 100,
        "patience_value": 5,
        "hid_size": 350,
        "emb_size": 350,
        "emb_dropout": 0.1,
        "out_dropout": 0.1,
        "optimizer": "AdamW",
        "lr": 0.001,
        "clip": 5.0,
        "train_batch_size": 64,
        "eval_batch_size": 128
    },
    "eval_ppl": 118.50788741973707,
    "best_val_loss": 4.8439417955431345,
    "losses_train": [
        6.019370040611316,
        5.262651324499554,
        4.959854490410684,
        4.755284769129016,
        4.5964403255008905,
        4.464175004394792,
        4.351456574664571,
        4.250382311185618,
        4.158792472820555,
        4.077491735532029,
        4.001663339754668,
        3.9308960245010747,
        3.8663581859651215
    ],
    "losses_dev": [
        5.487638174090336,
        5.1918566840771065,
        5.047923018461873,
        4.95987136955711,
        4.908423132502842,
        4.876252147632831,
        4.859310688940634,
        4.8439417955431345,
        4.847168364147517,
        4.847019105053097,
        4.853794317818582,
        4.872081820648796,
        4.880184889266498
    ]
}