{
    "trial_number": 0,
    "part_name": "Weight Tying",
    "model_name": "LM_LSTM_WEIGHT_TYING",
    "parameters": {
        "n_epochs": 100,
        "patience_value": 5,
        "hid_size": 350,
        "emb_size": 500,
        "optimizer": "SGD",
        "lr": 2.0,
        "clip": 5.0,
        "train_batch_size": 64,
        "eval_batch_size": 128
    },
    "eval_ppl": 124.96798157841434,
    "best_val_loss": 4.842477305569861,
    "losses_train": [
        6.599008239786986,
        5.9874272042332715,
        5.6825615847427775,
        5.45944143250323,
        5.27640872632181,
        5.1284098013153585,
        5.002505341003473,
        4.892954677333866,
        4.79482164351139,
        4.701039830084402,
        4.615148422367134,
        4.5342842741941976,
        4.455576075941352,
        4.384194288995096,
        4.317667403228152,
        4.250522609869815,
        4.1866160161216195,
        4.1271261715961485
    ],
    "losses_dev": [
        6.151528801032639,
        5.820814099903218,
        5.623181261598327,
        5.433680709706635,
        5.422198018961323,
        5.201212739680264,
        5.138616755198714,
        5.106424911375462,
        5.029482781201165,
        5.028782039685147,
        4.9753657357667995,
        4.889329337829858,
        4.842477305569861,
        4.861963924207984,
        4.898561196991761,
        4.92881902669502,
        4.858626998075454,
        4.864445730372744
    ]
}