{
    "trial_number": 7,
    "part_name": "Weight Tying",
    "model_name": "LM_LSTM_WEIGHT_TYING",
    "parameters": {
        "n_epochs": 100,
        "patience_value": 5,
        "hid_size": 350,
        "emb_size": 350,
        "optimizer": "SGD",
        "lr": 10.0,
        "clip": 5.0,
        "train_batch_size": 64,
        "eval_batch_size": 128
    },
    "eval_ppl": 122.6455315569464,
    "best_val_loss": 4.837064563281361,
    "losses_train": [
        6.453774523432483,
        5.534952500454631,
        5.237193725743778,
        5.041424256614785,
        4.89181742118972,
        4.765166595064212,
        4.653344431841557,
        4.551849870994313,
        4.457908232101677,
        4.3731233378391865,
        4.2893584699745855,
        4.2130702124165476,
        4.138236007361987,
        4.065361304794412,
        3.9951952234256276
    ],
    "losses_dev": [
        5.803560880673746,
        5.410921538426535,
        5.275236010697098,
        5.135528242759092,
        5.0633764090025215,
        5.020126670103619,
        5.660816383497301,
        4.913825088069594,
        4.877197126889029,
        4.837064563281361,
        4.849904625956723,
        4.876996937819648,
        4.846985191044982,
        4.9045912172361135,
        4.882153677557626
    ]
}