{
    "trial_number": 6,
    "part_name": "Weight Tying",
    "model_name": "LM_LSTM_WEIGHT_TYING",
    "parameters": {
        "n_epochs": 100,
        "patience_value": 5,
        "hid_size": 300,
        "emb_size": 400,
        "optimizer": "SGD",
        "lr": 4.0,
        "clip": 5.0,
        "train_batch_size": 64,
        "eval_batch_size": 128
    },
    "eval_ppl": 8.109080519534254e+27,
    "best_val_loss": 64.76425095894304,
    "losses_train": [
        60.39352159275727,
        72.26820098623413,
        73.42834030584775,
        76.0475572024384,
        78.68335498124857,
        80.76522805391208,
        80.81455181091194,
        83.935793278394
    ],
    "losses_dev": [
        100.25132376314107,
        82.87124491671402,
        64.76425095894304,
        86.01119077638869,
        79.98626314107118,
        89.52047176889472,
        80.61452166056968,
        105.86380889064498
    ]
}