{
    "trial_number": 7,
    "parameters": {
        "n_epochs": 100,
        "patience_value": 5,
        "hid_size": 300,
        "emb_size": 350,
        "emb_dropout": 0.1,
        "out_dropout": 0.5,
        "optimizer": "SGD",
        "lr": 0.1,
        "clip": 5.0,
        "train_batch_size": 64,
        "eval_batch_size": 128
    },
    "eval_ppl": 167.05080267652338,
    "best_val_loss": 5.1497908347132935,
    "losses_train": [
        7.825923392214294,
        6.678044555186207,
        6.465700917323038,
        6.345484909534858,
        6.257034985015175,
        6.18845955815107,
        6.130761527299065,
        6.080653845560937,
        6.038402319375418,
        6.000168857015962,
        5.966444546612275,
        5.934779645891816,
        5.906323414996934,
        5.878496286254067,
        5.853639418554767,
        5.8307026780424325,
        5.8099571736002975,
        5.78774365781492,
        5.7685340919129455,
        5.7502233364600706,
        5.733056209733332,
        5.715923060827628,
        5.700173990071817,
        5.68542583999763,
        5.6703074230104855,
        5.657513767980342,
        5.643471680351392,
        5.630017745700092,
        5.618504073305726,
        5.605626635370227,
        5.594528348041267,
        5.583421877958528,
        5.571447534672834,
        5.561393094846868,
        5.551442849397276,
        5.540127366458773,
        5.531280409064913,
        5.52170784832817,
        5.513633094300235,
        5.5038088326941885,
        5.494848245863708,
        5.485155936441238,
        5.4784032802633815,
        5.470107658619117,
        5.462082796370776,
        5.454350319821898,
        5.446201727325685,
        5.4385066096350005,
        5.432216179837753,
        5.425155947652701,
        5.416924184962444,
        5.4112385178830404,
        5.404380327137021,
        5.397682484104557,
        5.391471086940587,
        5.38385919651208,
        5.377768345883606,
        5.37211304937382,
        5.36567876228499,
        5.358767982469569,
        5.354702509992013,
        5.347377983417196,
        5.342637822345421,
        5.338074680807166,
        5.332390828907967,
        5.325436535340699,
        5.321008694282569,
        5.315173046555058,
        5.310758135525902,
        5.305366323642718,
        5.300939560680103,
        5.295636986669269,
        5.290444527799703,
        5.285588746828835,
        5.2808134660113915,
        5.275312488602728,
        5.27120020803251,
        5.267252222313581,
        5.261986048388483,
        5.257127971261671,
        5.252208190938303,
        5.249287234039494,
        5.244535467681913,
        5.2402613044669035,
        5.236161807250797,
        5.231385476110865,
        5.228796449513199,
        5.223919234036159,
        5.220305340541519,
        5.215132700620602,
        5.211971705845242,
        5.207598244983207,
        5.203940044614915,
        5.20015585807133,
        5.196362854356466,
        5.193439013569631,
        5.18971846288357,
        5.185375969253713,
        5.181796183267612,
        5.177905623726199
    ],
    "losses_dev": [
        6.8100663421539815,
        6.477394610606975,
        6.322033457289299,
        6.216796944367985,
        6.135827121661458,
        6.06887020084529,
        6.014699846114061,
        5.967611810093763,
        5.927298251538304,
        5.890968156487516,
        5.859191611856709,
        5.829962932523263,
        5.801080524299882,
        5.774207824542282,
        5.750349573026176,
        5.728713462494673,
        5.707954156363209,
        5.688683535758364,
        5.674049693282515,
        5.654550949120525,
        5.635917223737835,
        5.619869959999645,
        5.60646431932803,
        5.591083772108965,
        5.577070155728353,
        5.564812104325011,
        5.551594749176464,
        5.543256828307022,
        5.530278029660641,
        5.5172744250226415,
        5.505738972987552,
        5.494425547063681,
        5.49205997389544,
        5.475469010823626,
        5.466163184578775,
        5.457756603277277,
        5.450386906875977,
        5.443041822235935,
        5.434591414241192,
        5.424909252801357,
        5.4156752640423,
        5.41264633870223,
        5.4001873768024575,
        5.39399021439702,
        5.385604131335239,
        5.380012343339342,
        5.372241387825863,
        5.365645997689214,
        5.360720822160463,
        5.354074862762378,
        5.346611235171899,
        5.340555985791217,
        5.333902021327603,
        5.329017585616742,
        5.3225262543951555,
        5.32039751740304,
        5.314170228481496,
        5.308117469411493,
        5.301377842422574,
        5.295327046466562,
        5.2915631811936175,
        5.286189867668082,
        5.281596049132512,
        5.278507273094545,
        5.273108508455125,
        5.267180216361521,
        5.262462464983041,
        5.259406160099091,
        5.256152080151655,
        5.250973988947738,
        5.2466859098083,
        5.243640509571672,
        5.238466899539619,
        5.23391232941025,
        5.230389864726879,
        5.2252412687904,
        5.221314589918667,
        5.2190491910583,
        5.215392672742932,
        5.212335944714271,
        5.207825513434082,
        5.203792812533297,
        5.2016380001154285,
        5.198418749833517,
        5.194147429999378,
        5.191214711118412,
        5.188610248481673,
        5.185115121721392,
        5.181435920074762,
        5.178619239959955,
        5.174214005229791,
        5.170761824189338,
        5.169159527776051,
        5.165807444738688,
        5.1621832657781646,
        5.161758712896452,
        5.157773778790489,
        5.154572633552795,
        5.150664059725281,
        5.1497908347132935
    ]
}