{
    "trial_number": 18,
    "part_name": "Baseline RNN",
    "model_name": "LM_RNN",
    "parameters": {
        "n_epochs": 100,
        "patience_value": 5,
        "hid_size": 300,
        "emb_size": 400,
        "optimizer": "SGD",
        "lr": 4.0,
        "clip": 5.0,
        "train_batch_size": 64,
        "eval_batch_size": 128
    },
    "eval_ppl": 254.87748436419162,
    "best_val_loss": 5.593419052277934,
    "losses_train": [
        7.377871428042537,
        5.712827470472275,
        5.397466801102204,
        5.221814435806091,
        5.08755893787683,
        4.998956404147705,
        4.923252144150697,
        4.867618662081726,
        4.834029746060895,
        4.820773888817021,
        4.860367736900585,
        5.15200284376041
    ],
    "losses_dev": [
        6.244286415695145,
        6.076751354340549,
        6.1050469094065205,
        5.841154596822169,
        5.726999566866298,
        5.684053396145582,
        5.593419052277934,
        5.756916536162363,
        5.60714053926117,
        5.595787407102394,
        5.861528875950064,
        6.212334044031468
    ]
}