{
    "trial_number": 26,
    "part_name": "LSTM",
    "model_name": "LM_LSTM",
    "parameters": {
        "n_epochs": 100,
        "patience_value": 5,
        "hid_size": 400,
        "emb_size": 500,
        "optimizer": "SGD",
        "lr": 2.0,
        "clip": 5.0,
        "train_batch_size": 64,
        "eval_batch_size": 128
    },
    "eval_ppl": 138.71727306155012,
    "best_val_loss": 4.969544679641994,
    "losses_train": [
        6.079179951669787,
        5.374579994097503,
        5.080456209360092,
        4.876225898947474,
        4.712767212645358,
        4.577032226153613,
        4.454866632794746,
        4.346511327961176,
        4.244652309183379,
        4.150253537253995,
        4.062614318890303,
        3.977401139745924,
        3.8976232593581046,
        3.8218472949556355,
        3.748393709377959
    ],
    "losses_dev": [
        5.583985797043703,
        5.296459374778022,
        5.146612317312473,
        5.062895099235066,
        5.041858640254297,
        4.9851951238190795,
        4.972862231296172,
        4.973271814566611,
        4.979314654014686,
        4.969544679641994,
        5.011232972934277,
        5.023958821221498,
        5.047140131377415,
        5.075879544435467,
        5.1141596359901085
    ]
}