{
    "trial_number": 20,
    "part_name": "LSTM",
    "model_name": "LM_LSTM",
    "parameters": {
        "n_epochs": 100,
        "patience_value": 5,
        "hid_size": 400,
        "emb_size": 450,
        "optimizer": "SGD",
        "lr": 3.0,
        "clip": 5.0,
        "train_batch_size": 64,
        "eval_batch_size": 128
    },
    "eval_ppl": 137.59990303239695,
    "best_val_loss": 4.952687170085861,
    "losses_train": [
        5.961764710629684,
        5.2438300577601265,
        4.936884629660071,
        4.724383671748747,
        4.55358965513917,
        4.407001867552534,
        4.276513699530256,
        4.157754292797388,
        4.046998496143559,
        3.945832849228668,
        3.8497468081172994
    ],
    "losses_dev": [
        5.532944417098043,
        5.208507955675522,
        5.0688487869481635,
        4.9979750721982,
        4.975841177002682,
        4.952687170085861,
        4.960993438343515,
        4.977454058970557,
        4.990667064746413,
        5.018161565252521,
        5.041548960756589
    ]
}