{
    "trial_number": 8,
    "part_name": "Weight Tying",
    "model_name": "LM_LSTM_WEIGHT_TYING",
    "parameters": {
        "n_epochs": 100,
        "patience_value": 5,
        "hid_size": 250,
        "emb_size": 500,
        "optimizer": "SGD",
        "lr": 3.0,
        "clip": 5.0,
        "train_batch_size": 64,
        "eval_batch_size": 128
    },
    "eval_ppl": 116.92114913264682,
    "best_val_loss": 4.799435087936408,
    "losses_train": [
        6.54416180320939,
        5.9312873632682015,
        5.555558479269273,
        5.314028432694841,
        5.131929288739376,
        4.984275554946889,
        4.856435064082262,
        4.743650327889767,
        4.639155847767438,
        4.544478589815148,
        4.458195876474583,
        4.378140589662648,
        4.2975108733478145,
        4.224446219546303,
        4.156485084052209,
        4.088514363536262,
        4.021802325834024,
        3.9557159672394904,
        3.895644585884779
    ],
    "losses_dev": [
        6.070409483380541,
        5.716286923191327,
        5.543450628584938,
        5.295920718496945,
        5.274005075794236,
        5.1727896931937245,
        5.08029325593346,
        4.994038723429287,
        4.898240030155651,
        4.882782470599073,
        4.914759093310485,
        4.882691980061976,
        4.826119002721445,
        4.799435087936408,
        4.821778855972084,
        4.839440416785055,
        4.820204958812065,
        4.861507441242542,
        4.905857328644427
    ]
}