{
    "trial_number": 8,
    "part_name": "Non-monotonically Triggered AvSGD",
    "model_name": "LM_LSTM_VAR_DROPOUT",
    "parameters": {
        "n_epochs": 100,
        "patience_value": 5,
        "hid_size": 250,
        "emb_size": 400,
        "emb_dropout": 0.1,
        "out_dropout": 0.2,
        "optimizer": "SGD",
        "lr": 0.1,
        "clip": 5.0,
        "train_batch_size": 64,
        "eval_batch_size": 128
    },
    "eval_ppl": 146.27291427322444,
    "best_val_loss": 5.021100013929091,
    "losses_train": [
        7.912902284987056,
        6.673163477742474,
        6.579215134988299,
        6.551788550129372,
        6.53080045279336,
        6.49760794498635,
        6.467851015949749,
        6.44367860645186,
        6.4196309921923005,
        6.394879858288952,
        6.366865269232793,
        6.3281884407640145,
        6.277925101741822,
        6.225292037752394,
        6.1759611230782285,
        6.1320974875792835,
        6.0937447185815055,
        6.05465977806837,
        6.017168453344973,
        5.980283045928011,
        5.943803748426147,
        5.905302724498262,
        5.870182097181059,
        5.835536452494452,
        5.803743125844294,
        5.774765856506952,
        5.7467045638101295,
        5.72130951839679,
        5.696384553430348,
        5.672267653680429,
        5.650091654731164,
        5.627330918788582,
        5.604457647536988,
        5.584190785197758,
        5.563881636227608,
        5.544230635075281,
        5.52343678605278,
        5.5041396659589505,
        5.486490530965891,
        5.468100699072468,
        5.451812304847259,
        5.433446073849469,
        5.4161775388122795,
        5.400384894159015,
        5.384571732537209,
        5.367903907095301,
        5.35390535148748,
        5.338217069196209,
        5.324664596744497,
        5.310354163433695,
        5.296717740368235,
        5.283140880764839,
        5.270218686402103,
        5.257609186617333,
        5.244647746263575,
        5.232831044590959,
        5.220964461588086,
        5.209805287709221,
        5.197197106442825,
        5.186353159625131,
        5.175035606121708,
        5.163637230969243,
        5.153589001935967,
        5.142705899280385,
        5.132061188952424,
        5.121726220472566,
        5.11177210750737,
        5.102182067841067,
        5.093234145889451,
        5.082851195963697,
        5.073402938970902,
        5.064290154662466,
        5.053760922744988,
        5.0447311724518125,
        5.036035573111221,
        5.027112776003093,
        5.018845909318271,
        5.008822543251414,
        5.000984296694143,
        4.9915761319946315,
        4.983326526832559,
        4.976488924813212,
        4.966618334978634,
        4.958334141830333,
        4.9507195322758095,
        4.9419518701836935,
        4.93474945024557,
        4.927095713404148,
        4.918981724373946,
        4.910485773836973,
        4.904334355286268,
        4.895732909324374,
        4.889309052498283,
        4.8805009094312926,
        4.873349468198286,
        4.86573654093488,
        4.858148600765743,
        4.851214093693951,
        4.844607533323297,
        4.836258405406181
    ],
    "losses_dev": [
        6.791724766979063,
        6.577639992918916,
        6.546045289525323,
        6.524766507360775,
        6.518329810364576,
        6.463592032448679,
        6.440774266031219,
        6.420737129186497,
        6.3906445825823095,
        6.361892003480608,
        6.341744446676552,
        6.287579356975423,
        6.229341055469971,
        6.176484974339394,
        6.146704542049208,
        6.110475134629386,
        6.098914189859621,
        6.03512058791865,
        5.982983512894676,
        5.96932976374929,
        5.903734640540648,
        5.90529138993465,
        5.849501049953829,
        5.8678324835292655,
        5.780239086473576,
        5.755322751200898,
        5.736558946971782,
        5.700883970112942,
        5.682262717094048,
        5.657911439557732,
        5.637124157317712,
        5.632236093661209,
        5.611973691220344,
        5.621378921788429,
        5.569834956914157,
        5.545704727400465,
        5.525682532419822,
        5.510061042439888,
        5.499494106218479,
        5.504288523094544,
        5.478821239533758,
        5.465663832198288,
        5.446696661846054,
        5.4380875052164726,
        5.438971842979738,
        5.409736275405331,
        5.3824856103050855,
        5.397266721014171,
        5.3687324013420765,
        5.373093226687917,
        5.348983814506677,
        5.328775019645014,
        5.342413230361646,
        5.3169322813077144,
        5.320016243207487,
        5.287492327900803,
        5.283788119095397,
        5.282111342276069,
        5.284757939027205,
        5.261540724001989,
        5.266392202982934,
        5.237951543964874,
        5.253633939036085,
        5.237375505276407,
        5.254732741800149,
        5.2243701525651725,
        5.226737189397908,
        5.227341169510939,
        5.198525652835985,
        5.211937307711944,
        5.204371514952408,
        5.173929443879635,
        5.159619369539352,
        5.166400450836411,
        5.145710859530384,
        5.153185426452177,
        5.212241701369158,
        5.1397760190989485,
        5.1304223150705,
        5.1382528923675235,
        5.137402357623597,
        5.1276916304473295,
        5.109891798428843,
        5.095890467118465,
        5.090977590533545,
        5.090405908154567,
        5.088649156984745,
        5.075949266197702,
        5.074921600302777,
        5.08877700218204,
        5.060495598185112,
        5.061273560142598,
        5.071514702683265,
        5.086422659690652,
        5.060566082995187,
        5.035322316957309,
        5.045243118140894,
        5.0278343065199245,
        5.021100013929091,
        5.036486637783687
    ],
    "ASGD_trigger_epoch": 76
}