{
    "trial_number": 19,
    "part_name": "LSTM",
    "model_name": "LM_LSTM",
    "parameters": {
        "n_epochs": 100,
        "patience_value": 5,
        "hid_size": 300,
        "emb_size": 450,
        "optimizer": "SGD",
        "lr": 0.01,
        "clip": 5.0,
        "train_batch_size": 64,
        "eval_batch_size": 128
    },
    "eval_ppl": 320.96747906005317,
    "best_val_loss": 5.79358249712539,
    "losses_train": [
        9.145409080805262,
        8.982488782010899,
        8.681458336387971,
        8.126670903855484,
        7.584455232230365,
        7.285362520190936,
        7.10050024495886,
        6.9740938896448235,
        6.884317561639488,
        6.814469416307007,
        6.756510639325098,
        6.7065719687243375,
        6.662782162347883,
        6.62382366999387,
        6.5891412769006275,
        6.557837468326079,
        6.529339582584085,
        6.503207853573819,
        6.479103619041243,
        6.456711342372515,
        6.435803112919892,
        6.4161624544823885,
        6.397637733393857,
        6.380038255337603,
        6.363391875013461,
        6.34738273768709,
        6.332143438649347,
        6.3174247130491725,
        6.303240818604014,
        6.289542310683046,
        6.2762734816649655,
        6.2633892354113625,
        6.250874286742006,
        6.238732115769607,
        6.226894582176766,
        6.215375355011853,
        6.20412855659548,
        6.193237051586176,
        6.182589087586484,
        6.1722144706283615,
        6.162084003072596,
        6.15218045910116,
        6.1425272724713365,
        6.133091274175365,
        6.123866998681939,
        6.11484024942767,
        6.105996828897129,
        6.0973562424626895,
        6.088871303379293,
        6.08059324594362,
        6.072439749390255,
        6.064479042373762,
        6.056662214397483,
        6.04898541634458,
        6.0414370671922955,
        6.034068005759809,
        6.026799800023716,
        6.019655566448738,
        6.012640224500353,
        6.005727041996685,
        5.998930042396405,
        5.992225094524077,
        5.985628272467406,
        5.979134048163468,
        5.972720114066118,
        5.966421639394866,
        5.960175860058835,
        5.954013317418343,
        5.947951896245437,
        5.941939810773759,
        5.936034405180207,
        5.930163465466238,
        5.924397561700256,
        5.9186918517547715,
        5.913044129231544,
        5.907436494856036,
        5.901908840507989,
        5.896444778038271,
        5.891038588531108,
        5.885669376694372,
        5.880373627365767,
        5.875122341292511,
        5.869939630023615,
        5.864812259620367,
        5.8597246530362055,
        5.854680547051555,
        5.849683996357803,
        5.844747901247179,
        5.839847488877385,
        5.834994923435938,
        5.830186272687861,
        5.825439490302375,
        5.820708973741784,
        5.816021651850298,
        5.8113858433697505,
        5.806793057378768,
        5.8022247219360885,
        5.797718959535873,
        5.793238228851695,
        5.788795426408457
    ],
    "losses_dev": [
        9.075573132169875,
        8.869880531680636,
        8.437099025296561,
        7.828491464130647,
        7.405554509640485,
        7.178343661763923,
        7.023882329143877,
        6.916907260275341,
        6.836920943804163,
        6.772184318784184,
        6.7174774512426305,
        6.670129091046314,
        6.62843132208721,
        6.59118527828216,
        6.55778023694994,
        6.527509816957309,
        6.500083914452071,
        6.474569973984231,
        6.451253673728512,
        6.429320924880576,
        6.408834165564178,
        6.389541728727891,
        6.371259282823821,
        6.3542765571170445,
        6.337728421839484,
        6.322348575237072,
        6.306945337749947,
        6.2927057620933375,
        6.278806977475938,
        6.2653514681595395,
        6.252365059845149,
        6.239925493234124,
        6.227645694967325,
        6.215703469065208,
        6.20452842533563,
        6.193160635721516,
        6.1823508699300325,
        6.171837673086998,
        6.16147178609799,
        6.151455333399187,
        6.1417515014006785,
        6.132117682509945,
        6.1228268883075545,
        6.113786248934508,
        6.104927693586625,
        6.096198891055637,
        6.087833555958322,
        6.079336581234905,
        6.071588024643948,
        6.063470943693174,
        6.0557189325765375,
        6.0484825683801855,
        6.0406462127299685,
        6.033586667528679,
        6.026596594364878,
        6.019315820784202,
        6.012511390223221,
        6.005946397137821,
        5.99926738389464,
        5.992585193597724,
        5.98636316276948,
        5.9801362900558495,
        5.974083170272322,
        5.9677314005007815,
        5.961670899963596,
        5.955896264894694,
        5.949904632893522,
        5.9442309976115215,
        5.938616595652348,
        5.932971921504297,
        5.9273059860686885,
        5.922085739939977,
        5.916712648391995,
        5.911526371765787,
        5.906261681568759,
        5.901126230865535,
        5.896096059953917,
        5.891079138327532,
        5.886283493638123,
        5.88109958939702,
        5.876267422463241,
        5.871528701142741,
        5.866868206099499,
        5.862249449773139,
        5.85749023714972,
        5.852855914647411,
        5.848485003196477,
        5.8437620839030755,
        5.839785487828971,
        5.834963309885104,
        5.830846888762609,
        5.826298450763159,
        5.822118724417087,
        5.818157444794182,
        5.814139741251864,
        5.8095291564741975,
        5.805663257831368,
        5.801615878664849,
        5.797696677661955,
        5.79358249712539
    ]
}