{
    "trial_number": 25,
    "part_name": "Weight Tying",
    "model_name": "LM_LSTM_WEIGHT_TYING",
    "parameters": {
        "n_epochs": 100,
        "patience_value": 5,
        "hid_size": 200,
        "emb_size": 300,
        "optimizer": "SGD",
        "lr": 8.0,
        "clip": 5.0,
        "train_batch_size": 64,
        "eval_batch_size": 128
    },
    "eval_ppl": 2.844527789926148e+90,
    "best_val_loss": 201.0271201076147,
    "losses_train": [
        243.52518964403353,
        285.5680983026261,
        307.8313859613309,
        328.0591187893962,
        336.94000539234327,
        348.82961803393215
    ],
    "losses_dev": [
        201.0271201076147,
        259.5302562064924,
        310.16931604276175,
        446.4682101505896,
        408.54631073305865,
        324.3381233129706
    ]
}