{
    "trial_number": 19,
    "part_name": "Baseline RNN",
    "model_name": "LM_RNN",
    "parameters": {
        "n_epochs": 100,
        "patience_value": 5,
        "hid_size": 350,
        "emb_size": 400,
        "optimizer": "SGD",
        "lr": 0.1,
        "clip": 5.0,
        "train_batch_size": 64,
        "eval_batch_size": 128
    },
    "eval_ppl": 156.56803441698884,
    "best_val_loss": 5.095341745542691,
    "losses_train": [
        6.8279917160893016,
        6.164021301706546,
        6.001585181607688,
        5.892840142438486,
        5.808099671672931,
        5.737494623152073,
        5.676409338488438,
        5.622229903552944,
        5.573179441400636,
        5.529203371677616,
        5.488668945906087,
        5.451220986695685,
        5.416259860934299,
        5.38348266592416,
        5.353023890890237,
        5.323541873956466,
        5.296113890461135,
        5.269781465743939,
        5.2448995372768765,
        5.221113141962924,
        5.1982320146695065,
        5.175929696052663,
        5.154933252000855,
        5.134681280953597,
        5.114917697651034,
        5.095947619368551,
        5.077400195551873,
        5.059691490902581,
        5.042800679025719,
        5.025858554587185,
        5.009992514514516,
        4.9933106031414205,
        4.9782431974479575,
        4.963748991413588,
        4.948714708890817,
        4.934452168387877,
        4.920784684892943,
        4.9069535387119885,
        4.893810054600989,
        4.880560404308871,
        4.867456558815109,
        4.854720975787267,
        4.842772330543491,
        4.830942192366859,
        4.818631992921348,
        4.807066899433293,
        4.796040234840403,
        4.784730224586939,
        4.773695730101086,
        4.763269428286394,
        4.752676828229647,
        4.7422359450694715,
        4.732145984410716,
        4.722261013012907,
        4.711516618948649,
        4.702119335266257,
        4.6922196710854,
        4.68270976825377,
        4.6735618787064555,
        4.664084566776208,
        4.655138089680602,
        4.646615565522876,
        4.637095250208067,
        4.628070261595331,
        4.619878568906547,
        4.6114174795789085,
        4.60299580366593,
        4.5949802257562675,
        4.58660182647218,
        4.578204660784076,
        4.570621854467778,
        4.56229736534391,
        4.554675079034629
    ],
    "losses_dev": [
        6.270247363461607,
        6.055513499287452,
        5.935431474419307,
        5.848088523538499,
        5.782194667100263,
        5.727961249933407,
        5.674397039596356,
        5.629923337277135,
        5.60516467543552,
        5.561770387528413,
        5.535500370702515,
        5.5081840557407835,
        5.478043603605803,
        5.454656076302564,
        5.437118892287612,
        5.430772352862179,
        5.392597832444683,
        5.385362446336926,
        5.363546464618998,
        5.350596953136099,
        5.336395425819541,
        5.318513247065456,
        5.315126958674439,
        5.292887714319328,
        5.280615477162949,
        5.277139565334654,
        5.272649993007707,
        5.2577567489500465,
        5.247473708146132,
        5.250287336069577,
        5.2452642684396755,
        5.231373613750177,
        5.212004351869939,
        5.207537102160729,
        5.1985169818377965,
        5.208157640411901,
        5.1896992772965795,
        5.183007930425576,
        5.192722195369104,
        5.179336338446956,
        5.170061616806809,
        5.160884599974251,
        5.180811289112445,
        5.178496680603158,
        5.148732875819097,
        5.204795603068618,
        5.139787374638177,
        5.149265913293347,
        5.140541314462282,
        5.177166764521772,
        5.133154061023849,
        5.142716694487853,
        5.135110404698377,
        5.1213722832722155,
        5.116007085800984,
        5.116903160627397,
        5.119128603528111,
        5.11921726275039,
        5.1083653767181065,
        5.11217850019756,
        5.120135875235296,
        5.102884827223771,
        5.104057104558087,
        5.117235710749929,
        5.105625923981567,
        5.111800916378836,
        5.0998603136875795,
        5.095341745542691,
        5.106095316329113,
        5.099860209635602,
        5.129999475578029,
        5.106509568064977,
        5.097996652578491
    ]
}