{
    "trial_number": 1,
    "part_name": "LSTM",
    "model_name": "LM_LSTM",
    "parameters": {
        "n_epochs": 100,
        "patience_value": 5,
        "hid_size": 300,
        "emb_size": 350,
        "optimizer": "SGD",
        "lr": 0.5,
        "clip": 5.0,
        "train_batch_size": 64,
        "eval_batch_size": 128
    },
    "eval_ppl": 147.037606766772,
    "best_val_loss": 5.0314215123441715,
    "losses_train": [
        6.6485377511193295,
        5.985183734264206,
        5.766193138298292,
        5.615199359703107,
        5.500723712030107,
        5.407264996529355,
        5.327684595386077,
        5.258141284581178,
        5.195848091937551,
        5.140246118039969,
        5.088975180722066,
        5.041643006292535,
        4.996988706515107,
        4.956092554999503,
        4.917574276813279,
        4.880485895517971,
        4.845932252903341,
        4.813024973607701,
        4.781570349548632,
        4.751296696389557,
        4.722522401051445,
        4.6948644914741955,
        4.6676791204631645,
        4.641298292790295,
        4.615886443031095,
        4.591688947526715,
        4.567698242915722,
        4.543882478392817,
        4.521450061688578,
        4.4996125058315535,
        4.477449267006786,
        4.456094392794956,
        4.435189319283833,
        4.415044613232973,
        4.39469287438354,
        4.375096583674222,
        4.35547333454782,
        4.336618435692565,
        4.31801362003655,
        4.300117502364346,
        4.281493066573238
    ],
    "losses_dev": [
        6.1322625159268895,
        5.849335114795692,
        5.696435123730288,
        5.593301244628143,
        5.508144307885087,
        5.465057479700152,
        5.418175369481638,
        5.344001084360349,
        5.312233259285321,
        5.268162910991441,
        5.259018531796065,
        5.22270502956741,
        5.185776691135993,
        5.179241519347563,
        5.167644080080622,
        5.141814799687456,
        5.128136306981638,
        5.105061844333801,
        5.1133006175415545,
        5.089632781145671,
        5.088417481786742,
        5.075706145282089,
        5.067926907231141,
        5.062800696343586,
        5.056336321521168,
        5.061036425684135,
        5.0493104891608365,
        5.045293326688805,
        5.049297912745063,
        5.045340802138088,
        5.054025861217414,
        5.036966844600174,
        5.031681378691487,
        5.041475722037488,
        5.034196987875586,
        5.0314215123441715,
        5.032246915066948,
        5.040155947555583,
        5.050749860986557,
        5.041361854489274,
        5.04858748052147
    ]
}