{
    "trial_number": 1,
    "part_name": "Non-monotonically Triggered AvSGD",
    "model_name": "LM_LSTM_VAR_DROPOUT",
    "parameters": {
        "n_epochs": 100,
        "patience_value": 5,
        "hid_size": 200,
        "emb_size": 300,
        "emb_dropout": 0.5,
        "out_dropout": 0.1,
        "optimizer": "SGD",
        "lr": 4.0,
        "clip": 5.0,
        "train_batch_size": 64,
        "eval_batch_size": 128
    },
    "eval_ppl": 1.2116664201585138e+20,
    "best_val_loss": 62.53680865090922,
    "losses_train": [
        43.78705228628035,
        76.10992529743721,
        79.30210395367898,
        79.09097102422722,
        78.75651529834211,
        79.54199444099359,
        80.71011149303678,
        81.80486159550455,
        84.21100604571987,
        84.09180465890009,
        84.46351786654199,
        85.60573372225187,
        87.24190790499482,
        85.94718823661708,
        86.60292029708773
    ],
    "losses_dev": [
        97.36045192410144,
        95.08149484124165,
        74.90555632014491,
        83.00853503693706,
        100.79485600316096,
        78.95291378835772,
        80.65824113865605,
        62.53680865090922,
        85.42635117736894,
        100.30253820233698,
        103.19528297698537,
        81.59733893308709,
        69.74784792761756,
        101.58137752610456,
        104.77870769107828
    ],
    "ASGD_trigger_epoch": 8
}