{
    "trial_number": 4,
    "part_name": "Weight Tying",
    "model_name": "LM_LSTM_WEIGHT_TYING",
    "parameters": {
        "n_epochs": 100,
        "patience_value": 5,
        "hid_size": 300,
        "emb_size": 350,
        "optimizer": "SGD",
        "lr": 7.0,
        "clip": 5.0,
        "train_batch_size": 64,
        "eval_batch_size": 128
    },
    "eval_ppl": 2.8088434386545387e+67,
    "best_val_loss": 156.36451799794006,
    "losses_train": [
        190.33176654651137,
        226.48685158072615,
        238.86919622177743,
        254.95617033718634,
        254.09563697901825,
        268.2013026696088,
        268.6509017103188,
        287.84259699294114,
        291.6067383579599,
        294.52001667671186
    ],
    "losses_dev": [
        196.2444399062367,
        384.1636516195482,
        305.8838298231283,
        210.63539409894872,
        156.36451799794006,
        454.57558335701094,
        351.12672076999576,
        264.79717688947295,
        293.69457309276885,
        276.82746661457594
    ]
}