{
    "trial_number": 7,
    "part_name": "LSTM with Dropout and AdamW",
    "model_name": "LM_LSTM_DROPOUT",
    "parameters": {
        "n_epochs": 100,
        "patience_value": 5,
        "hid_size": 300,
        "emb_size": 350,
        "emb_dropout": 0.3,
        "out_dropout": 0.2,
        "optimizer": "AdamW",
        "lr": 0.0001,
        "clip": 5.0,
        "train_batch_size": 64,
        "eval_batch_size": 128
    },
    "eval_ppl": 118.38881278611903,
    "best_val_loss": 4.849553943042779,
    "losses_train": [
        7.035839686135489,
        6.503135926538491,
        6.330599506951044,
        6.193526689047723,
        6.078369695804515,
        5.979414865933946,
        5.895057684993852,
        5.822125717714629,
        5.758222275864718,
        5.702612178894763,
        5.652405924176411,
        5.607397757989651,
        5.565017716894695,
        5.526320182600481,
        5.490435816801616,
        5.455528470154729,
        5.42346224699925,
        5.3912741757939155,
        5.361485634799601,
        5.333390411956275,
        5.30579985918904,
        5.279799416688713,
        5.2558463508329725,
        5.231575613615285,
        5.210009101991157,
        5.187434900806578,
        5.165675352740573,
        5.146482083842265,
        5.126372399489315,
        5.107663922557121,
        5.090007940105404,
        5.0720642005408765,
        5.055851337584036,
        5.038288986419724,
        5.023023238666238,
        5.007291370721539,
        4.992145450631188,
        4.9774625007461735,
        4.963193157945763,
        4.949856922093125,
        4.935530281472962,
        4.922410112101359,
        4.907892526835483,
        4.895809250726083,
        4.883486742423814,
        4.8707883507483265,
        4.8594647422622534,
        4.847534362311542,
        4.836782753072332,
        4.823662885216937,
        4.813171096909624,
        4.802840841769465,
        4.790888723321713,
        4.780593327453498,
        4.770921095194185,
        4.760297844562234,
        4.750106371225916,
        4.74085035679618,
        4.730921631197338,
        4.7212120341736385,
        4.710862135089329,
        4.70192435734388,
        4.693943985119488,
        4.684698036796676,
        4.675234217377473,
        4.665572057208108,
        4.6586220933068265,
        4.648987784273591,
        4.642037801369657,
        4.632925916353748,
        4.624535691015892,
        4.616837787547799,
        4.608086504781791,
        4.6006954925548795,
        4.592140192320509,
        4.584294902566886,
        4.576726001605267,
        4.568844406545998,
        4.562312185151222,
        4.5548619353586295,
        4.546793458574376,
        4.539731886624664,
        4.5338669080362815,
        4.525923502250448,
        4.51921065513614,
        4.512223134175058,
        4.505083033360353,
        4.496173722426723,
        4.492001590413103,
        4.484399766318247,
        4.479069230962451,
        4.47284775809406,
        4.465549369700457,
        4.45961568294583,
        4.4528494631693105,
        4.445484219125805,
        4.440605814951676,
        4.4343990911540825,
        4.4283846852585755,
        4.421806164577927
    ],
    "losses_dev": [
        6.583554425289015,
        6.388796543143557,
        6.236844091013017,
        6.1096853662407655,
        6.003453277054624,
        5.912295732093071,
        5.834812885408527,
        5.767728077774276,
        5.710470833814285,
        5.662354431282409,
        5.6154875750839075,
        5.577547067565527,
        5.54294759276442,
        5.509882981757885,
        5.480665713458055,
        5.450397457746573,
        5.42617795163553,
        5.400303332327035,
        5.37798833119495,
        5.3564628487267365,
        5.334425257105502,
        5.3148803693595505,
        5.296815260290879,
        5.28083472161795,
        5.262969912607437,
        5.247200460714413,
        5.231146128378499,
        5.216622234159682,
        5.203815225329414,
        5.191897659746147,
        5.179993613983254,
        5.16667643136676,
        5.155981608327266,
        5.144562132627149,
        5.134090702248189,
        5.124147689435644,
        5.113760652147855,
        5.104442436780793,
        5.095584568175966,
        5.086875632636028,
        5.0775186128178715,
        5.069269822873011,
        5.061690343809934,
        5.055425901395351,
        5.0471541992048765,
        5.039946248135388,
        5.032052226878818,
        5.026446482044236,
        5.020211500213098,
        5.01411922913855,
        5.006108031480856,
        4.99977323605537,
        4.995042679346764,
        4.988755054151424,
        4.984147452197134,
        4.979976958729933,
        4.9738840147859245,
        4.972389259560574,
        4.964704646378658,
        4.959335321512289,
        4.954487144447453,
        4.952580357261773,
        4.946326326981816,
        4.94289713449176,
        4.9385890981828915,
        4.934119920043686,
        4.930622726117435,
        4.927821424885016,
        4.924092056311266,
        4.919996854855537,
        4.916782918161315,
        4.912104796712956,
        4.909355868309596,
        4.906180860928843,
        4.904247179775181,
        4.9005639686589895,
        4.89699558930601,
        4.895187783298852,
        4.8906904140103356,
        4.888899894505168,
        4.884406860715744,
        4.884577464339306,
        4.880011039221214,
        4.878387800613102,
        4.875145131699282,
        4.872892642221019,
        4.871926762390787,
        4.8693568727580265,
        4.868946450134962,
        4.865621635652703,
        4.864530491114238,
        4.862276933368998,
        4.860400175584245,
        4.857977026988031,
        4.856650697231496,
        4.855057758559455,
        4.853748548821743,
        4.851881398502983,
        4.851853887159931,
        4.849553943042779
    ]
}