{
    "trial_number": 5,
    "part_name": "Baseline RNN",
    "model_name": "LM_RNN",
    "parameters": {
        "n_epochs": 100,
        "patience_value": 5,
        "hid_size": 300,
        "emb_size": 400,
        "optimizer": "SGD",
        "lr": 0.5,
        "clip": 5.0,
        "train_batch_size": 64,
        "eval_batch_size": 128
    },
    "eval_ppl": 152.7495980041968,
    "best_val_loss": 5.076219183966117,
    "losses_train": [
        6.234717927248467,
        5.6788781442277845,
        5.474320969107964,
        5.332669448655147,
        5.222637989589633,
        5.1322835463146275,
        5.056097613926907,
        4.990650604151438,
        4.932139564456999,
        4.879822404245936,
        4.832912025440636,
        4.787702763253369,
        4.748733942383469,
        4.710996014256556,
        4.675123695305212,
        4.64294106026086,
        4.611717239779249,
        4.581951606173195,
        4.554592258679804,
        4.527492099012822,
        4.501702206894502,
        4.478168619231211,
        4.453991069194442,
        4.431382339871327,
        4.410107267335546,
        4.389353097246649,
        4.368943829309931,
        4.348652927681627,
        4.329465344770436,
        4.31236065544223,
        4.293263430347562,
        4.275408597093773
    ],
    "losses_dev": [
        5.8280019897512965,
        5.599367558202514,
        5.477431410323288,
        5.405480632735918,
        5.314554048482117,
        5.2892955833681095,
        5.2402759819177085,
        5.214762887739292,
        5.1850890809796315,
        5.172176854788944,
        5.150550497396203,
        5.152511294495401,
        5.120863718823252,
        5.121864712727749,
        5.103645759340815,
        5.09671267197711,
        5.097133520608396,
        5.086257119930033,
        5.090109491815688,
        5.0911881084959685,
        5.080889647188877,
        5.088512571421278,
        5.083325066981727,
        5.11887719313823,
        5.079974440672059,
        5.101355297827284,
        5.076219183966117,
        5.086011043938237,
        5.10749545362223,
        5.088452783154567,
        5.096901082362551,
        5.100848252537204
    ]
}