{
    "trial_number": 3,
    "part_name": "Non-monotonically Triggered AvSGD",
    "model_name": "LM_LSTM_VAR_DROPOUT",
    "parameters": {
        "n_epochs": 100,
        "patience_value": 5,
        "hid_size": 200,
        "emb_size": 500,
        "emb_dropout": 0.2,
        "out_dropout": 0.5,
        "optimizer": "SGD",
        "lr": 0.05,
        "clip": 5.0,
        "train_batch_size": 64,
        "eval_batch_size": 128
    },
    "eval_ppl": 212.9397610410819,
    "best_val_loss": 5.404385971240588,
    "losses_train": [
        8.71556111647756,
        7.055828985364009,
        6.731045509891985,
        6.631889796120042,
        6.59201128773446,
        6.571238539862311,
        6.557775958183562,
        6.547149795568198,
        6.5369056211306935,
        6.5247857167129935,
        6.5083084187460045,
        6.493130000635116,
        6.479164687541995,
        6.464526395401945,
        6.449352868051887,
        6.436884725660835,
        6.424859088063946,
        6.4136890352842615,
        6.401806137367337,
        6.38901446855578,
        6.375285930678439,
        6.359104524113728,
        6.340662532345231,
        6.320022668967564,
        6.297804639376521,
        6.27456115532835,
        6.252027934561916,
        6.228439746230604,
        6.204713448297437,
        6.1819320977017505,
        6.160648264981964,
        6.140182609711205,
        6.12048670258078,
        6.101827348136385,
        6.083197030332759,
        6.065576800910034,
        6.048003748576042,
        6.029426861365614,
        6.013230720015808,
        5.995446326317942,
        5.9791723322685595,
        5.960713527882415,
        5.943864082219619,
        5.927802287114177,
        5.909985604491038,
        5.893926712991379,
        5.878330989499473,
        5.863034881047066,
        5.8485853259015785,
        5.833219194910118,
        5.820394038613561,
        5.807122477095774,
        5.793863324322647,
        5.78178792767837,
        5.768985651507451,
        5.758368054266531,
        5.746601139867247,
        5.735314755781456,
        5.724348926510449,
        5.713583383211913,
        5.703302686658857,
        5.694084332409032,
        5.683313863461055,
        5.673535831733301,
        5.664401223553161,
        5.65496850741114,
        5.646237728892228,
        5.6367744548554475,
        5.628229846908635,
        5.618206000882552,
        5.610440582419675,
        5.601453548370281,
        5.592965740536938,
        5.584793677370404,
        5.576403881957024,
        5.567508599822515,
        5.56053269002657,
        5.552551022639676,
        5.544975688213862,
        5.536954115501005,
        5.529553211833189,
        5.521479781918206,
        5.513868845751249,
        5.50632597792167,
        5.49984500965108,
        5.493627120101743,
        5.485658342317586,
        5.478900102899857,
        5.4717352495118465,
        5.464070542343684,
        5.45809234323918,
        5.451315469762807,
        5.444910255945719,
        5.438027344309662,
        5.431052394665343,
        5.424151562250573,
        5.418177068430735,
        5.412603885080408,
        5.405540199253867,
        5.398991166677026
    ],
    "losses_dev": [
        7.478154717244992,
        6.796836972470344,
        6.632700248725849,
        6.579478216787718,
        6.550574942674297,
        6.536421001795798,
        6.526420475986468,
        6.517712698891888,
        6.506264047017066,
        6.493443185400093,
        6.476679294877202,
        6.462158841310466,
        6.44911013360829,
        6.433059873173125,
        6.418853060016072,
        6.411486651657285,
        6.398933557401175,
        6.385514244299617,
        6.373995558506624,
        6.3613620181977195,
        6.345487813709778,
        6.329068238119762,
        6.305760157970326,
        6.281162124635957,
        6.2594017829792055,
        6.235657412884909,
        6.209483540086927,
        6.187060900651726,
        6.162471524441949,
        6.141249464479152,
        6.1228593178407795,
        6.097794389406343,
        6.083351079976293,
        6.066527581543454,
        6.048582049008204,
        6.036872504139882,
        6.012811517749325,
        5.990350122420621,
        5.968494198616636,
        5.956288811387893,
        5.9383098851044185,
        5.934373744439462,
        5.904210886445163,
        5.887104477620223,
        5.86951961698883,
        5.858862044557554,
        5.842047307301286,
        5.8256144408052455,
        5.810099222579113,
        5.792844782473097,
        5.785682315991707,
        5.771219430916146,
        5.7570286625741405,
        5.74329407891524,
        5.7425024861486005,
        5.726435161189,
        5.724328358353903,
        5.699387119974428,
        5.7059358670776215,
        5.692249216696708,
        5.67400893265423,
        5.659732439355732,
        5.662131073305868,
        5.66135378421784,
        5.6367689516111135,
        5.683697316402365,
        5.621817258088862,
        5.608064611006535,
        5.624188006108822,
        5.589173280672858,
        5.598162636294218,
        5.577010416019232,
        5.575877879603815,
        5.570804575678808,
        5.55821767840336,
        5.548904714192801,
        5.538395526819328,
        5.542653243591508,
        5.539061071019498,
        5.521328588378143,
        5.510482459888656,
        5.505661988397233,
        5.495935285773903,
        5.494530493888958,
        5.496728418509821,
        5.476558546024826,
        5.477253349641284,
        5.4762031807718605,
        5.4619659081323695,
        5.456884647699424,
        5.458292047820624,
        5.461759878278609,
        5.450410165961518,
        5.435038768379742,
        5.432087805718585,
        5.418326501511667,
        5.429660189824105,
        5.4178526696130485,
        5.4056223515303135,
        5.404385971240588
    ]
}