{"losses_train": [5.84915773708624, 5.08098608344029, 4.744676448667404, 4.496113346899301, 4.287691597174966, 4.105903465337647, 3.941084597715796, 3.789903834075383, 3.6508723104963052, 3.5244002301295, 3.4083431968483233], "losses_dev": [5.497970847687882, 5.111827324770919, 5.020812143726026, 4.990405811039388, 4.982442727016444, 4.977006420423267, 5.03288990773503, 5.066681488292904, 5.16042308089306, 5.181210064850743, 5.260944686523299]}