{
    "trial_number": 10,
    "part_name": "Baseline RNN",
    "model_name": "LM_RNN",
    "parameters": {
        "n_epochs": 100,
        "patience_value": 5,
        "hid_size": 350,
        "emb_size": 400,
        "optimizer": "SGD",
        "lr": 5.0,
        "clip": 5.0,
        "train_batch_size": 64,
        "eval_batch_size": 128
    },
    "eval_ppl": 925.8404838433609,
    "best_val_loss": 6.839461463031858,
    "losses_train": [
        9.059586354330635,
        7.065957054500664,
        8.320325913130146,
        8.41395548117846,
        8.199352321101177,
        8.099475635605346
    ],
    "losses_dev": [
        6.839461463031858,
        7.571888124422858,
        8.27697997734719,
        7.522634586378126,
        8.868854246208624,
        7.435437807716384
    ]
}