{
    "trial_number": 7,
    "part_name": "Non-monotonically Triggered AvSGD",
    "model_name": "LM_LSTM_VAR_DROPOUT",
    "parameters": {
        "n_epochs": 100,
        "patience_value": 5,
        "hid_size": 400,
        "emb_size": 400,
        "emb_dropout": 0.2,
        "out_dropout": 0.2,
        "optimizer": "SGD",
        "lr": 1.0,
        "clip": 5.0,
        "train_batch_size": 64,
        "eval_batch_size": 128
    },
    "eval_ppl": 104.3300727873354,
    "best_val_loss": 4.698019904727234,
    "losses_train": [
        6.828891409849335,
        6.3108714656915605,
        6.063397709686222,
        5.870074833480018,
        5.721489689303415,
        5.604501546070392,
        5.507156559939707,
        5.426833793763588,
        5.3560515598302185,
        5.294713650514977,
        5.238048534797251,
        5.1865822762646365,
        5.140562712184297,
        5.096218026795522,
        5.055345136485872,
        5.017715497730996,
        4.981422667289142,
        4.94607668151979,
        4.913526280921716,
        4.882398260787736,
        4.852928227448854,
        4.824734557500887,
        4.796506160785917,
        4.771270636318955,
        4.74497980741326,
        4.7196206412574835,
        4.696231907137015,
        4.673447534296432,
        4.651545116916148,
        4.628571449703522,
        4.607984954762988,
        4.586744725035898,
        4.566193026018506,
        4.547336261608473,
        4.529019786165288,
        4.509149860234005,
        4.4919735888245755,
        4.472155783105855,
        4.455951667277393,
        4.438070079062883,
        4.42178625881742,
        4.405707956196806,
        4.389311417265575,
        4.37336289605389,
        4.359231435048347,
        4.344150678119154,
        4.328966919096407,
        4.314582318871338,
        4.2993747816524435,
        4.285693247705657,
        4.272307826532464,
        4.257406425760611,
        4.244461720943652,
        4.232237388097918,
        4.217948811857186,
        4.204891424400614,
        4.192200030009727,
        4.18033703293381,
        4.167546055511714,
        4.1561457696403314,
        4.144285795547787,
        4.132358175193384,
        4.120928222445294,
        4.1080617122252265,
        4.0978344680757885,
        4.087901066334502,
        4.076364707426218,
        4.063991252811561,
        4.053667651693755,
        4.042952199131283,
        4.034075261680138,
        4.021817086010701,
        4.012821099214059,
        4.001799675733236,
        3.991555633323578,
        3.982211294847671,
        3.972565289898134,
        3.9628019489889055,
        3.9539603639946033,
        3.945045461903107,
        3.9342407898326615,
        3.9272427990553944,
        3.917010854060977,
        3.9087659184858654,
        3.898573513152407,
        3.889911008970396,
        3.8818510946144738
    ],
    "losses_dev": [
        6.421324169637466,
        6.139124147328722,
        5.941906219755558,
        5.7586411422077,
        5.643251722823288,
        5.574968853774506,
        5.474450217094048,
        5.388563931477749,
        5.330631071086092,
        5.30326607367213,
        5.229503806637573,
        5.2154559918401056,
        5.164502279154532,
        5.129095159834938,
        5.107232646072329,
        5.09803902254404,
        5.070249257207611,
        5.036610730172965,
        5.006124346831048,
        4.987578413570819,
        4.963722992268522,
        4.97642707288189,
        4.933545338082913,
        4.919532727538091,
        4.898668876915666,
        4.881576542854987,
        4.88178959968568,
        4.866301719382636,
        4.847251786086891,
        4.837036032228921,
        4.8396229308917285,
        4.816681016590603,
        4.8044748940612125,
        4.795484941875178,
        4.7943617007698185,
        4.785273065687598,
        4.781211389779266,
        4.772582560388994,
        4.758759428496591,
        4.764087063203669,
        4.755180262421864,
        4.751801333974108,
        4.754622536881571,
        4.7346646529602925,
        4.734494860942162,
        4.729238016264295,
        4.7301663125199775,
        4.724023943886294,
        4.716779706423586,
        4.71883190971729,
        4.721843049105875,
        4.712699974028626,
        4.724227282262218,
        4.716739230204042,
        4.7209116104804485,
        4.708012494839022,
        4.718573278120116,
        4.709692948161582,
        4.70159725336074,
        4.706889080313698,
        4.707099979800042,
        4.704850750617098,
        4.698019904727234,
        4.700797544539796,
        4.700963313214768,
        4.709704796213507,
        4.71992555844003,
        4.702645264885815,
        4.701038917382174,
        4.702958884485101,
        4.711795353066398,
        4.699437446447916,
        4.699281097945375,
        4.700902012725973,
        4.70240176938308,
        4.708527337090674,
        4.7080158245023265,
        4.706738621153129,
        4.71010928787381,
        4.699373343492506,
        4.718775763269818,
        4.711241900594012,
        4.705054928345645,
        4.705048081725476,
        4.7065296709071776,
        4.719100738408332,
        4.7157034205076185
    ],
    "ASGD_trigger_epoch": 54
}