{
    "trial_number": 0,
    "parameters": {
        "n_epochs": 100,
        "patience_value": 5,
        "hid_size": 350,
        "emb_size": 350,
        "emb_dropout": 0.3,
        "out_dropout": 0.1,
        "optimizer": "SGD",
        "lr": 0.5,
        "clip": 5.0,
        "train_batch_size": 64,
        "eval_batch_size": 128
    },
    "eval_ppl": 121.03058084320423,
    "best_val_loss": 4.830839993584848,
    "losses_train": [
        6.741224709909176,
        6.085853503497068,
        5.891083414358942,
        5.758930210604499,
        5.65828072734853,
        5.5783378105559995,
        5.5120449340228195,
        5.454726377198147,
        5.404706148618516,
        5.361992672770427,
        5.321531218855623,
        5.285367201752807,
        5.252354389595371,
        5.221682570908782,
        5.192568277507345,
        5.166438638719045,
        5.14133923323727,
        5.1182420161249444,
        5.095934532148219,
        5.074231258266682,
        5.055818595682777,
        5.035758424140573,
        5.017965198913462,
        5.000307237259885,
        4.9848846887944225,
        4.968291526948225,
        4.952688584998655,
        4.937796026682211,
        4.924578283034255,
        4.909782024711261,
        4.89535027465444,
        4.883798317068625,
        4.870795444566661,
        4.858481640103161,
        4.846609616270979,
        4.834308401444026,
        4.82315929320466,
        4.811992773911024,
        4.803291494529267,
        4.791404485483578,
        4.780216315117248,
        4.771389306969879,
        4.761387977088768,
        4.751928171469975,
        4.742018373297233,
        4.733429930727802,
        4.725014875200671,
        4.714953830901141,
        4.707324455678787,
        4.699374011695348,
        4.689699291233435,
        4.682344105920155,
        4.673860405929641,
        4.666353019082567,
        4.65778852064818,
        4.6496339453218045,
        4.6438178995374715,
        4.63556925588739,
        4.628297127380843,
        4.622045101577487,
        4.6145412520751234,
        4.608200521620228,
        4.601104560084148,
        4.594589192269452,
        4.588270745219074,
        4.5815645660721955,
        4.574012868599183,
        4.5685564785538375,
        4.563589374740347,
        4.556420304703483,
        4.550378965190135,
        4.544150541359636,
        4.537367773338687,
        4.531814968915945,
        4.528755290045137,
        4.521235479809341,
        4.51588738347152,
        4.509704239197553,
        4.504393737347274,
        4.498914389571871,
        4.493533662556792,
        4.487800851686416,
        4.483812957911124,
        4.4771619751127005,
        4.474683320783381,
        4.468304487348456,
        4.463286268598143,
        4.458139780299825,
        4.451837874742827,
        4.448070729883503,
        4.443000406064348,
        4.439084897106777,
        4.433768100776435,
        4.429961283632475,
        4.4242767483144645,
        4.420264775136283,
        4.415852010632962,
        4.411295412673981,
        4.406413069254593,
        4.402483650745201
    ],
    "losses_dev": [
        6.300390805356762,
        5.895409573558922,
        5.752196197358023,
        5.657635368849002,
        5.564588177530988,
        5.487210180556542,
        5.44519799426632,
        5.41020742276291,
        5.3647522744375085,
        5.338666831947453,
        5.293509646867009,
        5.266263095288305,
        5.256401423375569,
        5.219088286854933,
        5.205594444789742,
        5.180626610724624,
        5.1614962729968745,
        5.162198908258897,
        5.133720728097475,
        5.117375861827852,
        5.109293992066522,
        5.099727224270581,
        5.085274036839395,
        5.073115722725618,
        5.065414017272073,
        5.052709007127699,
        5.047064332979649,
        5.037755849940954,
        5.023480896611734,
        5.0140735988776814,
        5.009765396085648,
        5.003748417022571,
        5.002129257252006,
        4.997537172916075,
        4.987728463460275,
        4.984054908367666,
        4.980996480823359,
        4.971588843186177,
        4.968418053378942,
        4.960869096229489,
        4.954508572218177,
        4.94407102116334,
        4.942672930225796,
        4.940677171661902,
        4.9496453769844795,
        4.932120977489256,
        4.9338462355936565,
        4.923595541081386,
        4.913979834171669,
        4.921334026828207,
        4.914119229138549,
        4.915461270743802,
        4.906184169781752,
        4.90587680023796,
        4.907213916716242,
        4.907175736577018,
        4.900745865390592,
        4.8908131051663055,
        4.886239715502469,
        4.894941804422237,
        4.88421315061621,
        4.883186060475564,
        4.890679183333481,
        4.87798435640938,
        4.879924141945766,
        4.875414106063095,
        4.8726633185977235,
        4.871160253087708,
        4.863825192121572,
        4.867661061363475,
        4.8669007050007105,
        4.857319397675007,
        4.861695338304891,
        4.8613469722816625,
        4.852974367419467,
        4.857403901754955,
        4.851545033141249,
        4.853779965582381,
        4.848616511023406,
        4.847243295445464,
        4.8484557784641815,
        4.848629302479933,
        4.847304935837388,
        4.84661530013585,
        4.842399197218177,
        4.8423181684743035,
        4.83772484938823,
        4.839986876964502,
        4.840018834795425,
        4.841773199706545,
        4.839221283318831,
        4.835532238355057,
        4.836548083945251,
        4.831139094464768,
        4.838035118513816,
        4.830839993584848,
        4.833165770339804,
        4.835293577800913,
        4.833104150758276,
        4.833413719267208
    ]
}