{"losses_train": [6.297606769069484, 5.607679012174273, 5.325738537334535, 5.12786436571835, 4.9707865787391565, 4.838777665498527, 4.723900752882006, 4.618622289317818, 4.521889501586241, 4.432735060617068, 4.347209103834611, 4.266522880064838, 4.189399748866495, 4.1147305303022454, 4.042294147976138], "losses_dev": [5.822062675084795, 5.477928945262555, 5.328321124105431, 5.209202447136046, 5.134544035907089, 5.08002551631979, 5.072965471669005, 5.0107547014845855, 5.022375323532285, 4.996862153049084, 5.004262850003108, 5.007141787884909, 5.038736137501775, 5.100945728430441, 5.022508336644498]}