{
    "trial_number": 10,
    "parameters": {
        "n_epochs": 100,
        "patience_value": 5,
        "tied_size": 400,
        "optimizer": "SGD",
        "lr": 5.0,
        "clip": 5.0,
        "train_batch_size": 64,
        "eval_batch_size": 128
    },
    "eval_ppl": 296.17615155817384,
    "best_val_loss": 5.748550736299546,
    "losses_train": [
        6.705185084315819,
        5.932667314734331,
        5.676040453400213,
        5.503886217375872,
        5.374062609112632,
        5.267799527492465,
        5.178880702730908,
        5.0998542895786745,
        5.0320002148772724,
        4.968132012904138,
        4.909410512969004,
        4.856280626948066,
        4.805343462426246,
        4.7559273929018255,
        4.708162183672657
    ],
    "losses_dev": [
        6.28364995194186,
        6.079229594990855,
        5.951800120034362,
        5.87134239260726,
        5.927010325840851,
        5.905495248570465,
        5.7985347122948925,
        5.753907026921437,
        5.77543595697853,
        5.748550736299546,
        5.8509136596107405,
        5.761343233347244,
        5.800058824051712,
        5.750161114083144,
        5.796473865750196
    ]
}