{
    "trial_number": 8,
    "part_name": "Weight Tying",
    "model_name": "LM_LSTM_WEIGHT_TYING",
    "parameters": {
        "n_epochs": 100,
        "patience_value": 5,
        "hid_size": 200,
        "emb_size": 350,
        "optimizer": "SGD",
        "lr": 9.0,
        "clip": 5.0,
        "train_batch_size": 64,
        "eval_batch_size": 128
    },
    "eval_ppl": 1.10115458174417e+123,
    "best_val_loss": 280.9540111343941,
    "losses_train": [
        302.8248179075176,
        358.89229643701987,
        383.9617926139233,
        391.3458976184482,
        424.48966845604866,
        438.6443249946334
    ],
    "losses_dev": [
        280.9540111343941,
        320.3710523511862,
        363.1466619015485,
        478.0913832753232,
        410.65269258772554,
        454.74503569399064
    ]
}