{
    "trial_number": 1,
    "part_name": "Weight Tying",
    "model_name": "LM_LSTM_WEIGHT_TYING",
    "parameters": {
        "n_epochs": 100,
        "patience_value": 5,
        "hid_size": 400,
        "emb_size": 400,
        "optimizer": "SGD",
        "lr": 0.5,
        "clip": 5.0,
        "train_batch_size": 64,
        "eval_batch_size": 128
    },
    "eval_ppl": 126.5922029878254,
    "best_val_loss": 4.861646489369495,
    "losses_train": [
        6.98946858621489,
        6.527434128356031,
        6.308061861477958,
        6.167500692141551,
        6.042960312885538,
        5.932640177206404,
        5.835233921748267,
        5.752076068558782,
        5.678615712664817,
        5.611259879255459,
        5.5507761908280315,
        5.495000866262844,
        5.443942171402265,
        5.3973891055279015,
        5.354356227180975,
        5.313520869645511,
        5.275855620448428,
        5.2395040831112905,
        5.204623045727248,
        5.17171983703474,
        5.140575530389947,
        5.111054886730068,
        5.082287078944056,
        5.054599668776877,
        5.028042023281533,
        5.004281121768455,
        4.979139731706012,
        4.954176488690033,
        4.9311625894824695,
        4.907596043067183,
        4.885267427407131,
        4.8637725442388335,
        4.84153732820188,
        4.821541710824198,
        4.800597017201516,
        4.780810168653814,
        4.761406803420262,
        4.742255589435378,
        4.723185957644059,
        4.704648017257383,
        4.686569091800838,
        4.668169880055814,
        4.650697837302684,
        4.633063912331892,
        4.616609448219359,
        4.5989100916750045,
        4.583888297116072,
        4.566545390675084,
        4.551023177128366,
        4.534510460604649,
        4.518408274175386,
        4.502982266013687,
        4.487969548234218,
        4.472538239355604,
        4.457610306170426,
        4.442165607271737,
        4.427920120538379,
        4.413335673976445,
        4.398521955623926,
        4.384437969595953,
        4.371290058337759,
        4.356120018197193,
        4.342565967731749,
        4.328432500778309,
        4.314463230457281
    ],
    "losses_dev": [
        6.577865411124627,
        6.3756543412705105,
        6.209871300189125,
        6.132947358300629,
        5.989892841723345,
        5.904496633987871,
        5.806943284457575,
        5.7185173952709905,
        5.652529371792425,
        5.6081749754714805,
        5.571587206101719,
        5.52671200188237,
        5.495941161242275,
        5.490043439619885,
        5.3966780018579525,
        5.359226386027845,
        5.337851217047432,
        5.325843084622283,
        5.306948549487676,
        5.258852256734799,
        5.254889631372976,
        5.2326277661177905,
        5.205009013676037,
        5.174882546126936,
        5.170590624001101,
        5.164464334866459,
        5.134280472246147,
        5.139461934734159,
        5.102131574142723,
        5.1322180649217755,
        5.0802398009638265,
        5.055475992017687,
        5.0625374170913835,
        5.041798817303595,
        5.021322657415382,
        5.011630839951964,
        5.006721889595024,
        4.992905493334014,
        5.006435046038145,
        4.994717509977891,
        4.964198003422894,
        4.969506561933957,
        4.958842233060893,
        4.942754881563876,
        4.937791047256801,
        4.95400634800309,
        4.930760983449353,
        4.936883055010477,
        4.919888855838898,
        4.904479326675487,
        4.9021953371950024,
        4.89720612114203,
        4.899253676780704,
        4.898856114982153,
        4.889619601228424,
        4.878487974920976,
        4.879842357090851,
        4.8862676708006285,
        4.871030389282036,
        4.861646489369495,
        4.886408751409557,
        4.879359451859728,
        4.867951026479703,
        4.8697201320877435,
        4.8737935728064175
    ]
}