{
    "trial_number": 14,
    "part_name": "Weight Tying",
    "model_name": "LM_LSTM_WEIGHT_TYING",
    "parameters": {
        "n_epochs": 100,
        "patience_value": 5,
        "hid_size": 250,
        "emb_size": 450,
        "optimizer": "SGD",
        "lr": 7.0,
        "clip": 5.0,
        "train_batch_size": 64,
        "eval_batch_size": 128
    },
    "eval_ppl": 2.6055778160499514e+71,
    "best_val_loss": 161.97606970983094,
    "losses_train": [
        195.63915426466255,
        221.730081487624,
        241.51787297222668,
        253.95222516199948,
        264.0751168885813,
        261.5645021212479,
        268.01363800692894
    ],
    "losses_dev": [
        249.15081687739735,
        161.97606970983094,
        297.2129266408581,
        240.44036018077853,
        251.76821370223044,
        220.00402312118197,
        361.430492612587
    ]
}