{
    "trial_number": 1,
    "parameters": {
        "n_epochs": 100,
        "patience_value": 5,
        "tied_size": 300,
        "optimizer": "SGD",
        "lr": 1.0,
        "clip": 5.0,
        "train_batch_size": 64,
        "eval_batch_size": 128
    },
    "eval_ppl": 262.85143824470344,
    "best_val_loss": 5.629224003931222,
    "losses_train": [
        6.908442471659554,
        6.191589945501954,
        5.986386659396069,
        5.852776980439333,
        5.752543324580929,
        5.670333521005351,
        5.602047728497381,
        5.544177556813154,
        5.49222273098122,
        5.447576159483145,
        5.405151641804819,
        5.368035961402354,
        5.333374050379371,
        5.30109834420922,
        5.271687742744578,
        5.243447705680579,
        5.217116421808107,
        5.191721042775149,
        5.168298723657042,
        5.146339029512026,
        5.12406009737874,
        5.104102258790532,
        5.084403510358138,
        5.065151010486973,
        5.0469505348917085,
        5.028873633700426,
        5.011883147094577,
        4.995100484472251,
        4.978725999927815,
        4.962655470798243,
        4.948119157377576,
        4.9322976689441616,
        4.9179986623412955,
        4.9035897135487545,
        4.889547509009085,
        4.875833711526459,
        4.8625735091604545,
        4.848725536076417,
        4.835942540879585,
        4.822914873629269,
        4.810358791517463,
        4.79791136681044,
        4.7856081497924405,
        4.77329423228333
    ],
    "losses_dev": [
        6.506280376240855,
        6.221057331807607,
        6.086476690414565,
        6.083717266634998,
        5.951880184563237,
        5.904297554806258,
        5.8749596555796275,
        5.841803423337832,
        5.8330504183167,
        5.796690550526531,
        5.780479578342538,
        5.757110842826574,
        5.758619048504316,
        5.741956012095557,
        5.72076698516746,
        5.705774877856851,
        5.707802323716526,
        5.693036140997922,
        5.7014093840455855,
        5.683742135057803,
        5.671377166778395,
        5.67810590299359,
        5.681166106358325,
        5.663729630784735,
        5.653288743129795,
        5.653396651968053,
        5.640857563108218,
        5.656817874076573,
        5.6517679332890856,
        5.640197089707788,
        5.631820579428008,
        5.645087768537345,
        5.639781166203473,
        5.643203595314942,
        5.62932296429935,
        5.63246921865011,
        5.638271857574762,
        5.642345346851027,
        5.629224003931222,
        5.655700751227536,
        5.657514314777489,
        5.634736414141302,
        5.632220929819576,
        5.634922042870525
    ]
}