{
    "trial_number": 10,
    "parameters": {
        "n_epochs": 100,
        "patience_value": 5,
        "hid_size": 400,
        "emb_size": 350,
        "emb_dropout": 0.3,
        "out_dropout": 0.3,
        "optimizer": "SGD",
        "lr": 0.5,
        "clip": 5.0,
        "train_batch_size": 64,
        "eval_batch_size": 128
    },
    "eval_ppl": 117.37488832301631,
    "best_val_loss": 4.800957201895244,
    "losses_train": [
        6.733523791016811,
        6.093188696143422,
        5.903924969201855,
        5.776724722457183,
        5.6826578666447825,
        5.606773902049456,
        5.544332831334716,
        5.489510960049875,
        5.442364673232955,
        5.399349792776753,
        5.360585506366175,
        5.326001464411193,
        5.295063483462017,
        5.265384729396962,
        5.237490505766816,
        5.212025967265756,
        5.1873218215920955,
        5.16571765323356,
        5.1424366330360805,
        5.122875812623263,
        5.104120140188532,
        5.086947147837312,
        5.068833697470946,
        5.0522527997243465,
        5.036262233878798,
        5.02047960779708,
        5.00576984324173,
        4.991640226370065,
        4.977668005523319,
        4.965104686040382,
        4.951303568610709,
        4.939913687815989,
        4.927426837293608,
        4.916960079224307,
        4.904790412866564,
        4.893906283295136,
        4.88227616457674,
        4.872507585138363,
        4.86145357352309,
        4.851587628388923,
        4.843598524902769,
        4.832015340832263,
        4.824332081816147,
        4.814609362498684,
        4.805528051655699,
        4.797088751534659,
        4.78840436865913,
        4.780986597043597,
        4.771574848589038,
        4.762999038768197,
        4.756157223874846,
        4.748835258812394,
        4.741254577277329,
        4.733888078985668,
        4.726876432238492,
        4.719416658877636,
        4.712796905673077,
        4.706478765288626,
        4.698579253737511,
        4.692572834970917,
        4.685677585025576,
        4.678643108399193,
        4.6725746480637484,
        4.667921055997098,
        4.66022195598457,
        4.653271006369497,
        4.6497709887984895,
        4.642103677805374,
        4.637146131708402,
        4.630101030115291,
        4.625526607659621,
        4.618299679121322,
        4.6139952896239365,
        4.608361731009717,
        4.604869844766483,
        4.598187871128836,
        4.593293993876066,
        4.5884273309279795,
        4.582637047983379,
        4.578295405653458,
        4.572999417890962,
        4.567702203294172,
        4.562633435628364,
        4.558700923590891,
        4.554474934170382,
        4.549468519424066,
        4.544531192370529,
        4.540530851819484,
        4.536377162883254,
        4.5310288521271795,
        4.526710080429361,
        4.5217378978381655,
        4.51643425645543,
        4.512617605658101,
        4.509631827632991,
        4.506525848300229,
        4.500388444303506,
        4.4963852569821725,
        4.4935389972153805,
        4.488212264208806
    ],
    "losses_dev": [
        6.1846824666589715,
        5.906750399837068,
        5.7458560952816455,
        5.633861420245685,
        5.55327684652028,
        5.507530401213329,
        5.451146583432483,
        5.410419189349073,
        5.3545369853450415,
        5.320705760983449,
        5.301358863341739,
        5.268586756319701,
        5.242746321554464,
        5.250036612422752,
        5.2103233505402935,
        5.178238701065048,
        5.1640945826932985,
        5.145254882951236,
        5.1284493855106374,
        5.119770437750835,
        5.108929608975441,
        5.087268054266852,
        5.081845440914015,
        5.070303086764366,
        5.060631275027969,
        5.042600135461802,
        5.039423719910943,
        5.026746817674296,
        5.016511058089306,
        5.005784755857988,
        5.006738586469136,
        4.9944430139224325,
        4.997728142980182,
        4.982241088156166,
        4.974385781172308,
        4.9671084551805125,
        4.964824063365713,
        4.956070329980732,
        4.953858795361113,
        4.948034312457824,
        4.934541719016373,
        4.94088364547077,
        4.935104362746839,
        4.928610749318529,
        4.9210339964172825,
        4.9205245232477095,
        4.92284873922299,
        4.907492234947702,
        4.909770584810964,
        4.903333270439693,
        4.900064137639402,
        4.892534860187438,
        4.89627690229214,
        4.886907541909362,
        4.881402436148156,
        4.879272880613812,
        4.8811977659069115,
        4.877856261487338,
        4.870066111852269,
        4.868010773125621,
        4.866486800104774,
        4.862667856651336,
        4.858590656187847,
        4.861121893979081,
        4.855884049192445,
        4.854519976314995,
        4.851865443866316,
        4.848433684760797,
        4.845666720681205,
        4.844485987389455,
        4.844700854724571,
        4.837132980925468,
        4.83966011906876,
        4.843313293847226,
        4.837243671419946,
        4.835462377856851,
        4.8339550045949355,
        4.839913853286156,
        4.828424690507796,
        4.8284016950206,
        4.832364701906343,
        4.820825372200863,
        4.826353327776495,
        4.822345585476897,
        4.820299653049084,
        4.818745928099251,
        4.815820187637626,
        4.817128148751598,
        4.817807996630381,
        4.81910864635868,
        4.811510722348256,
        4.81156475307217,
        4.813850088291572,
        4.809493952221551,
        4.813363707724375,
        4.808595172043703,
        4.8103239609785655,
        4.804269058437811,
        4.800957201895244,
        4.804062536071353
    ]
}