{
    "trial_number": 25,
    "part_name": "Variational Dropout",
    "model_name": "LM_LSTM_VAR_DROPOUT",
    "parameters": {
        "n_epochs": 100,
        "patience_value": 5,
        "hid_size": 400,
        "emb_size": 300,
        "emb_dropout": 0.5,
        "out_dropout": 0.5,
        "optimizer": "SGD",
        "lr": 0.1,
        "clip": 5.0,
        "train_batch_size": 64,
        "eval_batch_size": 128
    },
    "eval_ppl": 162.5655796824925,
    "best_val_loss": 5.131225686521079,
    "losses_train": [
        7.930364668631413,
        6.675737490195256,
        6.582688815308529,
        6.556430083129939,
        6.536170200759143,
        6.505004581348406,
        6.47601434334227,
        6.452949594657729,
        6.4304177706687495,
        6.40832267931968,
        6.386190910260463,
        6.358771350566615,
        6.322840656876086,
        6.283067561048729,
        6.242212011161871,
        6.199445180506616,
        6.159526323983132,
        6.1260249884658124,
        6.094546189867823,
        6.062075232263942,
        6.031682845066995,
        6.000911942189117,
        5.969490841335353,
        5.940409668560102,
        5.910569439243836,
        5.882097202537879,
        5.855251884312056,
        5.829745520121068,
        5.806067709972912,
        5.785040796120663,
        5.763481599198346,
        5.743900844836686,
        5.724879562238184,
        5.706456697328277,
        5.688487756057005,
        5.671418588614367,
        5.653948445656948,
        5.637342703027317,
        5.621831220661029,
        5.605160387743202,
        5.591174469321273,
        5.574910402536252,
        5.560711285944824,
        5.545509114161142,
        5.531736290124001,
        5.517222879871886,
        5.504209106385216,
        5.491011056737114,
        5.477543988300413,
        5.466129845362979,
        5.453518141246841,
        5.44173763770607,
        5.430324533300229,
        5.419823662772534,
        5.40811863661048,
        5.3981699371958545,
        5.387223946863649,
        5.376961925590097,
        5.367345291130629,
        5.357828247961263,
        5.347516121006446,
        5.337584058739695,
        5.329280642085707,
        5.3199371992462146,
        5.3124420507087695,
        5.303242996110636,
        5.293618279526184,
        5.286471310003847,
        5.278416363541452,
        5.2697163333516155,
        5.262784026026142,
        5.254027263787245,
        5.246215655972246,
        5.239951374178825,
        5.231659086075566,
        5.224688015030702,
        5.21623762577618,
        5.20850137865698,
        5.201476035524133,
        5.194593271708933,
        5.188451656090042,
        5.181355214340607,
        5.173977251795609,
        5.166907631060577,
        5.160917086784794,
        5.154231609508517,
        5.147939764904693,
        5.1403952780188975,
        5.135450353501777,
        5.129122523594853,
        5.121865933731445,
        5.11710539543254,
        5.109391643181401,
        5.103390470663163,
        5.097721511756392,
        5.089952014397642,
        5.085626671640068,
        5.08038728730131,
        5.07381612255515,
        5.0691746447250825
    ],
    "losses_dev": [
        6.7910681365650305,
        6.625010890773725,
        6.543135510637164,
        6.524331202441309,
        6.513108114444967,
        6.464713539354401,
        6.442916779505256,
        6.430593660931507,
        6.402046612234071,
        6.379166178778502,
        6.366484719065208,
        6.3222544220703405,
        6.279434820175984,
        6.2421189644303166,
        6.203050047891657,
        6.147932299898335,
        6.121664925992683,
        6.099452797583108,
        6.059557333749911,
        6.042491803478832,
        6.0020893498499435,
        5.949974972030828,
        5.932114006006713,
        5.897113750732526,
        5.874443724250604,
        5.83818034039148,
        5.806378372393984,
        5.787964751629315,
        5.7659140078380275,
        5.758763035631837,
        5.730685996657018,
        5.706889808677547,
        5.6958030565199245,
        5.684991313740855,
        5.668503410685111,
        5.6428779681173635,
        5.636361699104986,
        5.614297081716597,
        5.606729436831848,
        5.578297809525501,
        5.585871537982579,
        5.5596755367972195,
        5.539336663089128,
        5.532140351967609,
        5.5337804886169915,
        5.527691214239416,
        5.517423482949904,
        5.475770546519836,
        5.474907553285711,
        5.459079943273636,
        5.4621825235407195,
        5.432977186534398,
        5.435374592671189,
        5.422892704652206,
        5.41208754489496,
        5.399661290000355,
        5.393962716927565,
        5.391120329037328,
        5.374556370922273,
        5.378711395328704,
        5.373879561361255,
        5.3538775385907975,
        5.349379302202461,
        5.328016855310591,
        5.328098751154283,
        5.3285603881610495,
        5.315687167588614,
        5.302438950623313,
        5.3005158827714345,
        5.290620650627308,
        5.2905204971298305,
        5.304382405726133,
        5.282879086329291,
        5.26939175791794,
        5.2716041249533845,
        5.259799407208943,
        5.253099208982988,
        5.24722440654301,
        5.244958071214839,
        5.238457763775927,
        5.237008125488351,
        5.225538455113919,
        5.216147403362072,
        5.210690577718781,
        5.221227484539264,
        5.221449982352785,
        5.2024058759678224,
        5.200831097834387,
        5.187170751793579,
        5.203368120915613,
        5.177666283385424,
        5.1770882746461675,
        5.177145919442126,
        5.180123006086625,
        5.146609514845859,
        5.150345785534167,
        5.163441885444044,
        5.168327500410658,
        5.144491994657001,
        5.131225686521079
    ]
}