{
    "trial_number": 17,
    "part_name": "Variational Dropout",
    "model_name": "LM_LSTM_VAR_DROPOUT",
    "parameters": {
        "n_epochs": 100,
        "patience_value": 5,
        "hid_size": 250,
        "emb_size": 500,
        "emb_dropout": 0.5,
        "out_dropout": 0.4,
        "optimizer": "SGD",
        "lr": 3.0,
        "clip": 5.0,
        "train_batch_size": 64,
        "eval_batch_size": 128
    },
    "eval_ppl": 101.48012789148683,
    "best_val_loss": 4.647465023274346,
    "losses_train": [
        6.556597206257656,
        5.940897526317268,
        5.657759685608316,
        5.459483836525726,
        5.31176131658568,
        5.203602553702042,
        5.1140086845482,
        5.034809785652352,
        4.967448137621957,
        4.908064164722516,
        4.854772370429074,
        4.805223095415827,
        4.75901302038534,
        4.718847802526854,
        4.680926360622642,
        4.64682760287872,
        4.617719614793247,
        4.586084602803278,
        4.559942316554363,
        4.5333334223678365,
        4.510118640080921,
        4.486376390478848,
        4.466060694789896,
        4.446221775761629,
        4.425252961515199,
        4.406213717364402,
        4.388157674914062,
        4.372750092527017,
        4.354624037302748,
        4.340636559643818,
        4.32696599490921,
        4.310833256257938,
        4.298413154977804,
        4.284465813252068
    ],
    "losses_dev": [
        6.280256428469953,
        5.748214065718675,
        5.704719277474162,
        5.507765371390645,
        5.330352503129883,
        5.287985978232881,
        5.118956737407213,
        5.065836676407781,
        4.994292957096178,
        4.994284258350795,
        4.935145789307785,
        4.921006540568618,
        4.904222845485864,
        4.85229865387262,
        4.82799277768282,
        4.842800789296686,
        4.814090705022908,
        4.77327215446974,
        4.773600903226666,
        4.756831685242489,
        4.728984809243589,
        4.7340508017829235,
        4.7573798241271845,
        4.705692794719598,
        4.727146994645901,
        4.6861197158243355,
        4.768419988745738,
        4.673640553967183,
        4.647465023274346,
        4.666533831598949,
        4.694966665908243,
        4.671594177584263,
        4.706949992341775,
        4.7040982120263
    ]
}