{"losses_train": [6.287994389278682, 5.605298494185917, 5.302517970983196, 5.07815899976362, 4.89357919671857, 4.7308128034386545, 4.582448084734268, 4.4399747819466, 4.304853263942409, 4.172256367825247, 4.0430845793438515, 3.9154179037138497, 3.7870633685169137, 3.6622055313713475], "losses_dev": [5.828932901180033, 5.4766444860220735, 5.349254828289263, 5.238850331079521, 5.202755254763638, 5.080969919821707, 5.049680518805938, 5.04529626789139, 5.040462893954663, 5.092446374385122, 5.054911877685928, 5.0780773441939555, 5.149131179855093, 5.217868485513745]}