{
    "trial_number": 2,
    "part_name": "Weight Tying",
    "model_name": "LM_LSTM_WEIGHT_TYING",
    "parameters": {
        "n_epochs": 100,
        "patience_value": 5,
        "hid_size": 350,
        "emb_size": 500,
        "optimizer": "SGD",
        "lr": 4.0,
        "clip": 5.0,
        "train_batch_size": 64,
        "eval_batch_size": 128
    },
    "eval_ppl": 1.9046576034199383e+25,
    "best_val_loss": 58.117024235509305,
    "losses_train": [
        44.378022652832776,
        74.18661818635067,
        74.51993699212896,
        73.81827522777174,
        74.95090417739516,
        76.41069962955822,
        82.11222101807759,
        77.44456529067523,
        78.39429664637821,
        83.91886696547947,
        84.4777341259558,
        84.50698895386017,
        85.71298389326307
    ],
    "losses_dev": [
        111.31620813503339,
        113.34450616653643,
        75.82412385459583,
        120.7659031378747,
        82.18056186958374,
        97.60586209422503,
        68.41587899781574,
        58.117024235509305,
        63.12470532479755,
        60.101656673977125,
        101.58139206563432,
        68.5306616484941,
        76.55004384056684
    ]
}