{"losses_train": [6.353397528404987, 5.679328994192024, 5.4076241965539, 5.2170660825665145, 5.067082178589176, 4.941632002787418, 4.833346699553664, 4.736389602773697, 4.647446439248746, 4.56433339406133, 4.487717632302744, 4.4143300473240945, 4.344876583722094, 4.277512256186018, 4.212823113348639, 4.150155704298665], "losses_dev": [5.972530083507956, 5.583672517347546, 5.396012409100192, 5.266963621763567, 5.237860713524649, 5.1838952579490165, 5.088137235125284, 5.069202147466348, 5.055919704336997, 5.069580182176979, 5.011325287849393, 5.0317015092808814, 5.03412918066975, 5.018653314901798, 5.029124988068706, 5.045762365259625]}