{
    "trial_number": 12,
    "parameters": {
        "n_epochs": 100,
        "patience_value": 5,
        "tied_size": 300,
        "optimizer": "SGD",
        "lr": 0.1,
        "clip": 5.0,
        "train_batch_size": 64,
        "eval_batch_size": 128
    },
    "eval_ppl": 300.8024322556735,
    "best_val_loss": 5.73382358000959,
    "losses_train": [
        8.295283596668355,
        7.046598437638543,
        6.755184488928412,
        6.590162017246541,
        6.47546062404892,
        6.387953859555708,
        6.316628912505513,
        6.256354978364505,
        6.20469757303887,
        6.1587676473307695,
        6.117606956598551,
        6.080750520184792,
        6.046877002416698,
        6.015493360972557,
        5.986518637744088,
        5.959679641253158,
        5.9345615079969765,
        5.910859190590206,
        5.8885262012908814,
        5.867305655575823,
        5.847015043021123,
        5.827734260862231,
        5.809427753181103,
        5.791865885225418,
        5.774824271750816,
        5.758740248343661,
        5.743103705071545,
        5.727770423218542,
        5.713168903258188,
        5.699151144535633,
        5.6855918553597125,
        5.672062047242932,
        5.659177838219357,
        5.646485335833421,
        5.6343923100049,
        5.622582281607928,
        5.611099765371404,
        5.599971443654142,
        5.58842478834896,
        5.577679301021022,
        5.567249848204478,
        5.557060207627257,
        5.546867103389562,
        5.536970011031791,
        5.5271481212774605,
        5.517674746584163,
        5.508255021220076,
        5.499056465010018,
        5.490282596179441,
        5.481467853996528,
        5.472876460426164,
        5.4644524544357145,
        5.4561902946562615,
        5.447970131658845,
        5.439808920105257,
        5.432272635145135,
        5.424234037957267,
        5.416368832892113,
        5.409009797716264,
        5.401633105998455,
        5.39426752858731,
        5.387120853570901,
        5.379978118211836,
        5.372935500352865,
        5.365824985119681,
        5.359175585634606,
        5.352409746974935,
        5.345964622040128,
        5.3394562035448425,
        5.333120131215089,
        5.326534156123454,
        5.320592822735495,
        5.314252457586709,
        5.30800027147906,
        5.3021378911914345,
        5.296131666101036,
        5.290093527456661,
        5.284114026241428,
        5.278599198653422,
        5.272623654241387,
        5.26683069886156,
        5.261549785747377,
        5.256179621130875,
        5.250622572716607,
        5.245210771145113,
        5.239887211833541,
        5.234507466641356,
        5.229682396905464,
        5.224357365789566,
        5.219124338953819,
        5.214145756155623,
        5.2090889845576624,
        5.204106378794866,
        5.199406779368844,
        5.194320562058106,
        5.189660529476148,
        5.184821524558039,
        5.180145955163954,
        5.174973953038344,
        5.170763758985099
    ],
    "losses_dev": [
        7.311063888469598,
        6.921173439941753,
        6.731216342653431,
        6.617661907652898,
        6.5337970606287294,
        6.46868092336003,
        6.4102076447404635,
        6.371168757602732,
        6.330031079632228,
        6.296501932037132,
        6.267384220670106,
        6.239229739276264,
        6.218794437131518,
        6.1957576274262145,
        6.173709998257476,
        6.15512331130576,
        6.141882724818866,
        6.126680772415293,
        6.119384106629138,
        6.091178861743501,
        6.07863539576378,
        6.078699359983219,
        6.057287571643255,
        6.043352042803932,
        6.03579025257716,
        6.02448266050087,
        6.013597352973167,
        6.004617341219456,
        6.000785675677475,
        5.986743694727589,
        5.978627806906165,
        5.967673256255328,
        5.968700880529461,
        5.95820413083579,
        5.952248986394996,
        5.940828858635815,
        5.9340311151486365,
        5.932281425639739,
        5.924143908880434,
        5.915479431282408,
        5.912333350351612,
        5.903935335996324,
        5.897976057223594,
        5.892565271112285,
        5.884888524259927,
        5.886058609565901,
        5.878968459209405,
        5.876550971040809,
        5.867901026035748,
        5.862438255556098,
        5.862781418980413,
        5.853785334664459,
        5.852326525929198,
        5.845606786741724,
        5.8419962663375475,
        5.8395148347599095,
        5.836292608591419,
        5.839937036066913,
        5.826640483489309,
        5.825621405350991,
        5.8234220309392315,
        5.822344010823626,
        5.8156996746364005,
        5.812186317969527,
        5.809611773744939,
        5.801790096360456,
        5.802603983997638,
        5.802402435315741,
        5.800287689846303,
        5.790494678365624,
        5.79148016158856,
        5.789733031758328,
        5.784740853692375,
        5.785386031451999,
        5.780040742592609,
        5.783542792277845,
        5.7711322006743675,
        5.776985173009305,
        5.767199334178328,
        5.775551801514331,
        5.7641406430356765,
        5.762002673164689,
        5.761747225558052,
        5.7568358542584175,
        5.762821811958375,
        5.752211645608396,
        5.752818240894481,
        5.753832352285037,
        5.7520595424265695,
        5.755594715324887,
        5.7467830666088044,
        5.745305736621413,
        5.742593753607135,
        5.738754159304412,
        5.74444288212326,
        5.739932520211056,
        5.740574680463312,
        5.734363325368038,
        5.742670238747958,
        5.73382358000959
    ]
}