{
    "trial_number": 0,
    "part_name": "Weight Tying",
    "model_name": "LM_LSTM_WEIGHT_TYING",
    "parameters": {
        "n_epochs": 100,
        "patience_value": 5,
        "hid_size": 300,
        "emb_size": 500,
        "optimizer": "SGD",
        "lr": 0.5,
        "clip": 5.0,
        "train_batch_size": 64,
        "eval_batch_size": 128
    },
    "eval_ppl": 121.71068095583334,
    "best_val_loss": 4.818740427218,
    "losses_train": [
        6.903496031631843,
        6.4889768567890345,
        6.320925541324101,
        6.111726846525287,
        5.940640905054623,
        5.789997052590881,
        5.6697529824850905,
        5.568984944280065,
        5.481584147372547,
        5.399376835431106,
        5.329684702260414,
        5.26546802386553,
        5.209784792049289,
        5.153670865342898,
        5.101795033092336,
        5.054015875183689,
        5.009265509035998,
        4.964080245418757,
        4.921420598790836,
        4.882747691222817,
        4.842954869913816,
        4.802996669846379,
        4.767600253269285,
        4.732097300084257,
        4.697085272775433,
        4.662490053155851,
        4.6310227042721746,
        4.597784863467062,
        4.566742417657402,
        4.534315307422301,
        4.504595357074787,
        4.474061643132608,
        4.446090882255069,
        4.417543355738113,
        4.389916211488311,
        4.3618359531333555,
        4.335490548662171,
        4.3107603654965345,
        4.283559961503983,
        4.259566814458957,
        4.233743785312447,
        4.20994104500331,
        4.185013252707107,
        4.162425458888527,
        4.139128884572693
    ],
    "losses_dev": [
        6.5803485630283065,
        6.388980867754652,
        6.197283903464181,
        6.005669494013265,
        5.855778242204148,
        5.777078674116973,
        5.6705120716943105,
        5.5683243857881095,
        5.512696117168632,
        5.589145693025022,
        5.384627346857686,
        5.3587540177937205,
        5.367615209125053,
        5.304592472796651,
        5.252414852185147,
        5.246887742898938,
        5.212139362780135,
        5.146467470021931,
        5.136774584291537,
        5.116746999418419,
        5.05814142217689,
        5.0597589240526,
        5.041198916028112,
        4.9822455554544325,
        5.0098040409903755,
        5.031518391672734,
        4.955541794488742,
        4.991970066049421,
        4.946031110709085,
        4.976668195999521,
        4.89445542385504,
        4.896990220223931,
        4.880504287218977,
        4.880425589239416,
        4.859260230667974,
        4.886681818484515,
        4.858545705733237,
        4.830901779649542,
        4.854395571769783,
        4.818740427218,
        4.82935872349588,
        4.850671745698075,
        4.834548156365428,
        4.8278456343119585,
        4.831880894891409
    ]
}