{
    "trial_number": 15,
    "part_name": "Non-monotonically Triggered AvSGD",
    "model_name": "LM_LSTM_VAR_DROPOUT",
    "parameters": {
        "n_epochs": 100,
        "patience_value": 5,
        "hid_size": 400,
        "emb_size": 350,
        "emb_dropout": 0.1,
        "out_dropout": 0.3,
        "optimizer": "SGD",
        "lr": 0.5,
        "clip": 5.0,
        "train_batch_size": 64,
        "eval_batch_size": 128
    },
    "eval_ppl": 116.25129768695547,
    "best_val_loss": 4.774157539689587,
    "losses_train": [
        6.91513806021576,
        6.495294796224287,
        6.34245399988475,
        6.152618595556205,
        6.002813513885449,
        5.867364540230718,
        5.756865983898405,
        5.669118610721595,
        5.591529627874463,
        5.522556343005717,
        5.4589628122284735,
        5.4027499291905094,
        5.349356821828756,
        5.302387913913035,
        5.259567395501508,
        5.217222238364376,
        5.180054081811323,
        5.141432727070416,
        5.107269589358418,
        5.071605582964389,
        5.037616039222615,
        5.006223700209093,
        4.976090695326023,
        4.947026378665147,
        4.916051090709033,
        4.887666907210538,
        4.860239634829946,
        4.832799604482259,
        4.805602961592283,
        4.780080098533461,
        4.753834703258424,
        4.729132826020334,
        4.7047962825514,
        4.680112303285508,
        4.657503319624008,
        4.63490741820827,
        4.612288465046111,
        4.590135639207406,
        4.569297242589672,
        4.548467421827417,
        4.528533580345714,
        4.508400339835487,
        4.489369356072976,
        4.470193203110525,
        4.453390185640992,
        4.433758855188792,
        4.416131234980577,
        4.399526401495367,
        4.380725776513706,
        4.36552996711842,
        4.347011995164902,
        4.3312606734562396,
        4.315777228252647
    ],
    "losses_dev": [
        6.5809134681551,
        6.421744484135265,
        6.21985806339013,
        6.055776931149222,
        5.931646153628445,
        5.840450796177991,
        5.71525940990597,
        5.626215327106123,
        5.561285193153768,
        5.501141207413606,
        5.493989534590762,
        5.432809850142953,
        5.40361874051046,
        5.328317627958961,
        5.308703122502752,
        5.294194066096036,
        5.255290592202816,
        5.215620962783244,
        5.174276034082434,
        5.1473988323425734,
        5.1494019785969245,
        5.1421194500062155,
        5.104913376034415,
        5.078902670611948,
        5.105692052482153,
        5.025699139115552,
        5.033488761553932,
        5.008149850387129,
        4.971353415180157,
        4.986725423200206,
        5.041509816402366,
        4.9545277385925734,
        4.9509228161848275,
        4.961592687559934,
        4.877774074298107,
        4.880720423988226,
        4.86075339042966,
        4.892986001817996,
        4.84277252877939,
        4.860531107656894,
        4.828322442097155,
        4.815517715473612,
        4.8496431225249506,
        4.836204615301801,
        4.8280905587951946,
        4.792290962350387,
        4.815756251165382,
        4.774157539689587,
        4.780304958312615,
        4.792622104302813,
        4.782888582806507,
        4.778127365448306,
        4.783108611119744
    ]
}