{
    "trial_number": 4,
    "parameters": {
        "n_epochs": 100,
        "patience_value": 5,
        "tied_size": 400,
        "optimizer": "SGD",
        "lr": 10.0,
        "clip": 5.0,
        "train_batch_size": 64,
        "eval_batch_size": 128
    },
    "eval_ppl": 273.5003242832613,
    "best_val_loss": 5.688677396691647,
    "losses_train": [
        6.663981072023474,
        5.84032102137277,
        5.594469957382814,
        5.433737195375275,
        5.313898373861365,
        5.214369137970296,
        5.129498559070424,
        5.0532343849087935,
        4.9853841854328,
        4.921960173231826,
        4.864247007695504,
        4.8080182077628075,
        4.756394440009767,
        4.704803534174655,
        4.6576528180166035,
        4.611936947735171,
        4.569005311055708,
        4.525173103107778
    ],
    "losses_dev": [
        6.13239477986486,
        5.937377170108059,
        5.805640151355395,
        5.7810028973620184,
        5.723695708452461,
        5.721269022088986,
        5.696372373450597,
        5.697451066435662,
        5.689837493007707,
        5.699628673173569,
        5.694739111168579,
        5.7127204237107545,
        5.688677396691647,
        5.701194849676801,
        5.723657236967698,
        5.733644992130896,
        5.731407201728762,
        5.7504236996554905
    ]
}