{
    "trial_number": 24,
    "part_name": "Variational Dropout",
    "model_name": "LM_LSTM_VAR_DROPOUT",
    "parameters": {
        "n_epochs": 100,
        "patience_value": 5,
        "hid_size": 250,
        "emb_size": 500,
        "emb_dropout": 0.2,
        "out_dropout": 0.4,
        "optimizer": "SGD",
        "lr": 4.0,
        "clip": 5.0,
        "train_batch_size": 64,
        "eval_batch_size": 128
    },
    "eval_ppl": 7.397172100923482e+22,
    "best_val_loss": 53.680426074815315,
    "losses_train": [
        60.882283656488,
        76.45145510085558,
        82.86342411023443,
        83.71983250432743,
        83.5005821693405,
        82.21409222451295
    ],
    "losses_dev": [
        53.680426074815315,
        63.56104482614718,
        99.75800728530331,
        60.37154536333286,
        95.30255751438415,
        76.02425504333002
    ]
}