{"losses_train": [5.745890997291494, 4.951129753193951, 4.613574739752302, 4.360487041864241, 4.148972938071079, 3.956441946254542, 3.7847171202049044, 3.6258854683652006, 3.4744582508702537, 3.337661632504731], "losses_dev": [5.253084496033261, 5.088118589010779, 5.019797463517989, 5.098156941182608, 5.014935718075188, 5.113541927952745, 5.204290472334938, 5.195213518821477, 5.262229811696441, 5.348433407288855]}