{
    "trial_number": 5,
    "parameters": {
        "n_epochs": 100,
        "patience_value": 5,
        "hid_size": 350,
        "emb_size": 400,
        "emb_dropout": 0.1,
        "out_dropout": 0.5,
        "optimizer": "SGD",
        "lr": 0.5,
        "clip": 5.0,
        "train_batch_size": 64,
        "eval_batch_size": 128
    },
    "eval_ppl": 114.99929524344643,
    "best_val_loss": 4.770214698077231,
    "losses_train": [
        6.7015809819261,
        6.068332367123044,
        5.879810807072886,
        5.754064916836527,
        5.660775074528358,
        5.586240404214478,
        5.5231110999807,
        5.47006424644918,
        5.423039432279118,
        5.3807293527432325,
        5.34408239836954,
        5.309417324195451,
        5.2773405537015705,
        5.247653246122275,
        5.220883664886576,
        5.195493783655426,
        5.172241963053892,
        5.150298278690902,
        5.128273894148853,
        5.1084678849258,
        5.089783224206611,
        5.071120055529688,
        5.053717213944762,
        5.037029721459916,
        5.0222713243117,
        5.007964220678943,
        4.991727268196803,
        4.978201353317898,
        4.964241025131182,
        4.950877455583109,
        4.9376415970101375,
        4.927064782717515,
        4.91398729203623,
        4.903040871169749,
        4.890622605273537,
        4.8792151603744545,
        4.869416517310693,
        4.858523007883366,
        4.8487406339524615,
        4.838996898436482,
        4.828275213424023,
        4.819447973357681,
        4.811754896455417,
        4.802663293318117,
        4.79270305417305,
        4.784965044675327,
        4.775544114591727,
        4.768826629841553,
        4.759791481058521,
        4.751719407911137,
        4.744477087477632,
        4.73649821229173,
        4.729024521032587,
        4.7211772817515225,
        4.713645890092436,
        4.709320406136915,
        4.700683804098713,
        4.6945058238565,
        4.6861969465415445,
        4.6805823036681025,
        4.673725883089927,
        4.667672752161054,
        4.662330163227374,
        4.654387812862708,
        4.649388699238201,
        4.6447826261011835,
        4.636033996110671,
        4.629531637286776,
        4.623772576471768,
        4.620370449571899,
        4.614967570488149,
        4.608136285280166,
        4.603371648402554,
        4.597027258999722,
        4.592645505032698,
        4.586853597578068,
        4.582897949102378,
        4.576274822951385,
        4.572698801629949,
        4.567533746275484,
        4.561924898730839,
        4.557748383940621,
        4.553398099484751,
        4.547638174897116,
        4.5415044416381525,
        4.538016294791035,
        4.533514783032657,
        4.528919385429013,
        4.524207151458311,
        4.521003941035958,
        4.515531383178014,
        4.510517965192549,
        4.507925935313419,
        4.504363318475329,
        4.498511203265603,
        4.495013380296567,
        4.491189262021343,
        4.485978729018878,
        4.4831174856616665,
        4.478040461054687
    ],
    "losses_dev": [
        6.122370398405313,
        5.865876153728335,
        5.736280323521186,
        5.614541055858432,
        5.545449196552244,
        5.473154464745525,
        5.417272878116565,
        5.381136090830995,
        5.3395455509038925,
        5.303616416682945,
        5.26886336116192,
        5.242349453435769,
        5.214472804697489,
        5.195977801412221,
        5.17199975138514,
        5.167117285725068,
        5.1385743158651795,
        5.128225389348629,
        5.114426307336802,
        5.110715217227234,
        5.08138729311692,
        5.0647148504093265,
        5.053127906518593,
        5.040199448219296,
        5.025790725666821,
        5.020797229609142,
        5.011918883574993,
        5.008401919772872,
        4.991774274910321,
        4.983559128438432,
        4.974806359268451,
        4.965302119774648,
        4.9586517000150945,
        4.954683601519214,
        4.943198545325597,
        4.937785664301126,
        4.9341747346258344,
        4.927662398778236,
        4.925122989438308,
        4.92122797705196,
        4.91233896222164,
        4.904706721868784,
        4.903154703371395,
        4.8960562704774295,
        4.887642266801481,
        4.884779352924332,
        4.885686901215549,
        4.878427659457576,
        4.872337122582665,
        4.869604807811834,
        4.869671366393931,
        4.861585577341419,
        4.85538904618465,
        4.854219571316948,
        4.853924285676232,
        4.856728209018504,
        4.847648418354436,
        4.841546872780224,
        4.839131521145582,
        4.838729575290347,
        4.839420202954077,
        4.833559711129511,
        4.827754970354897,
        4.82452813815217,
        4.823758396300966,
        4.818630735622514,
        4.816867713586802,
        4.822101271431933,
        4.814534125996679,
        4.811769832584529,
        4.812767496825721,
        4.805562188676481,
        4.811819291958197,
        4.8043410624067695,
        4.801775730250657,
        4.8055816949540064,
        4.798822499256375,
        4.796518053156965,
        4.796013414935982,
        4.792779042433229,
        4.798996044082522,
        4.794288427366725,
        4.78847373922299,
        4.791529530783847,
        4.787829900265485,
        4.784442127399577,
        4.7845194102722335,
        4.780543917149098,
        4.781250561880682,
        4.779876839916447,
        4.778294632471765,
        4.776345655677298,
        4.774068165977057,
        4.774988151948075,
        4.7773511168800615,
        4.775878718956439,
        4.7741909819954005,
        4.770764453235989,
        4.770214698077231,
        4.771278851532533
    ]
}