{
    "trial_number": 9,
    "part_name": "Baseline RNN",
    "model_name": "LM_RNN",
    "parameters": {
        "n_epochs": 100,
        "patience_value": 5,
        "hid_size": 300,
        "emb_size": 300,
        "optimizer": "SGD",
        "lr": 0.05,
        "clip": 5.0,
        "train_batch_size": 64,
        "eval_batch_size": 128
    },
    "eval_ppl": 171.70166110441164,
    "best_val_loss": 5.187195231755664,
    "losses_train": [
        7.283820152094133,
        6.4261280696444425,
        6.260452008335783,
        6.157811965884207,
        6.080989229940905,
        6.019115944684056,
        5.966954634821302,
        5.921491155032632,
        5.881082044768309,
        5.844551236734729,
        5.811081489981774,
        5.780166000140855,
        5.751241177156647,
        5.724126181984976,
        5.698558980655062,
        5.674214709624029,
        5.651110749620558,
        5.629009091101019,
        5.607870155080692,
        5.587731117100116,
        5.568320495930654,
        5.549802055939631,
        5.531910624448734,
        5.514741508539836,
        5.4983533594708325,
        5.482299129796483,
        5.466916916064071,
        5.451905111645506,
        5.43738515263458,
        5.423269585274816,
        5.409686710980154,
        5.3964656300410585,
        5.383579051035462,
        5.371017954313282,
        5.358751590162513,
        5.3467981347798945,
        5.3351227690575325,
        5.32374054674614,
        5.3124935729147955,
        5.3017034668852,
        5.291131934272184,
        5.280720551320477,
        5.2705525405428,
        5.260451063868101,
        5.250612348971318,
        5.241020472600217,
        5.231810956548216,
        5.2222791935276724,
        5.213415988530919,
        5.204250717139017,
        5.195642134541166,
        5.186896288482005,
        5.178659703476251,
        5.1701995203907085,
        5.162001777739514,
        5.153912135226297,
        5.146236505325333,
        5.138326351281787,
        5.130584192106278,
        5.123082737642531,
        5.115625399182398,
        5.10812771416232,
        5.101072930543245,
        5.093952154296062,
        5.087133490792576,
        5.079890348020599,
        5.072932940173787,
        5.066357218817237,
        5.059485069486118,
        5.053150052270751,
        5.046599702768537,
        5.040041292961427,
        5.0339274119886275,
        5.027843695485453,
        5.021496171895128,
        5.014971308359875,
        5.009254509852025,
        5.003159284382946,
        4.99728142512553,
        4.991566005030757,
        4.985438683595346,
        4.980108543547273,
        4.974405928869009,
        4.968688705958193,
        4.963363840290933,
        4.957718338033387,
        4.952049764074727,
        4.947032249573129,
        4.941827621629588,
        4.93632162552892,
        4.931034613897751,
        4.925777014801412,
        4.920972285814799,
        4.915928089881716,
        4.910713884045609,
        4.905752058723036,
        4.900794217378705,
        4.896165809196526,
        4.89101185791322,
        4.886515606166406
    ],
    "losses_dev": [
        6.546355066138212,
        6.308157626538304,
        6.188744648953598,
        6.102531459768788,
        6.035859606689072,
        5.9824955784846034,
        5.935755131566096,
        5.897525963049617,
        5.8613963276033525,
        5.8294676659171225,
        5.8005973346600195,
        5.775950056992737,
        5.749946614398352,
        5.7268641744321815,
        5.705178001025536,
        5.685773992721356,
        5.666532256945677,
        5.650068507822489,
        5.631871419224588,
        5.6180220523600655,
        5.601356733744583,
        5.585055021298746,
        5.572161531400945,
        5.561614573159362,
        5.54719602116334,
        5.536404173122514,
        5.524018040670727,
        5.514365152520777,
        5.501829303145866,
        5.492281042728459,
        5.486606033960346,
        5.478281750836856,
        5.473901717495827,
        5.461495516885832,
        5.4483600298337835,
        5.438140759018948,
        5.431934717511365,
        5.426507532808283,
        5.415569276697241,
        5.411677434427831,
        5.403920838087353,
        5.400044263711553,
        5.389795171599748,
        5.386123135666021,
        5.377636656318813,
        5.371477556127024,
        5.36128949396887,
        5.3609284266674955,
        5.351006425417761,
        5.349409047194648,
        5.339896483542584,
        5.334504912363262,
        5.329152006899062,
        5.332212508546136,
        5.322842398989114,
        5.317753820233698,
        5.315376392076733,
        5.310591034659575,
        5.302492474960932,
        5.301300178025998,
        5.29808248852376,
        5.292055846500302,
        5.286884171835044,
        5.300096809960577,
        5.284148229118571,
        5.275125778031326,
        5.273795182143681,
        5.273124463091792,
        5.265446183206954,
        5.270661393219918,
        5.257791814466721,
        5.26537492147544,
        5.2517004243655885,
        5.248896251298569,
        5.249157463384803,
        5.244451046735154,
        5.240844084908634,
        5.23638782308833,
        5.234675495176428,
        5.231564209227163,
        5.234731815043863,
        5.229398249374023,
        5.22957280003596,
        5.2210268723251705,
        5.240061829072844,
        5.217690896534043,
        5.214903267731567,
        5.2134457977984265,
        5.214323691275839,
        5.2171418836127295,
        5.206097813576591,
        5.208273068739789,
        5.2024636594997515,
        5.199577479600263,
        5.200911384340816,
        5.197589247462797,
        5.208721442587725,
        5.2021561650935855,
        5.189998135388549,
        5.187195231755664
    ]
}