{
    "trial_number": 2,
    "part_name": "Weight Tying",
    "model_name": "LM_LSTM_WEIGHT_TYING",
    "parameters": {
        "n_epochs": 100,
        "patience_value": 5,
        "hid_size": 250,
        "emb_size": 300,
        "optimizer": "SGD",
        "lr": 1.0,
        "clip": 5.0,
        "train_batch_size": 64,
        "eval_batch_size": 128
    },
    "eval_ppl": 117.42566696381165,
    "best_val_loss": 4.792600253387377,
    "losses_train": [
        6.779287224861464,
        6.293044447742116,
        5.992762674704643,
        5.760314798876951,
        5.597334180374687,
        5.460237314058397,
        5.341823171520983,
        5.2399129277025684,
        5.147352846731448,
        5.0696736924078545,
        4.992894071744164,
        4.923999395092833,
        4.858114350075125,
        4.797009701228468,
        4.739887929134392,
        4.684495570284702,
        4.633208874180004,
        4.582959589877456,
        4.5343018245788675,
        4.4882071758062025,
        4.445016596498434,
        4.401589584468302,
        4.359982246341573,
        4.320702640501553,
        4.281305444888906,
        4.245563362836893,
        4.208613259508642,
        4.171899646120786,
        4.139044367660658,
        4.104930108176965,
        4.0698419221321105
    ],
    "losses_dev": [
        6.478031498892332,
        6.125916760359693,
        6.040041205970752,
        5.748230658540808,
        5.576891442987285,
        5.536429624236397,
        5.389773348431507,
        5.3707317184836265,
        5.240031570757565,
        5.1976306115925555,
        5.141945863559277,
        5.140580236838951,
        5.064963076808673,
        5.075487871978885,
        4.974774748277454,
        4.955702686594331,
        4.9869072020062335,
        4.9674654297707415,
        4.891692621854578,
        4.8830285327172716,
        4.863251740858964,
        4.868803891987942,
        4.822968829079503,
        4.864721211453598,
        4.819863841743323,
        4.792600253387377,
        4.821263625259713,
        4.870103570564445,
        4.823409898478566,
        4.813093963375923,
        4.81585410858254
    ]
}