{"losses_train": [5.862932710833339, 5.160473167097017, 4.886774220959326, 4.701697252786803, 4.5576343520242775, 4.438727037290139, 4.335036139625541, 4.245436156604412, 4.164418868990585, 4.091637984118171, 4.02566697771764], "losses_dev": [5.4564329580617805, 5.215372847372674, 5.114174869199727, 5.090067808593195, 5.0393325565043865, 5.03225446924057, 5.077249888178807, 5.073604919633027, 5.069295932982757, 5.107310116238546, 5.118608711287115]}