{
    "trial_number": 14,
    "parameters": {
        "n_epochs": 100,
        "patience_value": 5,
        "hid_size": 400,
        "emb_size": 300,
        "emb_dropout": 0.1,
        "out_dropout": 0.5,
        "optimizer": "SGD",
        "lr": 0.5,
        "clip": 5.0,
        "train_batch_size": 64,
        "eval_batch_size": 128
    },
    "eval_ppl": 115.84039207501209,
    "best_val_loss": 4.780977536426517,
    "losses_train": [
        6.713143207219208,
        6.093157941953283,
        5.902313262894675,
        5.775510058977425,
        5.681438011265686,
        5.605605060307069,
        5.542239166402146,
        5.488298978435482,
        5.439609475665179,
        5.396972378968903,
        5.358132687278366,
        5.323707574837512,
        5.2909301633537975,
        5.260945637164606,
        5.233542257320322,
        5.207462114181335,
        5.183613783005052,
        5.160899604094891,
        5.13882392980037,
        5.117968500358471,
        5.098995824696647,
        5.080548733463724,
        5.0633581352618355,
        5.046401171921464,
        5.02937140984359,
        5.012164497792516,
        4.9989276619231395,
        4.982836374212117,
        4.970663568770752,
        4.955724547935491,
        4.943663211782734,
        4.930346263910165,
        4.917796478254765,
        4.904466581856675,
        4.893876853854613,
        4.882610828076038,
        4.871183151998235,
        4.8596416431931955,
        4.849079143652844,
        4.839462248842688,
        4.82970347394793,
        4.819161509516457,
        4.810238194303033,
        4.799871078283894,
        4.789895184338756,
        4.7818362538857615,
        4.772513993629347,
        4.7653064642932375,
        4.756925098310842,
        4.747497452128606,
        4.739360033744574,
        4.730239112422719,
        4.724028407406833,
        4.715004265312342,
        4.707835857657271,
        4.700275671164278,
        4.693461770567816,
        4.68580036880444,
        4.678832105531148,
        4.672785367273277,
        4.6638502602091405,
        4.660247297762609,
        4.650904927522911,
        4.645020068810329,
        4.638023125980018,
        4.632732200233791,
        4.6252774379835415,
        4.618748978193686,
        4.613137545436148,
        4.607275412858356,
        4.601631265823224,
        4.596254639316185,
        4.589042019833498,
        4.585912723122276,
        4.579700464697412,
        4.574002107132384,
        4.56753873142581,
        4.561045816262759,
        4.558273242336982,
        4.553688442649668,
        4.5468311728212365,
        4.542713253212581,
        4.535538821666057,
        4.530603584594865,
        4.526071325180609,
        4.5212611945702506,
        4.514423191815692,
        4.51263024337374,
        4.506673100527037,
        4.503654185596501,
        4.498420116655251,
        4.491773595586121,
        4.488099832416408,
        4.483380273410609,
        4.47884058604477,
        4.47436766331634,
        4.4704613323642,
        4.465531886629094,
        4.461427871259746,
        4.4582445641313
    ],
    "losses_dev": [
        6.142889087805441,
        5.90009737184126,
        5.765022247700313,
        5.640695685977234,
        5.568246027711678,
        5.491900080688841,
        5.444822456803168,
        5.395367321518948,
        5.360819636855821,
        5.326645256006713,
        5.289815045527596,
        5.258341777729436,
        5.239684786324407,
        5.209607909948146,
        5.188547421897198,
        5.167192522242151,
        5.152066895433034,
        5.150693249773583,
        5.119342929792939,
        5.099017825629972,
        5.099408783596303,
        5.076097137932412,
        5.069467778293259,
        5.0528606247336265,
        5.042797161351044,
        5.030050724645724,
        5.019264606400501,
        5.015075092231673,
        5.003238617823466,
        5.0003133421273445,
        4.994552851190687,
        4.98291609414956,
        4.973548169684082,
        4.974382638802564,
        4.961593346555796,
        4.954841170898299,
        4.95092280231123,
        4.950290755911262,
        4.93594334078438,
        4.936636535063575,
        4.924691492821246,
        4.921490444698732,
        4.911655250546064,
        4.908294336964146,
        4.9082195652125655,
        4.896745337361486,
        4.894575492901158,
        4.891965480825579,
        4.884082489078704,
        4.8824804215797695,
        4.876616579281503,
        4.881921454352536,
        4.868226354950988,
        4.866228085266018,
        4.872683185588773,
        4.861387517869193,
        4.859642045933815,
        4.857052337867595,
        4.852635157970326,
        4.855310611803435,
        4.845827647470788,
        4.847930385341934,
        4.839596654298817,
        4.839386857763443,
        4.835130965369282,
        4.835879092156201,
        4.834071064171491,
        4.830769161934845,
        4.827492440276939,
        4.83051130725911,
        4.823371329878623,
        4.821618289896025,
        4.818045047847262,
        4.812516502643753,
        4.816128438154834,
        4.81183421301188,
        4.8182555311256925,
        4.805955137503996,
        4.808119626755842,
        4.810261800326751,
        4.805208959957469,
        4.801866463575704,
        4.806445194574424,
        4.800848592440333,
        4.799493280739451,
        4.795173431062651,
        4.79862525138958,
        4.794437131517261,
        4.793067342717804,
        4.796178392815919,
        4.789472145701627,
        4.788675079800931,
        4.7936816586606765,
        4.78968094333801,
        4.787074885237605,
        4.786223649877025,
        4.787744536022517,
        4.790747795207949,
        4.787936345439249,
        4.780977536426517
    ]
}