{
    "trial_number": 8,
    "parameters": {
        "n_epochs": 100,
        "patience_value": 5,
        "hid_size": 300,
        "emb_size": 400,
        "emb_dropout": 0.5,
        "out_dropout": 0.1,
        "optimizer": "SGD",
        "lr": 0.1,
        "clip": 5.0,
        "train_batch_size": 64,
        "eval_batch_size": 128
    },
    "eval_ppl": 176.50695863672237,
    "best_val_loss": 5.20676044432137,
    "losses_train": [
        8.108468091214375,
        6.769864766157921,
        6.516931505355971,
        6.393439522015698,
        6.3098855380772365,
        6.244326636559401,
        6.18943758313916,
        6.142391347846288,
        6.1010740626605795,
        6.064176578884471,
        6.031005169910573,
        6.001438418688581,
        5.973183491031595,
        5.946165274766538,
        5.921786883265362,
        5.898571257776761,
        5.875561648979118,
        5.854476702398363,
        5.834441784452841,
        5.815199274445888,
        5.798294836984611,
        5.78022576416206,
        5.763561646165176,
        5.7472349539883885,
        5.7316452992826346,
        5.717759838520588,
        5.703879064887591,
        5.690233280026515,
        5.676711026911908,
        5.6642947354412385,
        5.651318164975858,
        5.640866311234814,
        5.629440751332274,
        5.618011519282721,
        5.607103173560921,
        5.597243753879391,
        5.586806826135722,
        5.576689048667463,
        5.566214180592698,
        5.557748001554207,
        5.549799384907213,
        5.540111998856703,
        5.530757316980956,
        5.523234537476289,
        5.515099967236878,
        5.506332193820023,
        5.498784162248815,
        5.491716453769827,
        5.4838962600674686,
        5.477227575479937,
        5.469841911819347,
        5.462673534019754,
        5.4554400808094705,
        5.448447704079862,
        5.442267031243031,
        5.434825921356812,
        5.4286970540932815,
        5.422518427531459,
        5.416426364764868,
        5.409659591975636,
        5.40468648572544,
        5.39894969811759,
        5.39260764111914,
        5.387649742710437,
        5.381833755455607,
        5.376310787582754,
        5.3715212497318054,
        5.3657931564326535,
        5.3600833875202,
        5.354996680293038,
        5.350249065942301,
        5.345673950336541,
        5.339989924704021,
        5.335704825909043,
        5.330759317245033,
        5.325431700136127,
        5.3211097297732115,
        5.317034562531052,
        5.3119503049096535,
        5.307400364767754,
        5.303706703319536,
        5.2985447652372,
        5.29399741959542,
        5.29020845855163,
        5.285568557486144,
        5.281617669867259,
        5.2780043545273525,
        5.272766268515876,
        5.268171485485716,
        5.26572462890535,
        5.261802221040817,
        5.258194230775163,
        5.253610834221728,
        5.2502138992545095,
        5.247352358178504,
        5.2434757867800235,
        5.238338772832673,
        5.235132829860111,
        5.231440418021271,
        5.228753328252713
    ],
    "losses_dev": [
        7.00219668987072,
        6.537240418061425,
        6.369654211691114,
        6.2679501108222935,
        6.1933655556875085,
        6.138884016173285,
        6.081350306107047,
        6.036336518526246,
        6.011569962607881,
        5.965516147757139,
        5.934451166048089,
        5.900414910731727,
        5.866608395246573,
        5.845081421366672,
        5.823759998701432,
        5.798599522803754,
        5.783213120926712,
        5.756580330346996,
        5.742773333448022,
        5.724490353410463,
        5.697584211347048,
        5.684119004386276,
        5.669696283374325,
        5.651704745991085,
        5.641792865530437,
        5.626763771209955,
        5.617131415983716,
        5.598420927988262,
        5.5851581645564,
        5.577475563046065,
        5.564958443027241,
        5.559245476097457,
        5.543100889075597,
        5.534777563230306,
        5.521197177666394,
        5.512474215919786,
        5.504394822595539,
        5.50039646578438,
        5.486698494548231,
        5.482744727478157,
        5.471762637737072,
        5.468052151128978,
        5.454869029081279,
        5.450237002659291,
        5.439874112367257,
        5.439253192592165,
        5.4288412313871826,
        5.422032132360775,
        5.414519406110154,
        5.410159274444168,
        5.403048813141515,
        5.394038792797272,
        5.388760423233503,
        5.388082836751048,
        5.373829394434135,
        5.371921712401442,
        5.365088820156005,
        5.3600375058824055,
        5.3557953760965695,
        5.350332709668899,
        5.346841280222244,
        5.3401338538521985,
        5.339264929655314,
        5.335290934880665,
        5.326679086773246,
        5.323514449906326,
        5.313963914218994,
        5.313746341532444,
        5.310663045565333,
        5.3092470160667355,
        5.3062397820957345,
        5.298562403994708,
        5.292661331898619,
        5.288464964172823,
        5.285652869281858,
        5.280394276530757,
        5.27816310383444,
        5.273873006086625,
        5.269182544073643,
        5.269101570824159,
        5.2613129334111735,
        5.260530559649808,
        5.25666805310147,
        5.255856822258133,
        5.247580188003889,
        5.247009393535126,
        5.243090143974642,
        5.239017903322116,
        5.236658281927031,
        5.234801966887608,
        5.22918571974002,
        5.22878925395564,
        5.224649573747603,
        5.222423520408617,
        5.221913166265627,
        5.21929309583215,
        5.212571032817162,
        5.209745924492116,
        5.20676044432137,
        5.207872073225955
    ]
}