{"losses_train": [5.852385396320444, 5.147005338960377, 4.8685780693672385, 4.676421577789866, 4.526700160569636, 4.403363349507368, 4.295632899059974, 4.200183557553729, 4.113548873486216, 4.034566563903588, 3.9592825609192834], "losses_dev": [5.402749018581741, 5.175410186771914, 5.103055326795355, 5.002429239105342, 4.983073004532781, 4.970025885357472, 4.973669598342716, 4.984287041394374, 5.009415552524329, 5.019386590003019, 5.036008394081191]}