{
    "trial_number": 2,
    "part_name": "Variational Dropout",
    "model_name": "LM_LSTM_VAR_DROPOUT",
    "parameters": {
        "n_epochs": 100,
        "patience_value": 5,
        "hid_size": 250,
        "emb_size": 300,
        "emb_dropout": 0.4,
        "out_dropout": 0.1,
        "optimizer": "SGD",
        "lr": 2.0,
        "clip": 5.0,
        "train_batch_size": 64,
        "eval_batch_size": 128
    },
    "eval_ppl": 105.42522220830065,
    "best_val_loss": 4.678649304044875,
    "losses_train": [
        6.614841747698922,
        6.024725576115934,
        5.734019755467717,
        5.5300903604479235,
        5.368102957918977,
        5.238339750177969,
        5.129890296102938,
        5.040041410059117,
        4.959540914303364,
        4.885457319302438,
        4.820145255388869,
        4.759703274272295,
        4.703239728685474,
        4.6514264397384855,
        4.599526871700803,
        4.554230384856447,
        4.514070410398792,
        4.473199905287953,
        4.436122201584027,
        4.402735629214201,
        4.369692707861062,
        4.338657976097434,
        4.309277725147518,
        4.279273611701385,
        4.251792016892088,
        4.228341045224378,
        4.203321155917614,
        4.179417186568169,
        4.1565013090339455,
        4.134958916013974,
        4.110739630985738,
        4.093019666498495,
        4.070996286150933,
        4.0529594063821035
    ],
    "losses_dev": [
        6.208214792695163,
        5.802974533902632,
        5.748214294633026,
        5.469152667282285,
        5.3915263121093195,
        5.268974724525856,
        5.230093018306489,
        5.1844398243824585,
        5.05772657387635,
        5.039565750861273,
        4.987838245234142,
        4.909090403965851,
        4.9001081863102005,
        4.851266187713098,
        4.822866372564906,
        4.8496738872265235,
        4.795326741247425,
        4.815330997667016,
        4.795490123663695,
        4.776509919066984,
        4.778913998403981,
        4.764257514217662,
        4.748919503447311,
        4.717530788286688,
        4.777948312804109,
        4.75900021864789,
        4.700952228210683,
        4.734656571589981,
        4.678649304044875,
        4.6877923652485265,
        4.693465958909735,
        4.72743465674501,
        4.709630163197898,
        4.70572117316247
    ]
}