{
    "trial_number": 16,
    "part_name": "LSTM",
    "model_name": "LM_LSTM",
    "parameters": {
        "n_epochs": 100,
        "patience_value": 5,
        "hid_size": 300,
        "emb_size": 450,
        "optimizer": "SGD",
        "lr": 5.0,
        "clip": 5.0,
        "train_batch_size": 64,
        "eval_batch_size": 128
    },
    "eval_ppl": 137.95121085629336,
    "best_val_loss": 4.958029413690688,
    "losses_train": [
        5.874591783436485,
        5.143110844948949,
        4.849379947030538,
        4.6468271660025255,
        4.485734495695973,
        4.349957381972034,
        4.232220386407125,
        4.127253123917105,
        4.030497780693421,
        3.9415452753573654,
        3.858535730927465
    ],
    "losses_dev": [
        5.404286594664548,
        5.178051802901691,
        5.079009143532906,
        4.992406217258311,
        4.980499334344811,
        4.958029413690688,
        4.9754857840025215,
        4.988425257937918,
        5.004728003966739,
        5.052141167735119,
        5.0547142274848165
    ]
}