{
    "trial_number": 10,
    "part_name": "Weight Tying",
    "model_name": "LM_LSTM_WEIGHT_TYING",
    "parameters": {
        "n_epochs": 100,
        "patience_value": 5,
        "hid_size": 250,
        "emb_size": 450,
        "optimizer": "SGD",
        "lr": 3.0,
        "clip": 5.0,
        "train_batch_size": 64,
        "eval_batch_size": 128
    },
    "eval_ppl": 119.96045851254888,
    "best_val_loss": 4.813493092890947,
    "losses_train": [
        6.586123183554239,
        5.86856161258634,
        5.526469227395471,
        5.288939764861136,
        5.130629620231008,
        5.015323670338169,
        4.847311624128524,
        4.73861453774194,
        4.637810337194142,
        4.542538705953798,
        4.458437573887046,
        4.381213950249813,
        4.302822626322569,
        4.232764254440546,
        4.166212945955275,
        4.098358471822076,
        4.0350951031456095,
        3.968720660679298,
        3.905425453869011,
        3.842138171322376
    ],
    "losses_dev": [
        6.309884903251083,
        5.686030196439036,
        5.449965857077532,
        5.359695750628196,
        7.738079957979649,
        5.160712081794289,
        5.062996778828225,
        5.101274553492151,
        4.907328845594633,
        4.94401735808975,
        4.93013044927147,
        4.8910083899191115,
        4.851097241984391,
        4.837509586655598,
        4.813493092890947,
        4.847091150642847,
        4.865970917333339,
        4.816404481116369,
        4.97846038033634,
        4.907513100837743
    ]
}