{
    "trial_number": 1,
    "part_name": "Weight Tying",
    "model_name": "LM_LSTM_WEIGHT_TYING",
    "parameters": {
        "n_epochs": 100,
        "patience_value": 5,
        "hid_size": 350,
        "emb_size": 450,
        "optimizer": "SGD",
        "lr": 5.0,
        "clip": 5.0,
        "train_batch_size": 64,
        "eval_batch_size": 128
    },
    "eval_ppl": 5.928666351533167e+32,
    "best_val_loss": 75.17314604347209,
    "losses_train": [
        99.93872075931792,
        117.90518787558551,
        122.20751950555567,
        126.02241254322928,
        127.53911471539803,
        131.51113605563202
    ],
    "losses_dev": [
        75.17314604347209,
        99.0729401592911,
        186.66209333712175,
        107.86522355359426,
        100.0689525545177,
        79.03166909362125
    ]
}