{
    "trial_number": 13,
    "part_name": "LSTM with Dropout and AdamW",
    "model_name": "LM_LSTM_DROPOUT",
    "parameters": {
        "n_epochs": 100,
        "patience_value": 5,
        "hid_size": 350,
        "emb_size": 500,
        "emb_dropout": 0.4,
        "out_dropout": 0.4,
        "optimizer": "AdamW",
        "lr": 0.0001,
        "clip": 5.0,
        "train_batch_size": 64,
        "eval_batch_size": 128
    },
    "eval_ppl": 116.39221660750609,
    "best_val_loss": 4.83928012124414,
    "losses_train": [
        7.013653567981046,
        6.43219579049468,
        6.258733657871853,
        6.126755894390737,
        6.018711075823947,
        5.925745301468099,
        5.846549636237713,
        5.777291035443459,
        5.71783705862723,
        5.665831126609772,
        5.6193603772461955,
        5.577655962690161,
        5.5386788423346704,
        5.50285679532558,
        5.470214683703059,
        5.439156834622066,
        5.409073702681954,
        5.381402968724763,
        5.355472330421296,
        5.330534420792833,
        5.306803657954577,
        5.284178480648605,
        5.26249313071083,
        5.241597656891408,
        5.220706659965686,
        5.200987540325721,
        5.182075905911698,
        5.165078574232126,
        5.147198270142204,
        5.130458425740998,
        5.113338041682651,
        5.097303462794031,
        5.082520140335285,
        5.067470898233165,
        5.0535796524105985,
        5.039894132567791,
        5.024865539582407,
        5.0123929458786245,
        4.998325059437122,
        4.986492656054978,
        4.973556689405025,
        4.961404147480578,
        4.949528270226422,
        4.93893008892898,
        4.926409643540948,
        4.914825601018387,
        4.904880850749806,
        4.895233974077948,
        4.882947382546409,
        4.87341945849048,
        4.863228412163419,
        4.852339620569504,
        4.8436911417626005,
        4.833470969554995,
        4.825455258729917,
        4.815240616180386,
        4.806186828709065,
        4.797298546881831,
        4.787234817786674,
        4.780352019254251,
        4.770057023642004,
        4.762492456612285,
        4.7542235259408585,
        4.745914824901578,
        4.736974581980053,
        4.729782586524733,
        4.722388341049818,
        4.713567734810173,
        4.704885225054969,
        4.698554600725449,
        4.69260000279918,
        4.683860368996229,
        4.67674080211432,
        4.669806207958811,
        4.661559313699859,
        4.655306896674707,
        4.647993156049483,
        4.640916514687679,
        4.634116620368038,
        4.628355729351869,
        4.620246411494376,
        4.614357688647759,
        4.606179184645705,
        4.601446548804438,
        4.595520309009956,
        4.587186391478836,
        4.582908321803772,
        4.5759229231363685,
        4.571118293352104,
        4.563375906125955,
        4.557453226642269,
        4.552362798986451,
        4.547724844489667,
        4.539790630389468,
        4.534492475646516,
        4.528486052864377,
        4.5238658399940945,
        4.515900264937322,
        4.512757391008753,
        4.506807398267329
    ],
    "losses_dev": [
        6.51819235076449,
        6.3037248527178935,
        6.151940687320198,
        6.028547901923657,
        5.928686173129173,
        5.842003986994335,
        5.7675166372176445,
        5.702349223134057,
        5.650949737900004,
        5.604713360384998,
        5.563111492665862,
        5.526487478523672,
        5.493697481498171,
        5.463681947231496,
        5.435569842740002,
        5.4096495515498475,
        5.387268227686817,
        5.364180377017776,
        5.342359352247301,
        5.322967420909397,
        5.305517709924173,
        5.286997095978655,
        5.269952167999272,
        5.256749213644516,
        5.240683317665417,
        5.223833743806826,
        5.210694566377948,
        5.19629490328438,
        5.186364036806098,
        5.174819830531237,
        5.163888948237054,
        5.150892384449585,
        5.1412752416225675,
        5.130649307929482,
        5.121815676498793,
        5.112600229802262,
        5.10389136363031,
        5.093982993189728,
        5.0863909377108785,
        5.077472309687544,
        5.069208043745117,
        5.060868118140894,
        5.053346054959422,
        5.046069741740215,
        5.0415938210328175,
        5.035354392713809,
        5.028320021154461,
        5.021260767298711,
        5.015315285818298,
        5.009148985229613,
        5.001914389916892,
        4.997100487573697,
        4.990485674401104,
        4.986327771223274,
        4.981552597026389,
        4.976948477344971,
        4.971044790075828,
        4.967114892529567,
        4.963134592205036,
        4.957201208501297,
        4.953272691377948,
        4.948861040109124,
        4.942861444663215,
        4.938945843858769,
        4.935620231644676,
        4.932102692088276,
        4.928168583905295,
        4.924199548941611,
        4.921054557088187,
        4.91726452621111,
        4.914837382018931,
        4.909619973040826,
        4.90497860275119,
        4.9034169421038145,
        4.900043729578065,
        4.896681699171579,
        4.892973994219704,
        4.890079746823501,
        4.8863736234616955,
        4.884553046808406,
        4.882084843705605,
        4.877534380160978,
        4.8755713424758484,
        4.8740873046042585,
        4.870216494708055,
        4.868839956403608,
        4.866916402975831,
        4.863547227666838,
        4.861842044657444,
        4.858792142438556,
        4.857841530501935,
        4.8554605715145085,
        4.852825725700117,
        4.850278283547468,
        4.848282282195624,
        4.846092397324282,
        4.844060962805441,
        4.842911452043969,
        4.840765865568174,
        4.83928012124414
    ]
}