{
    "trial_number": 8,
    "part_name": "LSTM with Dropout and AdamW",
    "model_name": "LM_LSTM_DROPOUT",
    "parameters": {
        "n_epochs": 100,
        "patience_value": 5,
        "hid_size": 300,
        "emb_size": 300,
        "emb_dropout": 0.1,
        "out_dropout": 0.5,
        "optimizer": "AdamW",
        "lr": 0.0005,
        "clip": 5.0,
        "train_batch_size": 64,
        "eval_batch_size": 128
    },
    "eval_ppl": 116.34405698686027,
    "best_val_loss": 4.847563518876971,
    "losses_train": [
        6.457136567609433,
        5.818809892967171,
        5.57063908534043,
        5.408566662544861,
        5.285627985459277,
        5.187929058577942,
        5.1060475609669504,
        5.036970130807227,
        4.975764030605233,
        4.9219129659539735,
        4.873641255627679,
        4.830324261714823,
        4.790669759819659,
        4.751351541200485,
        4.7176887690422245,
        4.684398295763392,
        4.6558883310876595,
        4.626680688088202,
        4.600571049394567,
        4.574634009011988,
        4.550162622645455,
        4.526475319134275,
        4.503891292917876,
        4.482853338973485,
        4.4621122788483065,
        4.442882192843367,
        4.425575240064657,
        4.40657676666643,
        4.38773429024141,
        4.371074649230636,
        4.353636540474883,
        4.338580708043601,
        4.322311841796877,
        4.307470759262422,
        4.292349242436977,
        4.277570029637566,
        4.265017008397044,
        4.250271480526694,
        4.237674388693306,
        4.2250433254425905,
        4.211580488508876
    ],
    "losses_dev": [
        5.952033369885637,
        5.628083087863155,
        5.454798904984728,
        5.3380388019538465,
        5.251886961815421,
        5.183614081756553,
        5.129345460337051,
        5.086962529911475,
        5.051530014972386,
        5.023134500639295,
        4.9958342166190155,
        4.97641352531432,
        4.956418806992737,
        4.939327381652667,
        4.929615801250177,
        4.91682507308611,
        4.906132740357295,
        4.897311144272091,
        4.8932813707002945,
        4.885068346888763,
        4.881657980869974,
        4.8735876192574406,
        4.867504518630576,
        4.8668120388416325,
        4.861529243600387,
        4.8580043579743215,
        4.858189646800415,
        4.852947001749183,
        4.852228231493731,
        4.8521667922689655,
        4.853228642707149,
        4.850505956212708,
        4.848918067530011,
        4.852420748463915,
        4.84937117227456,
        4.847563518876971,
        4.848700078635549,
        4.850595357672432,
        4.8526112398889225,
        4.851588998570465,
        4.854037952057288
    ]
}