{
    "trial_number": 2,
    "parameters": {
        "n_epochs": 100,
        "patience_value": 5,
        "tied_size": 400,
        "optimizer": "SGD",
        "lr": 1.0,
        "clip": 5.0,
        "train_batch_size": 64,
        "eval_batch_size": 128
    },
    "eval_ppl": 301.2114219926679,
    "best_val_loss": 5.758209180825135,
    "losses_train": [
        6.8635645693730964,
        6.040235718591302,
        5.816396675725938,
        5.670860962469293,
        5.5601169551267775,
        5.468935194143383,
        5.391290065730123,
        5.323951352319447,
        5.265591633059803,
        5.213366719123262,
        5.164528779803503,
        5.120890641661056,
        5.080386287470786,
        5.042847553870242,
        5.006853641838449,
        4.974267764237419,
        4.942896333040832,
        4.912813643260951,
        4.884685278841722,
        4.856968540867508,
        4.831534943025323,
        4.805074169734358,
        4.781387965459138
    ],
    "losses_dev": [
        6.324307728315013,
        6.124129431781858,
        6.048043746503853,
        5.943225584966348,
        5.894506582744353,
        5.8795854943773085,
        5.850178920845024,
        5.831287424028182,
        5.8193630673191326,
        5.810766965744424,
        5.792929744381748,
        5.782795726821104,
        5.771604000091011,
        5.7863043248441715,
        5.787388130249769,
        5.779739415000355,
        5.7684633437366815,
        5.758209180825135,
        5.777204847545816,
        5.762488484914406,
        5.761118716925345,
        5.7702758043356654,
        5.777128230605821
    ]
}