{
    "trial_number": 4,
    "parameters": {
        "n_epochs": 100,
        "patience_value": 5,
        "hid_size": 300,
        "emb_size": 400,
        "emb_dropout": 0.5,
        "out_dropout": 0.3,
        "optimizer": "SGD",
        "lr": 0.1,
        "clip": 5.0,
        "train_batch_size": 64,
        "eval_batch_size": 128
    },
    "eval_ppl": 181.86469503885453,
    "best_val_loss": 5.241580571747585,
    "losses_train": [
        8.171137103130244,
        6.81323513161762,
        6.549879499605345,
        6.423551795446695,
        6.33865763858235,
        6.272058075306921,
        6.217607482250214,
        6.171027093887301,
        6.130626438119692,
        6.096497860876636,
        6.063201625465221,
        6.033330622092773,
        6.006879386797883,
        5.982025989716147,
        5.958364332005575,
        5.936287328227566,
        5.9153173785684645,
        5.89518169171047,
        5.87695600616085,
        5.859598130271966,
        5.841733338451204,
        5.825129288405681,
        5.810699144489139,
        5.79584386971604,
        5.781191938962275,
        5.7673815501345755,
        5.754241730930896,
        5.741460899140071,
        5.7291270402065635,
        5.717017396129129,
        5.706131232499105,
        5.695158689484849,
        5.683033800816211,
        5.673151230660321,
        5.663689774913457,
        5.653091910367548,
        5.643619840270921,
        5.63517589663146,
        5.626153088015587,
        5.617466942932387,
        5.608753206526476,
        5.600229072202986,
        5.593943433109965,
        5.584261449852834,
        5.5758943696999275,
        5.570040222314196,
        5.562124826761542,
        5.554308679461589,
        5.547553181941469,
        5.540795033660075,
        5.53453507105483,
        5.5281653270472075,
        5.521230932228555,
        5.5144426283526755,
        5.508880548988083,
        5.502768295876257,
        5.495472267055366,
        5.490415383869942,
        5.485056711617746,
        5.479525440773505,
        5.473636594517903,
        5.468298067693138,
        5.463131135862031,
        5.457246123725955,
        5.452625207895059,
        5.447080724834409,
        5.442675031338343,
        5.438009228074785,
        5.431922115740759,
        5.428540545449645,
        5.422952419770054,
        5.418009634139077,
        5.414238160794145,
        5.408776989765374,
        5.403616398592835,
        5.399302581766495,
        5.396648324968371,
        5.391706203748988,
        5.38725613593433,
        5.382773497455049,
        5.379069594778284,
        5.3742501173927275,
        5.371038722085249,
        5.3676736797427065,
        5.36266439481731,
        5.358621843602437,
        5.354852261579416,
        5.350623285476893,
        5.347954018753593,
        5.343473822034342,
        5.340885515750529,
        5.337234209982452,
        5.333712821025735,
        5.329746322913171,
        5.326199430478836,
        5.322805274326561,
        5.320983562558819,
        5.316414971955465,
        5.312825361359837,
        5.310239690101775
    ],
    "losses_dev": [
        7.05113712163926,
        6.56803442760868,
        6.388558402849304,
        6.280208085920852,
        6.208639727100795,
        6.148400596231709,
        6.1007093292726235,
        6.044693682074868,
        6.0141281221142915,
        5.972518714095131,
        5.945437639845859,
        5.916399007982313,
        5.88923665526442,
        5.861939860453811,
        5.835675143342005,
        5.830212747449478,
        5.801071652134536,
        5.781981769815936,
        5.767818526690581,
        5.741682098731176,
        5.724378372671455,
        5.712538658778325,
        5.692334678054855,
        5.680209847867683,
        5.675899890065616,
        5.649972502530544,
        5.641832294293401,
        5.627341564908456,
        5.619592397879226,
        5.605638465713347,
        5.590385250368483,
        5.582770407506393,
        5.57511828628889,
        5.562827514006783,
        5.5589498783008064,
        5.5441844170092525,
        5.53862079935227,
        5.529211670303399,
        5.518813867104258,
        5.513988956061763,
        5.503127719225032,
        5.497919196285872,
        5.486226403786049,
        5.477569209826503,
        5.4736686826853065,
        5.4692920553123665,
        5.458920015383044,
        5.453336655597386,
        5.449230750661493,
        5.440318060537718,
        5.434991507971214,
        5.430933827658847,
        5.425065046360012,
        5.416701473209529,
        5.412897651976932,
        5.404879260859142,
        5.400773577900803,
        5.396324925748508,
        5.389948259806968,
        5.384056198612196,
        5.379058214445855,
        5.379536354096373,
        5.369496982215159,
        5.36824611095326,
        5.363652840424776,
        5.361224288062491,
        5.357428888103335,
        5.347570004783616,
        5.344231552555406,
        5.338787920702958,
        5.344897464405899,
        5.330068808879546,
        5.329726727595806,
        5.323142692998384,
        5.318775458050682,
        5.318382460665577,
        5.311908769722706,
        5.3069320399071245,
        5.311602128542762,
        5.302124484734604,
        5.298015603912132,
        5.299559631217591,
        5.2926834533491975,
        5.288745973882121,
        5.286041933502184,
        5.283279880675966,
        5.278550204940776,
        5.276341063516657,
        5.271158726992026,
        5.268651546018167,
        5.2656247502752525,
        5.267863123368465,
        5.25778114567055,
        5.261437996952248,
        5.254155579350316,
        5.251747989993252,
        5.248107343072968,
        5.249551092018575,
        5.242998259141036,
        5.241580571747585
    ]
}