{
    "trial_number": 0,
    "part_name": "Non-monotonically Triggered AvSGD",
    "model_name": "LM_LSTM_VAR_DROPOUT",
    "parameters": {
        "n_epochs": 100,
        "patience_value": 5,
        "hid_size": 300,
        "emb_size": 450,
        "emb_dropout": 0.2,
        "out_dropout": 0.4,
        "optimizer": "SGD",
        "lr": 4.0,
        "clip": 5.0,
        "train_batch_size": 64,
        "eval_batch_size": 128
    },
    "eval_ppl": 1.2716252405699411e+35,
    "best_val_loss": 80.2295788419875,
    "losses_train": [
        62.323124576917614,
        75.83985929017597,
        80.93742368771449,
        80.90647521690336,
        83.73938576436915,
        83.76081374794998
    ],
    "losses_dev": [
        80.2295788419875,
        88.48129039991476,
        86.80875068813042,
        91.92736062029408,
        85.22551909450917,
        90.17396636152152
    ]
}