{
    "trial_number": 10,
    "part_name": "Variational Dropout",
    "model_name": "LM_LSTM_VAR_DROPOUT",
    "parameters": {
        "n_epochs": 100,
        "patience_value": 5,
        "hid_size": 350,
        "emb_size": 450,
        "emb_dropout": 0.5,
        "out_dropout": 0.5,
        "optimizer": "SGD",
        "lr": 3.0,
        "clip": 5.0,
        "train_batch_size": 64,
        "eval_batch_size": 128
    },
    "eval_ppl": 99.70770621522516,
    "best_val_loss": 4.640016309800753,
    "losses_train": [
        6.552573858514263,
        5.956537321469861,
        5.683541645527526,
        5.49430544102009,
        5.3501540485287915,
        5.242141125387459,
        5.155050690742713,
        5.079589404578057,
        5.0115681812464095,
        4.956088806615151,
        4.901020257375943,
        4.855375525812827,
        4.8102715277547405,
        4.767174532702423,
        4.729561046696208,
        4.6959673358991925,
        4.665773456943742,
        4.634669659469143,
        4.607708766181976,
        4.583028721577905,
        4.559303550722493,
        4.537098650163636,
        4.5118080240633,
        4.492626542710036,
        4.471755684702198,
        4.454117308713904,
        4.4378493995969395,
        4.421652736231328,
        4.4048704109183126,
        4.388416342155411,
        4.374352033048866,
        4.35842222012378,
        4.342873682607294,
        4.332238907580427,
        4.320280037193389,
        4.305811876656834
    ],
    "losses_dev": [
        6.0399487176356725,
        5.752289927380043,
        5.608605937955054,
        5.456467496381766,
        5.300552481320588,
        5.31738290961518,
        5.189400988022091,
        5.08282116406139,
        5.1845582285969245,
        5.098998853485935,
        5.003403443093834,
        4.920968721142918,
        4.901956274306542,
        4.8934015091143985,
        4.886758303625338,
        4.850483911066913,
        4.815928748534948,
        4.7760752731433795,
        4.829859990432768,
        4.800796649692783,
        4.748675106160765,
        4.767854840830995,
        4.7257369238572595,
        4.706540818342449,
        4.732723063856283,
        4.707330905823803,
        4.704976091630114,
        4.654694665712903,
        4.674416289212335,
        4.6653254066073835,
        4.640016309800753,
        4.667174868089838,
        4.652512265647197,
        4.642323648545159,
        4.6985601980927685,
        4.689089962785463
    ]
}