{
    "trial_number": 16,
    "part_name": "Non-monotonically Triggered AvSGD",
    "model_name": "LM_LSTM_VAR_DROPOUT",
    "parameters": {
        "n_epochs": 100,
        "patience_value": 5,
        "hid_size": 400,
        "emb_size": 450,
        "emb_dropout": 0.3,
        "out_dropout": 0.5,
        "optimizer": "SGD",
        "lr": 2.0,
        "clip": 5.0,
        "train_batch_size": 64,
        "eval_batch_size": 128
    },
    "eval_ppl": 92.71317320630155,
    "best_val_loss": 4.654888674094775,
    "losses_train": [
        6.616296595535065,
        6.038422325526711,
        5.775677938190338,
        5.589290589719039,
        5.444786208243029,
        5.32552375962976,
        5.229304233037681,
        5.1495247842389995,
        5.074424810052294,
        5.013136243488857,
        4.953679501184631,
        4.89945368523128,
        4.851588349864351,
        4.803272210576564,
        4.760141664550752,
        4.719249036436667,
        4.680026016865396,
        4.643447293723009,
        4.610533250303905,
        4.579613080640252,
        4.54919837754532,
        4.519781365756642,
        4.492531998103095,
        4.465417139625448,
        4.440422544036973,
        4.416890449150825,
        4.392284993282682,
        4.37020251606719,
        4.348935412527507,
        4.32877901773476,
        4.3083409705132265,
        4.287687310072203,
        4.272400775174993,
        4.251198418398534,
        4.231419318240148,
        4.215350831740485,
        4.199614959333911,
        4.182574972268315,
        4.165969899652107,
        4.152187852166012,
        4.134016930802646,
        4.120915145634541,
        4.106231935659412,
        4.090102043332496,
        4.076986236399459,
        4.065103838158174,
        4.049030844800267,
        4.040384510099611,
        4.025738683809051,
        4.011517727868552,
        4.001120713517934,
        3.9853725193069662,
        3.9763038981979655,
        3.9654624825767186,
        3.9534447029182123,
        3.942543647709047
    ],
    "losses_dev": [
        6.166391384440705,
        5.86043476246182,
        5.701136525074585,
        5.618628210627842,
        5.408369247451698,
        5.312289502847972,
        5.295572283105733,
        5.172290091088489,
        5.180786732845575,
        5.042782295791749,
        5.049878085765467,
        5.022575172698537,
        4.950530137892456,
        4.964141704365854,
        4.90769842434783,
        4.869026029087939,
        4.918329297041483,
        4.83988769461882,
        4.7988550675255714,
        4.812987108931045,
        4.790890499027738,
        4.843051492133116,
        4.8113846668449884,
        4.76170941306915,
        4.750190415120223,
        4.7637132668769535,
        4.73258765061177,
        4.721366088711109,
        4.711733456012928,
        4.748309814349073,
        4.6945585879230896,
        4.7206562807993855,
        4.721205120300735,
        4.756289088859835,
        4.687489650296562,
        4.690817412918205,
        4.663246413397677,
        4.681367530177848,
        4.656349848278342,
        4.654888674094775,
        4.658144127528324,
        4.679181370367329,
        4.661061190054961,
        4.696171310344598,
        4.708489261003427,
        4.700018535125728,
        4.720206145004617,
        4.703356702945198,
        4.677092304926126,
        4.694581174139171,
        4.736429083166111,
        4.710569606888852,
        4.6903911050264595,
        4.71541312242506,
        4.69512144669431,
        4.738648171959351
    ],
    "ASGD_trigger_epoch": 33
}