{"losses_train": [5.7374504354166564, 4.903819596312856, 4.481723044555356, 4.124950504037997, 3.787522978838965, 3.466994468593834, 3.1588431770284333, 2.880860202736678], "losses_dev": [5.242021786819417, 5.093563996683655, 4.971866648094545, 4.97786592444772, 5.056433277154514, 5.194955594777756, 5.35004447181551, 5.530744827645528]}