{
    "trial_number": 19,
    "part_name": "LSTM with Dropout and AdamW",
    "model_name": "LM_LSTM_DROPOUT",
    "parameters": {
        "n_epochs": 100,
        "patience_value": 5,
        "hid_size": 300,
        "emb_size": 450,
        "emb_dropout": 0.5,
        "out_dropout": 0.2,
        "optimizer": "AdamW",
        "lr": 0.005,
        "clip": 5.0,
        "train_batch_size": 64,
        "eval_batch_size": 128
    },
    "eval_ppl": 134.0635067778733,
    "best_val_loss": 4.982397492153093,
    "losses_train": [
        5.818547424896803,
        5.255505511411329,
        5.049250346117853,
        4.9096019335095065,
        4.806267511593449,
        4.719698637147198,
        4.645539842940518,
        4.584379123241377,
        4.5306803600585575,
        4.478294916813827,
        4.433805586134519,
        4.3912680744890435,
        4.350372572277308,
        4.314774522104726
    ],
    "losses_dev": [
        5.319097700090567,
        5.155326725986468,
        5.082337058764118,
        5.03543375662603,
        5.011857610833393,
        4.998030393166643,
        4.986213438909558,
        4.982856840016337,
        4.982397492153093,
        4.985530393166643,
        4.994427669724037,
        4.9943220639028985,
        5.000825069756446,
        5.0158274920865
    ]
}