{
    "trial_number": 3,
    "part_name": "LSTM with Dropout and AdamW",
    "model_name": "LM_LSTM_DROPOUT",
    "parameters": {
        "n_epochs": 100,
        "patience_value": 5,
        "hid_size": 250,
        "emb_size": 400,
        "emb_dropout": 0.5,
        "out_dropout": 0.5,
        "optimizer": "AdamW",
        "lr": 0.01,
        "clip": 5.0,
        "train_batch_size": 64,
        "eval_batch_size": 128
    },
    "eval_ppl": 160.556903365151,
    "best_val_loss": 5.1778661256148775,
    "losses_train": [
        6.1614712164798915,
        5.7282727508798645,
        5.539349248230385,
        5.41238169149755,
        5.320490328253845,
        5.251104332585929,
        5.194069287837016,
        5.146620296341264,
        5.11020243823815,
        5.076288686952499,
        5.049877949276528,
        5.025839284665251,
        5.002411083699299,
        4.984724488240348,
        4.969045560686058
    ],
    "losses_dev": [
        5.581636351932093,
        5.425419197673231,
        5.334942423184668,
        5.269523779067961,
        5.230155081843124,
        5.21264706012928,
        5.191847194536688,
        5.187843267476293,
        5.182598791110243,
        5.1778661256148775,
        5.190243156986965,
        5.190978152414228,
        5.194723961200544,
        5.2100365902249965,
        5.221766272619512
    ]
}