{
    "trial_number": 11,
    "parameters": {
        "n_epochs": 100,
        "patience_value": 5,
        "tied_size": 300,
        "optimizer": "SGD",
        "lr": 0.5,
        "clip": 5.0,
        "train_batch_size": 64,
        "eval_batch_size": 128
    },
    "eval_ppl": 270.88108560899013,
    "best_val_loss": 5.631690195362445,
    "losses_train": [
        7.1907857306122,
        6.372218961496203,
        6.162686157151023,
        6.029882904534754,
        5.931907781568379,
        5.853456251550496,
        5.787578989887544,
        5.73080537196259,
        5.681129359578,
        5.636292663113741,
        5.596029248975532,
        5.558326446441382,
        5.524693006884742,
        5.4928015305548525,
        5.463213346865086,
        5.435405918423696,
        5.409756618865554,
        5.38452898793478,
        5.3610323138398615,
        5.339377419551948,
        5.317636325209847,
        5.29746795234587,
        5.278399731015699,
        5.259792447213049,
        5.241925796280166,
        5.224613273760996,
        5.208021167087212,
        5.191968292222656,
        5.176608685571148,
        5.161381217256577,
        5.147147540279482,
        5.132860222342746,
        5.1186908934812205,
        5.1053696612494495,
        5.092179227067191,
        5.079451198446229,
        5.066912925760459,
        5.0549523998103405,
        5.043180552098017,
        5.032181608082839,
        5.020094228653874,
        5.009159134022876,
        4.9983474023709995,
        4.987213488472104,
        4.976998956170625,
        4.9664171963544606,
        4.956249382844619,
        4.9464255830365085,
        4.936296203773615,
        4.92661935913597,
        4.917734199805802,
        4.907477472330487,
        4.898192165216038,
        4.88917395381248,
        4.880448647551478,
        4.871467131067854,
        4.862723551120041,
        4.854096561125882,
        4.845282643570206,
        4.837232159373298,
        4.828562248545628
    ],
    "losses_dev": [
        6.581205555931684,
        6.343325995125373,
        6.225904759698199,
        6.139287037232295,
        6.0892568621585985,
        6.032297165235652,
        6.005667253427333,
        5.972603280606265,
        5.93492771717174,
        5.909810180057093,
        5.900510534499752,
        5.869999359039814,
        5.860198945995081,
        5.838426978263958,
        5.816865417506482,
        5.813438215877611,
        5.792602417668525,
        5.779909137650501,
        5.766673628900145,
        5.762501241686941,
        5.750952505682625,
        5.746690765567286,
        5.737474694558887,
        5.726651471378214,
        5.721182520211056,
        5.709084431382299,
        5.70223292770635,
        5.704380061088223,
        5.709246988319541,
        5.732938971711181,
        5.692178919180193,
        5.703695440692037,
        5.678960648374236,
        5.68012657160108,
        5.67602471775554,
        5.6807929065962846,
        5.660596001407337,
        5.665871346526939,
        5.6587190147082325,
        5.656740320668774,
        5.658330103097475,
        5.6651435514965724,
        5.65993336372576,
        5.653179218017474,
        5.650745227205125,
        5.6575070935701985,
        5.650464529651762,
        5.64922119175309,
        5.649108392471853,
        5.645146433042691,
        5.645142763476257,
        5.647315341035214,
        5.636658413726204,
        5.631966557416714,
        5.662857203504582,
        5.631690195362445,
        5.637735580615588,
        5.645114787367701,
        5.636343594060769,
        5.637026834034042,
        5.641629587166146
    ]
}