{"losses_train": [6.694817374516566, 6.033239023155986, 5.821866751088685, 5.676928388183386, 5.566197535301442, 5.475386873311768, 5.399065006429375, 5.333151862733331, 5.273928701635756, 5.220832246534569, 5.172864776084831, 5.129391593735584, 5.088534531432265, 5.0504791060888135, 5.014992798328283, 4.981471579582426, 4.950093113952338, 4.920079797184945, 4.891404733983088, 4.864364261320933, 4.838275740019817, 4.813265832959333, 4.788935661426058, 4.765687474396191, 4.743251997972572, 4.7217167996358596, 4.700207447202218, 4.679478453891072, 4.659899527110852, 4.640351707692668, 4.62127059394125, 4.6026259987088665, 4.584474393789253, 4.567199881604859, 4.54956195105709, 4.532800006514759, 4.516265778174605, 4.499929695007026, 4.483755278137997, 4.467704437636667, 4.452713090059841, 4.437335442051774, 4.422577152500995, 4.407748188432502], "losses_dev": [6.172593118196388, 5.890148282393184, 5.771214998301872, 5.678288972044147, 5.556744489684703, 5.537809353468178, 5.448594341015236, 5.394819550284575, 5.352709395588418, 5.322216248867915, 5.299541290322223, 5.2829805439448965, 5.244340418671864, 5.22159084098416, 5.1961609814515555, 5.1861779294377754, 5.169570422101417, 5.151279943384625, 5.1554706645564, 5.1310741452199355, 5.119600361323963, 5.110248717524684, 5.095849616311798, 5.093736827019552, 5.084134397142261, 5.082991476339412, 5.074732537858272, 5.06526812252495, 5.066972119341792, 5.065036454263745, 5.044803255744779, 5.04767515971285, 5.068131390178825, 5.0390084415288925, 5.0389167994832365, 5.03626426483254, 5.046680429737445, 5.03060642464084, 5.023143983242915, 5.0257707754341885, 5.025342081283741, 5.028280939231425, 5.030755392389722, 5.024116328169396]}