{"losses_train": [5.689358553755282, 4.908884340754833, 4.5603320780873355, 4.299732324852938, 4.0802958815423995, 3.8881382683658003, 3.7163283192947727, 3.566751842084298], "losses_dev": [5.24913794323368, 5.073960791272286, 4.998486612533741, 5.01262422418845, 5.038316891270955, 5.166841957253783, 5.147092427013781, 5.284737648891444]}