{
    "trial_number": 14,
    "part_name": "Baseline RNN",
    "model_name": "LM_RNN",
    "parameters": {
        "n_epochs": 100,
        "patience_value": 5,
        "hid_size": 350,
        "emb_size": 400,
        "optimizer": "SGD",
        "lr": 0.5,
        "clip": 5.0,
        "train_batch_size": 64,
        "eval_batch_size": 128
    },
    "eval_ppl": 153.11752412486194,
    "best_val_loss": 5.0711385755922365,
    "losses_train": [
        6.213232547008186,
        5.647763355066258,
        5.432109388748789,
        5.284482662979933,
        5.169093527066192,
        5.07497756992148,
        4.994778208775958,
        4.926729673530818,
        4.864046551701165,
        4.807127672310597,
        4.756561433749775,
        4.708870562468153,
        4.665656561479825,
        4.6251384696567,
        4.586781096032838,
        4.550160723737848,
        4.515568428037101,
        4.483811918239448,
        4.452594721221698,
        4.423713318142214,
        4.393711973346173,
        4.368565288006125,
        4.3413361001077115,
        4.315587729373613,
        4.29158536782596
    ],
    "losses_dev": [
        5.941229625235296,
        5.59417580844225,
        5.4530818461762145,
        5.36125985996546,
        5.281643822864132,
        5.242321942092715,
        5.21806142562864,
        5.174818685959476,
        5.196308284368785,
        5.181230313365712,
        5.126372369288518,
        5.095746771336483,
        5.1237930941673175,
        5.081552950803115,
        5.082192322462353,
        5.099999403435325,
        5.08338848319408,
        5.113346608515947,
        5.078380933182537,
        5.0711385755922365,
        5.082734003187598,
        5.113636303097031,
        5.0740507199287,
        5.073486612533741,
        5.095626459502415
    ]
}