{
    "trial_number": 7,
    "part_name": "LSTM",
    "model_name": "LM_LSTM",
    "parameters": {
        "n_epochs": 100,
        "patience_value": 5,
        "hid_size": 200,
        "emb_size": 400,
        "optimizer": "SGD",
        "lr": 1.0,
        "clip": 5.0,
        "train_batch_size": 64,
        "eval_batch_size": 128
    },
    "eval_ppl": 144.52157463169337,
    "best_val_loss": 5.013434254965638,
    "losses_train": [
        6.432254656561694,
        5.788117456490905,
        5.562365924289714,
        5.413670231833963,
        5.2998153101639955,
        5.207524827474005,
        5.129225049737741,
        5.060387604461082,
        5.000818565670181,
        4.948226667380271,
        4.897966070824116,
        4.852922311551074,
        4.811260941601267,
        4.772142587790789,
        4.735570723126438,
        4.701636191218429,
        4.668922343194222,
        4.637723624203721,
        4.608203130340235,
        4.579695796462487,
        4.552454033912484,
        4.526244855923991,
        4.501697519142222,
        4.476713312369437,
        4.453174091367591,
        4.430411159942453,
        4.408451446185522,
        4.3864023534995935,
        4.365664513610847,
        4.345562055523954,
        4.325628685008676,
        4.305451548410422
    ],
    "losses_dev": [
        5.968129045540915,
        5.672143669144676,
        5.525426973824407,
        5.446423067574407,
        5.3742133046131375,
        5.295468806881748,
        5.262679961364807,
        5.219103873841277,
        5.347998920911618,
        5.185885189602128,
        5.133478897426392,
        5.1087324235398315,
        5.092213367321796,
        5.086361567305814,
        5.078220734756801,
        5.072633788646292,
        5.052187422307856,
        5.048358108340585,
        5.0451930275185575,
        5.033172013458499,
        5.022440002241973,
        5.027585011853601,
        5.033615011287559,
        5.0177237075911885,
        5.0200137112760155,
        5.0172716156192285,
        5.013434254965638,
        5.0184785353255075,
        5.027013815050522,
        5.021145040688485,
        5.0219963801010445,
        5.031465165617453
    ]
}