{
    "trial_number": 2,
    "part_name": "LSTM",
    "model_name": "LM_LSTM",
    "parameters": {
        "n_epochs": 100,
        "patience_value": 5,
        "hid_size": 350,
        "emb_size": 300,
        "optimizer": "SGD",
        "lr": 3.0,
        "clip": 5.0,
        "train_batch_size": 64,
        "eval_batch_size": 128
    },
    "eval_ppl": 138.31568982760487,
    "best_val_loss": 4.96723240189702,
    "losses_train": [
        6.021437008767474,
        5.317103396298875,
        5.028091733096314,
        4.829357020711534,
        4.674662359683155,
        4.542747048700772,
        4.427886948860662,
        4.322887807323547,
        4.2290049387494095,
        4.141453035478274,
        4.059118959923411,
        3.9816440566961626
    ],
    "losses_dev": [
        5.637667953766515,
        5.2614538128529444,
        5.122355643834795,
        5.050493796004848,
        5.041530800217982,
        4.9804827623330725,
        4.96723240189702,
        4.973084215786599,
        5.006433603184046,
        4.980035019733805,
        5.003300168037008,
        5.010662788903786
    ]
}