{
    "trial_number": 0,
    "part_name": "Variational Dropout",
    "model_name": "LM_LSTM_VAR_DROPOUT",
    "parameters": {
        "n_epochs": 100,
        "patience_value": 5,
        "hid_size": 300,
        "emb_size": 350,
        "emb_dropout": 0.3,
        "out_dropout": 0.2,
        "optimizer": "SGD",
        "lr": 5.0,
        "clip": 5.0,
        "train_batch_size": 64,
        "eval_batch_size": 128
    },
    "eval_ppl": 2.8279475946173215e+37,
    "best_val_loss": 86.47642065634324,
    "losses_train": [
        103.84982385159098,
        120.65027826307508,
        126.45642200109317,
        130.78422016032988,
        136.70936231702098,
        140.653093989395,
        139.85348949811836,
        148.47295182749934,
        152.48411143306654,
        150.22761095228702
    ],
    "losses_dev": [
        107.76109810076005,
        99.73989158616281,
        171.91391199921864,
        202.73693551108113,
        86.47642065634324,
        148.6814395688308,
        136.85223376012217,
        207.9522504084387,
        143.55767687171473,
        104.98614882263105
    ]
}