{
    "trial_number": 17,
    "part_name": "LSTM with Dropout and AdamW",
    "model_name": "LM_LSTM_DROPOUT",
    "parameters": {
        "n_epochs": 100,
        "patience_value": 5,
        "hid_size": 350,
        "emb_size": 450,
        "emb_dropout": 0.3,
        "out_dropout": 0.5,
        "optimizer": "AdamW",
        "lr": 0.001,
        "clip": 5.0,
        "train_batch_size": 64,
        "eval_batch_size": 128
    },
    "eval_ppl": 110.41734383771272,
    "best_val_loss": 4.794376385972351,
    "losses_train": [
        6.168556046526384,
        5.532484074301454,
        5.287492592537048,
        5.126614919799817,
        5.010247764747229,
        4.917170815236374,
        4.841585023640901,
        4.777158288979189,
        4.720629835366096,
        4.670494189940515,
        4.623815563093819,
        4.5839733908514875,
        4.5463462957206175,
        4.510979986877587,
        4.478932910758894,
        4.45004255056014,
        4.422439088294039,
        4.396408485680798,
        4.370630000438754,
        4.348294191157354,
        4.325721726962939,
        4.303373677914567,
        4.284724092944658,
        4.266148322798105,
        4.248421897888409,
        4.229146798474486
    ],
    "losses_dev": [
        5.619546080875302,
        5.334628220894303,
        5.177081629193156,
        5.080474341059632,
        5.011682921435485,
        4.958287913488688,
        4.92092404816025,
        4.895534359628054,
        4.871227408234479,
        4.856155895390858,
        4.840402488312882,
        4.8295686171464345,
        4.8209322682665325,
        4.81443454825348,
        4.811454562027188,
        4.804563372926729,
        4.800117682787416,
        4.802148319574425,
        4.7980534302746305,
        4.796402742754653,
        4.794376385972351,
        4.795183586535729,
        4.79736677739647,
        4.803806700003996,
        4.795266342542442,
        4.800664649353157
    ]
}