{
    "trial_number": 16,
    "part_name": "Variational Dropout",
    "model_name": "LM_LSTM_VAR_DROPOUT",
    "parameters": {
        "n_epochs": 100,
        "patience_value": 5,
        "hid_size": 350,
        "emb_size": 450,
        "emb_dropout": 0.5,
        "out_dropout": 0.4,
        "optimizer": "SGD",
        "lr": 0.05,
        "clip": 5.0,
        "train_batch_size": 64,
        "eval_batch_size": 128
    },
    "eval_ppl": 208.45065899697605,
    "best_val_loss": 5.383891449646612,
    "losses_train": [
        8.709575310895715,
        7.021742949153387,
        6.708395059603604,
        6.619672745492592,
        6.584731351064779,
        6.5661899075095835,
        6.553705273617725,
        6.542802725736451,
        6.5319168292900995,
        6.5185043940089775,
        6.499864235837737,
        6.483459315031316,
        6.470509069914065,
        6.458274476148085,
        6.446055704979754,
        6.433909169403865,
        6.4220942876711185,
        6.410275074669711,
        6.398802039621705,
        6.386303020612046,
        6.372409550065007,
        6.356048763620128,
        6.335902358955393,
        6.313944877990022,
        6.2910972891291745,
        6.268046568597957,
        6.244656174108542,
        6.219897492591539,
        6.196406908982515,
        6.173868390869723,
        6.152524286770418,
        6.1330181951894325,
        6.114523098157302,
        6.096138207536553,
        6.077691290332986,
        6.060922963980537,
        6.04288503002384,
        6.025654964648734,
        6.007386056196007,
        5.99032291162025,
        5.973216206972572,
        5.95553487447855,
        5.93770643809919,
        5.919903487993572,
        5.90325465613702,
        5.887135021512917,
        5.871477992897501,
        5.855876370889528,
        5.8404701759037945,
        5.826381346662187,
        5.811430727672823,
        5.798413942468497,
        5.785246410077771,
        5.7724502245523155,
        5.760163844873305,
        5.749387056387864,
        5.736577503606403,
        5.725710087662497,
        5.713674338843704,
        5.702924628346084,
        5.6921820532986676,
        5.6811555275284595,
        5.671513623643302,
        5.660199645186877,
        5.6505537657494616,
        5.6409575939250995,
        5.630839881350291,
        5.620674485663015,
        5.611250366074209,
        5.6021515511403015,
        5.591954950132956,
        5.582103194284337,
        5.573818418613311,
        5.56479605654769,
        5.555545669641115,
        5.547282020422031,
        5.538000955563731,
        5.530060894029889,
        5.520529692026821,
        5.512298999791582,
        5.504244313562751,
        5.496258233202614,
        5.4885219987967995,
        5.479910897244167,
        5.47274851226471,
        5.465554631017585,
        5.457438209195978,
        5.449603516976149,
        5.442668898983644,
        5.4347847704751615,
        5.4276076394462365,
        5.421362430549222,
        5.4127636520329405,
        5.406726732004532,
        5.399435804263096,
        5.393169131979037,
        5.386848556263511,
        5.380391623572155,
        5.372664756224503,
        5.366902414549823
    ],
    "losses_dev": [
        7.439876547183549,
        6.771351320266994,
        6.619296647473008,
        6.570665527551854,
        6.547144896958019,
        6.533587770479649,
        6.525338793241227,
        6.515872810191434,
        6.503342232783421,
        6.489581677750746,
        6.471896594253889,
        6.456194165708464,
        6.445825517873633,
        6.432351445684312,
        6.421144943573306,
        6.4085130403488595,
        6.397941005580516,
        6.38668624416199,
        6.377710907810502,
        6.365632214270493,
        6.349397955253765,
        6.329542659646257,
        6.307466957253783,
        6.285632676261277,
        6.263265281489736,
        6.238628915406574,
        6.207722592153981,
        6.18227242167522,
        6.163396269056773,
        6.1418088825982915,
        6.120939870997745,
        6.096444342735563,
        6.077774989955516,
        6.064506080520138,
        6.044603545314498,
        6.025800027913677,
        6.00982168126909,
        5.987126411777241,
        5.983291485939942,
        5.957836799605324,
        5.9404237704108365,
        5.919855801993802,
        5.922425719373757,
        5.890253562184792,
        5.874349120191966,
        5.852612322029496,
        5.838155000266373,
        5.833330151655065,
        5.811740469116263,
        5.791753700365819,
        5.795578075332522,
        5.783433281039121,
        5.775173378342982,
        5.745109647199975,
        5.736614580096161,
        5.727020599239505,
        5.711061280233343,
        5.698557506614931,
        5.693617319854116,
        5.6892215191699815,
        5.667878731165205,
        5.659659034153466,
        5.6545808120382866,
        5.636057728592485,
        5.640569831641124,
        5.641970010555033,
        5.618431281853779,
        5.610102559179216,
        5.594566572178222,
        5.584706585907533,
        5.579537290564178,
        5.579960608695749,
        5.575180190279159,
        5.558569533636259,
        5.558207203837548,
        5.542515721560235,
        5.54762144808167,
        5.518623819634358,
        5.517910876289689,
        5.505756495340691,
        5.505645159723949,
        5.492775331246005,
        5.493269279860421,
        5.475218758879103,
        5.4743527897584,
        5.465028137042283,
        5.455793260373011,
        5.471458778213347,
        5.446585784058016,
        5.444510030333233,
        5.434462681133684,
        5.429115380602713,
        5.417419300060378,
        5.424577070329148,
        5.464899729964306,
        5.407729959034042,
        5.406081324806435,
        5.399161271687207,
        5.383891449646612,
        5.39027114003232
    ]
}