{
    "trial_number": 4,
    "part_name": "LSTM",
    "model_name": "LM_LSTM",
    "parameters": {
        "n_epochs": 100,
        "patience_value": 5,
        "hid_size": 200,
        "emb_size": 400,
        "optimizer": "SGD",
        "lr": 2.0,
        "clip": 5.0,
        "train_batch_size": 64,
        "eval_batch_size": 128
    },
    "eval_ppl": 141.21029894902134,
    "best_val_loss": 4.996225021975778,
    "losses_train": [
        6.189658430344118,
        5.529842050945844,
        5.285189120294483,
        5.124270180652986,
        5.001123970835569,
        4.901235087238753,
        4.817127767360976,
        4.744118360848503,
        4.678701880109486,
        4.619074421264554,
        4.565053265232414,
        4.515899822340829,
        4.469181877244247,
        4.4251725316743835,
        4.385260375360891,
        4.344927576156304,
        4.308313493425908
    ],
    "losses_dev": [
        5.853745676987143,
        5.4289296131375195,
        5.318281093228353,
        5.223289787811656,
        5.17309517592831,
        5.10240210234941,
        5.075546196581102,
        5.054978845539139,
        5.039958706625586,
        5.029750895401957,
        5.026095611836731,
        4.996225021975778,
        5.005376622378445,
        5.000858768723806,
        4.998520894192179,
        5.001547787050273,
        5.000694942352429
    ]
}