{
    "trial_number": 14,
    "part_name": "LSTM with Dropout and AdamW",
    "model_name": "LM_LSTM_DROPOUT",
    "parameters": {
        "n_epochs": 100,
        "patience_value": 5,
        "hid_size": 350,
        "emb_size": 500,
        "emb_dropout": 0.2,
        "out_dropout": 0.1,
        "optimizer": "AdamW",
        "lr": 0.005,
        "clip": 5.0,
        "train_batch_size": 64,
        "eval_batch_size": 128
    },
    "eval_ppl": 136.0537563230314,
    "best_val_loss": 4.987453114178594,
    "losses_train": [
        5.565876601915388,
        4.886792354386799,
        4.617910664298209,
        4.438256751686156,
        4.302154654596355,
        4.192824347469015,
        4.1000235598828585,
        4.02062328372774
    ],
    "losses_dev": [
        5.1423433282426485,
        5.014111709648921,
        4.987453114178594,
        5.000419558386756,
        5.010770808730821,
        5.0341444138793685,
        5.05742369244122,
        5.093316450090567
    ]
}