{
    "trial_number": 18,
    "parameters": {
        "n_epochs": 100,
        "patience_value": 5,
        "hid_size": 400,
        "emb_size": 400,
        "emb_dropout": 0.1,
        "out_dropout": 0.5,
        "optimizer": "SGD",
        "lr": 0.5,
        "clip": 5.0,
        "train_batch_size": 64,
        "eval_batch_size": 128
    },
    "eval_ppl": 113.0718985320048,
    "best_val_loss": 4.755665657963667,
    "losses_train": [
        6.6863808099517525,
        6.054265224966169,
        5.858680582545255,
        5.729175323190697,
        5.633252355135902,
        5.555192294609579,
        5.489520487954971,
        5.434758447583424,
        5.385966724682842,
        5.342628311966564,
        5.303919466786629,
        5.267980123334491,
        5.235356504133718,
        5.204688596084986,
        5.176040159147338,
        5.1508764600607275,
        5.125047928939175,
        5.102057255856074,
        5.079570140152918,
        5.059450904608039,
        5.039367620365218,
        5.019365269462056,
        5.001506860458254,
        4.985204766983732,
        4.9679457653495085,
        4.951755429803625,
        4.9363438776079915,
        4.920458754581247,
        4.907252826845579,
        4.89411011098461,
        4.8789715267075024,
        4.866041789844296,
        4.853000612139777,
        4.841840996945804,
        4.829304028767517,
        4.818254958854196,
        4.805356240057373,
        4.7952023222759665,
        4.782479164359061,
        4.774365662146856,
        4.762102840792464,
        4.7525265625530295,
        4.742524683417402,
        4.733615033704764,
        4.722946533246575,
        4.713661249962137,
        4.7045405725145555,
        4.6958488397617035,
        4.687198178616522,
        4.680022065977527,
        4.671782618093634,
        4.663147789548967,
        4.653450841742216,
        4.646681965298765,
        4.639982986938787,
        4.631262633026251,
        4.623220816069913,
        4.615769608879195,
        4.609799473423009,
        4.601207582745417,
        4.595967207673166,
        4.587418783620907,
        4.582896863744604,
        4.57408236614301,
        4.568141280525058,
        4.56076442468432,
        4.555575384138087,
        4.5479940531172875,
        4.542319608185637,
        4.536148443847759,
        4.530276094970684,
        4.523676387489399,
        4.518337733803162,
        4.511249412723436,
        4.506608295605293,
        4.499983075842168,
        4.495241326022304,
        4.489713403641434,
        4.484297443787261,
        4.476812423118988,
        4.473904883755928,
        4.468987363804805,
        4.461607645182369,
        4.457615626062187,
        4.4493782084480715,
        4.446595732755088,
        4.443258013011235,
        4.437725623149879,
        4.432002447133821,
        4.42798476047622,
        4.423266774601992,
        4.4172482753301505,
        4.414446915209746,
        4.407850896918709,
        4.404094397636275,
        4.399600498653904,
        4.394106365112258,
        4.391072837079099,
        4.385583122373908,
        4.38181420966801
    ],
    "losses_dev": [
        6.130582048730733,
        5.86897016011241,
        5.688976025869264,
        5.605842046877219,
        5.505876938973931,
        5.457310775234408,
        5.393484792317801,
        5.34714101928763,
        5.331932227200685,
        5.270919573925185,
        5.244800252111006,
        5.225286434285765,
        5.186643742397269,
        5.164063859612516,
        5.146424517365304,
        5.120737600888798,
        5.114782387080019,
        5.085816237824531,
        5.073433282426481,
        5.065514808955019,
        5.055596976721214,
        5.040124350438184,
        5.026863369763549,
        5.0113284302191365,
        4.997890859463791,
        4.988437418145777,
        4.977417737893345,
        4.9719769362547055,
        4.963148403370951,
        4.951489184976115,
        4.956044067261418,
        4.937881059154798,
        4.932623992499378,
        4.930915965402579,
        4.921790932938361,
        4.912115853969847,
        4.9076443797503195,
        4.905916131885744,
        4.896675081465762,
        4.888786581900838,
        4.884610053418898,
        4.878201748739167,
        4.873618175855057,
        4.871707670545354,
        4.86521709543481,
        4.862302252683708,
        4.862319608553683,
        4.852112449389118,
        4.854631596340478,
        4.843724326908563,
        4.841611967697826,
        4.842581683577657,
        4.840287857716827,
        4.832950028968071,
        4.830461070964004,
        4.828733454348097,
        4.819955906933691,
        4.820626993635903,
        4.816287041116902,
        4.816355673801765,
        4.818988625870152,
        4.817148050426641,
        4.808271036257814,
        4.806426645575099,
        4.805562285791661,
        4.801255102709014,
        4.798877653741654,
        4.792720232255115,
        4.798287339121768,
        4.80030057841801,
        4.793361421355573,
        4.798233745416163,
        4.791135506752557,
        4.786398595936479,
        4.78606028827115,
        4.7850073585559025,
        4.784939856569204,
        4.785447484550362,
        4.77803270589528,
        4.777190363510442,
        4.777192798326733,
        4.7737832716605695,
        4.769121562677582,
        4.7699038531973645,
        4.7722483801188025,
        4.768955585898654,
        4.7657992246324055,
        4.771386808928381,
        4.761434077661067,
        4.7645187609878885,
        4.7611764102788925,
        4.764635881894622,
        4.756470076870827,
        4.7589898828180495,
        4.761210802926108,
        4.76100050000444,
        4.755665657963667,
        4.757620253564959,
        4.7583365543201275,
        4.756874408984763
    ]
}