{
    "trial_number": 34,
    "parameters": {
        "n_epochs": 100,
        "patience_value": 5,
        "hid_size": 400,
        "emb_size": 300,
        "emb_dropout": 0.1,
        "out_dropout": 0.5,
        "optimizer": "SGD",
        "lr": 0.1,
        "clip": 5.0,
        "train_batch_size": 64,
        "eval_batch_size": 128
    },
    "eval_ppl": 159.07767507400752,
    "best_val_loss": 5.099329842828793,
    "losses_train": [
        7.773338519965749,
        6.640905225973421,
        6.43505481023043,
        6.3160340562178305,
        6.228591776717959,
        6.158656051872691,
        6.100837714198317,
        6.05174416979767,
        6.007999962873915,
        5.968528624175936,
        5.932685235894504,
        5.901262237434936,
        5.87039748371538,
        5.842442775536345,
        5.816505611578765,
        5.79183547612612,
        5.769126813374623,
        5.747079975925725,
        5.726543100460944,
        5.706789793677415,
        5.6880011126343115,
        5.67038654911238,
        5.653882572451828,
        5.637376512062735,
        5.620861264707376,
        5.606873564787146,
        5.5928793720297065,
        5.578130456454154,
        5.564550683879846,
        5.552452491683527,
        5.539127771966644,
        5.5272929153817225,
        5.515396522091724,
        5.503269053695704,
        5.492621814595989,
        5.482017447582331,
        5.471566148190723,
        5.461384563542345,
        5.451046398516377,
        5.441541734831486,
        5.43162981342216,
        5.423305352184142,
        5.413924387147134,
        5.404861596787436,
        5.39655456638753,
        5.388358371469071,
        5.379192509281581,
        5.371604449644862,
        5.363917822399531,
        5.354837532377079,
        5.348669507227055,
        5.340394869015445,
        5.33356084326377,
        5.326031877415897,
        5.3197950508679455,
        5.312438224312481,
        5.305265666062506,
        5.299340349298689,
        5.291833913202114,
        5.286556425744711,
        5.27911035444899,
        5.2724680422533625,
        5.266780216211161,
        5.260351185453069,
        5.255042464958984,
        5.248767657814878,
        5.242973307461746,
        5.236667706037594,
        5.2323239812358056,
        5.225535216324374,
        5.2211923996821925,
        5.214084794967289,
        5.210358902929347,
        5.204267071579919,
        5.200591047159528,
        5.19360943825959,
        5.190103733961646,
        5.185225560349348,
        5.1805646773254725,
        5.173797692597751,
        5.169979582737421,
        5.16568921379262,
        5.160012974086761,
        5.156292548465545,
        5.15097673331606,
        5.146447381731055,
        5.141986880997402,
        5.138071352691713,
        5.133380433122402,
        5.128857859208625,
        5.124337251812872,
        5.120857644274076,
        5.114967359859519,
        5.1120579843095895,
        5.106785477263265,
        5.103555995626353,
        5.099702947974421,
        5.095715102653773,
        5.092345346067847,
        5.0883556093720985
    ],
    "losses_dev": [
        6.771861944945127,
        6.448964523269907,
        6.29902291030331,
        6.196468725582469,
        6.117246150631748,
        6.047467458090638,
        5.99417135501758,
        5.946246921448803,
        5.9059957039019215,
        5.867547415792815,
        5.833041067512253,
        5.804355567252539,
        5.776752811068245,
        5.748093920367772,
        5.721604423235722,
        5.704271458570109,
        5.679700596675664,
        5.661057686971693,
        5.643153587934188,
        5.621169326420213,
        5.602672706860882,
        5.5898868344557995,
        5.573064418163535,
        5.556797930780739,
        5.542482466547983,
        5.5302054013798125,
        5.515956391677173,
        5.502902391197702,
        5.496072377723665,
        5.480316397093426,
        5.467853051136969,
        5.456286515307572,
        5.44753542484284,
        5.436663928481052,
        5.424079195486752,
        5.417153322393539,
        5.4056314248628174,
        5.397913452616671,
        5.389407841579059,
        5.379034941486717,
        5.373498085998544,
        5.365098975629085,
        5.356932192516693,
        5.353350765045638,
        5.344838827647748,
        5.3395210501314105,
        5.3280513450729865,
        5.3240689775824865,
        5.315908118496058,
        5.307528840433656,
        5.3001912197888545,
        5.296363272370898,
        5.289230786732846,
        5.287533962565705,
        5.281118769645014,
        5.276329361137502,
        5.266270080644445,
        5.259971599359373,
        5.2584438874041055,
        5.252574682960559,
        5.2417375168147995,
        5.240338773818191,
        5.233420149679464,
        5.2293213202780935,
        5.223415170445465,
        5.219456214650075,
        5.216487625583801,
        5.211065851583588,
        5.206193499775803,
        5.201457546237925,
        5.197838639244299,
        5.195172903865961,
        5.188849144886969,
        5.19397872705862,
        5.18171348219518,
        5.179696379102145,
        5.177883953187154,
        5.1692493454436885,
        5.167993528244424,
        5.162102452075046,
        5.159520235751261,
        5.156871356793401,
        5.1523762142172185,
        5.148356852780047,
        5.145746375938965,
        5.1406214414223435,
        5.139166912691788,
        5.138025261323075,
        5.135235232388301,
        5.127877252239753,
        5.125308666725121,
        5.124256444563326,
        5.119034429550984,
        5.1174679617022125,
        5.112768509598309,
        5.110385088047397,
        5.109358643029017,
        5.105231421311177,
        5.104542791445429,
        5.099329842828793
    ]
}