{
    "trial_number": 9,
    "part_name": "LSTM with Dropout and AdamW",
    "model_name": "LM_LSTM_DROPOUT",
    "parameters": {
        "n_epochs": 100,
        "patience_value": 5,
        "hid_size": 200,
        "emb_size": 350,
        "emb_dropout": 0.1,
        "out_dropout": 0.3,
        "optimizer": "AdamW",
        "lr": 0.01,
        "clip": 5.0,
        "train_batch_size": 64,
        "eval_batch_size": 128
    },
    "eval_ppl": 148.32671148871404,
    "best_val_loss": 5.083859498752486,
    "losses_train": [
        5.765293976869353,
        5.208349000268332,
        5.000773592697912,
        4.870085449790275,
        4.774143286344519,
        4.7020488510453164,
        4.644155604794723,
        4.595949404321488,
        4.552657619133718,
        4.518907041345661
    ],
    "losses_dev": [
        5.310407972545816,
        5.18042188498899,
        5.123283378209796,
        5.099385434332381,
        5.083859498752486,
        5.083962607326147,
        5.092565097692321,
        5.108426101452621,
        5.116692261141053,
        5.134203994042123
    ]
}