{
    "trial_number": 23,
    "part_name": "Baseline RNN",
    "model_name": "LM_RNN",
    "parameters": {
        "n_epochs": 100,
        "patience_value": 5,
        "hid_size": 400,
        "emb_size": 400,
        "optimizer": "SGD",
        "lr": 0.5,
        "clip": 5.0,
        "train_batch_size": 64,
        "eval_batch_size": 128
    },
    "eval_ppl": 154.34604278173526,
    "best_val_loss": 5.07462521864789,
    "losses_train": [
        6.184412655836954,
        5.60057781129159,
        5.380837079105601,
        5.229775794919444,
        5.112921978907716,
        5.01570875901517,
        4.931628730625545,
        4.859334277747472,
        4.7935377992968276,
        4.736034396587348,
        4.6805537219525295,
        4.630677745695511,
        4.5835712440503436,
        4.540368832356021,
        4.498519839640092,
        4.459982368648244,
        4.423062072734075,
        4.387225028331598,
        4.353551107739103,
        4.321587406474301,
        4.290784259012197,
        4.260723351572084
    ],
    "losses_dev": [
        5.796440915957079,
        5.636337961380345,
        5.410108434647588,
        5.354723169018149,
        5.27450075860829,
        5.236583017662754,
        5.191620264108893,
        5.164432820990641,
        5.1294419720152895,
        5.127700551170266,
        5.12114325099446,
        5.108108507067765,
        5.124749463646736,
        5.1234496671446585,
        5.086823308364558,
        5.105417681289068,
        5.07462521864789,
        5.084967610700206,
        5.117009571117169,
        5.078898966361521,
        5.075791169621928,
        5.0996534583547914
    ]
}