{
    "trial_number": 0,
    "part_name": "Baseline RNN",
    "model_name": "LM_RNN",
    "parameters": {
        "n_epochs": 100,
        "patience_value": 5,
        "hid_size": 250,
        "emb_size": 400,
        "optimizer": "SGD",
        "lr": 4.0,
        "clip": 5.0,
        "train_batch_size": 64,
        "eval_batch_size": 128
    },
    "eval_ppl": 230.15442834200402,
    "best_val_loss": 5.48101648655038,
    "losses_train": [
        7.08528565151888,
        5.657313762432527,
        5.371866028676475,
        5.19168021500092,
        5.0579248655173075,
        4.968433310287946,
        4.882149754317618,
        4.816387287758895,
        4.763461708474374,
        4.710008708276435,
        4.680578447013383,
        4.645805855683405,
        4.611967612578617,
        4.595113000217603,
        4.582070679487587
    ],
    "losses_dev": [
        5.890838833752131,
        5.937417722632388,
        5.820233503738102,
        5.64262911046935,
        5.695517773742719,
        5.533698474847723,
        5.545993041558638,
        5.651358814784149,
        5.624885723180672,
        5.48101648655038,
        5.539812950614434,
        5.5070937574917425,
        5.552008106065315,
        5.502295414387697,
        5.680498689222546
    ]
}