{
    "trial_number": 7,
    "part_name": "Baseline RNN",
    "model_name": "LM_RNN",
    "parameters": {
        "n_epochs": 100,
        "patience_value": 5,
        "hid_size": 300,
        "emb_size": 500,
        "optimizer": "SGD",
        "lr": 3.0,
        "clip": 5.0,
        "train_batch_size": 64,
        "eval_batch_size": 128
    },
    "eval_ppl": 211.8766511324268,
    "best_val_loss": 5.391188177863954,
    "losses_train": [
        7.124894798885441,
        5.571543960812652,
        5.279046245731709,
        5.086451296016169,
        4.952258015524723,
        4.8402462237930175,
        4.756570067339063,
        4.682216623793536,
        4.62006750831329,
        4.5574311888243,
        4.508569315514202,
        4.4709498359147215,
        4.43278547514181,
        4.396726223693599,
        4.372436310000567,
        4.344297491494229
    ],
    "losses_dev": [
        6.026962857328367,
        5.74589020352012,
        5.582791661857153,
        5.505088134800309,
        5.461667320575543,
        5.464158893752664,
        5.454488164156841,
        5.427067769469652,
        5.455157697016178,
        5.497129087994122,
        5.391188177863954,
        5.521442566915134,
        5.475773147819292,
        5.422614747134269,
        5.521278657302173,
        5.500841641768185
    ]
}