{
    "trial_number": 4,
    "part_name": "Variational Dropout",
    "model_name": "LM_LSTM_VAR_DROPOUT",
    "parameters": {
        "n_epochs": 100,
        "patience_value": 5,
        "hid_size": 400,
        "emb_size": 300,
        "emb_dropout": 0.2,
        "out_dropout": 0.3,
        "optimizer": "SGD",
        "lr": 2.0,
        "clip": 5.0,
        "train_batch_size": 64,
        "eval_batch_size": 128
    },
    "eval_ppl": 102.7142322823631,
    "best_val_loss": 4.662630883515059,
    "losses_train": [
        6.62437411793022,
        6.044340946584996,
        5.7662620325045335,
        5.56781469196639,
        5.410320385151423,
        5.284104537094889,
        5.175870915006254,
        5.086319683753298,
        5.005707235343965,
        4.931005076352339,
        4.862928975746921,
        4.799063492511894,
        4.738814728471195,
        4.68486303706121,
        4.634612658058324,
        4.585150981500881,
        4.540522933429789,
        4.497670486018352,
        4.458208670407781,
        4.421195702988192,
        4.385381269986261,
        4.35044881228166,
        4.3160752844476225,
        4.286562825486705,
        4.25575956559094,
        4.2251450436785785,
        4.1954088373357665,
        4.169182451431573,
        4.141585227563559,
        4.115421014931553,
        4.088726105747635,
        4.063999549324444,
        4.041536361670243
    ],
    "losses_dev": [
        6.213021633377433,
        5.854435187826307,
        5.686235789274488,
        5.475226209000746,
        5.428235211855378,
        5.303552403905917,
        5.262416210410303,
        5.17020244769099,
        5.117348052202462,
        5.068896186092663,
        5.001420198514526,
        4.967104959034042,
        4.914474726190687,
        4.853073584449141,
        4.883928360351701,
        4.853197565849642,
        4.813915994814605,
        4.791044447397979,
        4.777362042337779,
        4.792487280686177,
        4.764310504421793,
        4.730925919708499,
        4.78899505350769,
        4.726378050526531,
        4.714051706341455,
        4.719715553800699,
        4.687176779871519,
        4.662630883515059,
        4.714712131184295,
        4.73195724129626,
        4.705203292593053,
        4.697278617623686,
        4.6986750992239665
    ]
}