{
    "trial_number": 25,
    "part_name": "LSTM",
    "model_name": "LM_LSTM",
    "parameters": {
        "n_epochs": 100,
        "patience_value": 5,
        "hid_size": 300,
        "emb_size": 450,
        "optimizer": "SGD",
        "lr": 1.0,
        "clip": 5.0,
        "train_batch_size": 64,
        "eval_batch_size": 128
    },
    "eval_ppl": 145.35673465791498,
    "best_val_loss": 5.0071764926880595,
    "losses_train": [
        6.361646248313898,
        5.70305320346184,
        5.4542030368187335,
        5.284606774787362,
        5.153337833418175,
        5.046743466566788,
        4.95459561707926,
        4.874512434360066,
        4.802973013137673,
        4.737461296759,
        4.677252003445013,
        4.6211788117023875,
        4.56886943479128,
        4.518940611692522,
        4.471761237946901,
        4.426812043214808,
        4.383988806947636,
        4.342166906448818,
        4.302999661594836,
        4.264250013805527,
        4.226943588136649,
        4.190909975569293,
        4.155727954843531,
        4.121750466937245
    ],
    "losses_dev": [
        5.899118464703349,
        5.598260341101808,
        5.425459195253676,
        5.327437216423675,
        5.2390223012523975,
        5.197283237531521,
        5.138172245147571,
        5.114227692920692,
        5.08620155617364,
        5.051619867324016,
        5.045291939329095,
        5.033325351390467,
        5.031494903672841,
        5.0113681919484305,
        5.020447268122248,
        5.012943982854454,
        5.0095346157346565,
        5.009561488892243,
        5.0071764926880595,
        5.023471074104987,
        5.017937021083428,
        5.033071943202604,
        5.042131304994939,
        5.045871286870471
    ]
}