{
    "trial_number": 20,
    "part_name": "Non-monotonically Triggered AvSGD",
    "model_name": "LM_LSTM_VAR_DROPOUT",
    "parameters": {
        "n_epochs": 100,
        "patience_value": 5,
        "hid_size": 350,
        "emb_size": 350,
        "emb_dropout": 0.1,
        "out_dropout": 0.4,
        "optimizer": "SGD",
        "lr": 3.0,
        "clip": 5.0,
        "train_batch_size": 64,
        "eval_batch_size": 128
    },
    "eval_ppl": 95.89776966446051,
    "best_val_loss": 4.623914030313255,
    "losses_train": [
        6.551346518415247,
        5.911523735269727,
        5.623157308190306,
        5.436078421187389,
        5.300035021756688,
        5.194720504487049,
        5.105429876286147,
        5.029746638815069,
        4.9614258350730305,
        4.902462633730573,
        4.843699264494883,
        4.794114894312246,
        4.745414470517655,
        4.701323908357444,
        4.658981321116753,
        4.618424360637085,
        4.583437578554299,
        4.546748370686802,
        4.513258601013327,
        4.480917130682087,
        4.452812174463619,
        4.424659908459675,
        4.3951706472100405,
        4.372522390763128,
        4.344856769658291,
        4.3193465787870675,
        4.293833380860337,
        4.270994957452448,
        4.250036210395806,
        4.227878746292899,
        4.207110328304063,
        4.185930203792747,
        4.169348513748782,
        4.148149034655165,
        4.129586561270948,
        4.112328997108245,
        4.097165562574611,
        4.078376759141722,
        4.061640506476958,
        4.047881465873208,
        4.031646183760195,
        4.0164507436274635,
        4.002309777823134,
        3.9911817821166933,
        3.9739643477257878,
        3.960911506402063,
        3.9502047058735776
    ],
    "losses_dev": [
        6.093807270208837,
        5.70202632209831,
        5.4689057727482595,
        5.321601495906734,
        5.216851800570926,
        5.165004773904763,
        5.106611871970006,
        5.012010192654318,
        4.99374181457771,
        4.927711497438379,
        4.880911692334671,
        4.85418892454095,
        4.814062062981692,
        4.799446547527614,
        4.799609402747194,
        4.769867747160907,
        4.74763633445136,
        4.732108331705498,
        4.7018666647428615,
        4.708795229313912,
        4.686193329130559,
        4.67673545519827,
        4.682413398232171,
        4.661604084719953,
        4.64853625920097,
        4.650671232374982,
        4.647047823399098,
        4.639940865179713,
        4.653124174520973,
        4.648458546246803,
        4.632027545749573,
        4.657778454192712,
        4.637952972945376,
        4.637144391959085,
        4.629535362134181,
        4.627238879479507,
        4.624473698157142,
        4.645692220352678,
        4.63439549130292,
        4.623914030313255,
        4.630761524519641,
        4.633387456547894,
        4.638471325217094,
        4.637728997593763,
        4.641467612919982,
        4.636864457453562,
        4.6457615120334035
    ],
    "ASGD_trigger_epoch": 31
}