{
    "trial_number": 9,
    "parameters": {
        "n_epochs": 100,
        "patience_value": 5,
        "hid_size": 400,
        "emb_size": 300,
        "emb_dropout": 0.5,
        "out_dropout": 0.5,
        "optimizer": "SGD",
        "lr": 0.1,
        "clip": 5.0,
        "train_batch_size": 64,
        "eval_batch_size": 128
    },
    "eval_ppl": 186.9969189391396,
    "best_val_loss": 5.270387812821867,
    "losses_train": [
        8.07803871048737,
        6.772243290377453,
        6.541569407140881,
        6.427951885992117,
        6.348736202386501,
        6.286326236524753,
        6.234629437950835,
        6.191053431471809,
        6.15218337686612,
        6.118873166953559,
        6.088487758820822,
        6.05955799931232,
        6.033520616393085,
        6.009994493103353,
        5.98581526811751,
        5.965644210466501,
        5.944722087556477,
        5.925420165490288,
        5.908152676893285,
        5.8911173000174575,
        5.87469264077531,
        5.858980259208389,
        5.844157761712462,
        5.830215839867396,
        5.816270298017234,
        5.803730312167281,
        5.791480416992333,
        5.778440285275621,
        5.767292531583861,
        5.756635437460918,
        5.746603363571446,
        5.734072408986248,
        5.7237426192797205,
        5.715434288679614,
        5.705133920153105,
        5.696609056803953,
        5.6868700466195055,
        5.679387743756642,
        5.669898055596156,
        5.662463477896162,
        5.654367258518002,
        5.645177643362616,
        5.638121555309664,
        5.630951746852996,
        5.623724569343895,
        5.616382223064558,
        5.609738321440927,
        5.601939393391968,
        5.595787377578037,
        5.590088512319442,
        5.581991423675086,
        5.575989066661735,
        5.571374451287209,
        5.564619700184135,
        5.558986590318404,
        5.552990459049391,
        5.547214134042483,
        5.542170183225838,
        5.535481117035661,
        5.531294934560789,
        5.526157577713042,
        5.520939410692313,
        5.515846088842583,
        5.510958956775095,
        5.506620205348853,
        5.500086062238346,
        5.494482648630392,
        5.491262980977446,
        5.486926372391107,
        5.481784267585836,
        5.477102457631158,
        5.47342231178525,
        5.468439113839102,
        5.463273669489818,
        5.4603594918821035,
        5.456110342904709,
        5.452213004406384,
        5.448478316888307,
        5.4435540804587,
        5.4397439893525235,
        5.43652378475872,
        5.432046514069768,
        5.428231160175423,
        5.425273257271187,
        5.421700060422318,
        5.417829322949474,
        5.414354760576591,
        5.4095694909769945,
        5.407015865562941,
        5.402650955389112,
        5.400560482639494,
        5.396934910340288,
        5.3930661463721075,
        5.391119157613945,
        5.38534234185086,
        5.383640679854165,
        5.379459276958297,
        5.376663492546333,
        5.374409034616835,
        5.370079926494535
    ],
    "losses_dev": [
        6.9522248532728375,
        6.533680279625124,
        6.371124847667904,
        6.275678918347777,
        6.211105009811408,
        6.146037589678932,
        6.11111931349002,
        6.055883417943778,
        6.028019054275732,
        5.992956562044946,
        5.969690484210736,
        5.936779849321637,
        5.902703221837708,
        5.889152914232313,
        5.8635875928976064,
        5.832312613486025,
        5.830039639641639,
        5.799531530246662,
        5.775179364800131,
        5.775214395632814,
        5.742406529414246,
        5.735683835150589,
        5.718863638633861,
        5.702706357270653,
        5.686430428905029,
        5.668380962317091,
        5.656049193555548,
        5.6469575479027565,
        5.636822503695926,
        5.629329595878764,
        5.614936959762129,
        5.605774863983254,
        5.598801064548852,
        5.589002982268433,
        5.572990000188681,
        5.5760752453961855,
        5.563761651046846,
        5.552926142795941,
        5.549144394456333,
        5.535904029946992,
        5.534883675437739,
        5.522975224807768,
        5.51251833395857,
        5.506301484918845,
        5.4996258013389685,
        5.493544989855626,
        5.4899997239154175,
        5.478418246221942,
        5.471453027607349,
        5.472338010492879,
        5.4673502858515945,
        5.45473809700863,
        5.450861737673587,
        5.4412395240468285,
        5.436978900756055,
        5.432374475855502,
        5.423920405231123,
        5.424906200609994,
        5.423102050295674,
        5.409892755707043,
        5.407875576309223,
        5.401528065731993,
        5.397050507940137,
        5.393945534477553,
        5.39322974010868,
        5.383745880929021,
        5.380186006091064,
        5.375801852291696,
        5.373739431093727,
        5.365529730008702,
        5.363034660685112,
        5.356721986710204,
        5.353629950376918,
        5.350175910274453,
        5.3475206910827175,
        5.344804088160605,
        5.34088953481274,
        5.341735734057572,
        5.333031473919857,
        5.331437390676055,
        5.32872716960861,
        5.321792701821992,
        5.32191219511383,
        5.31650654223345,
        5.315777644252114,
        5.311719901508559,
        5.304383265889153,
        5.304702830324797,
        5.299381792513141,
        5.299658251682589,
        5.292645016548427,
        5.288435357916607,
        5.288783612951058,
        5.283626137912434,
        5.2847305733569225,
        5.278606129410694,
        5.276767669690741,
        5.274904868744673,
        5.270387812821867,
        5.273005358260673
    ]
}