{
    "trial_number": 4,
    "part_name": "LSTM with Dropout and AdamW",
    "model_name": "LM_LSTM_DROPOUT",
    "parameters": {
        "n_epochs": 100,
        "patience_value": 5,
        "hid_size": 350,
        "emb_size": 500,
        "emb_dropout": 0.2,
        "out_dropout": 0.5,
        "optimizer": "AdamW",
        "lr": 0.0005,
        "clip": 5.0,
        "train_batch_size": 64,
        "eval_batch_size": 128
    },
    "eval_ppl": 111.21141100792417,
    "best_val_loss": 4.806498621796864,
    "losses_train": [
        6.382545466030941,
        5.732498086833479,
        5.484186423742233,
        5.323516960755433,
        5.201049040621717,
        5.10530643525372,
        5.02319850936309,
        4.953688488511022,
        4.892344746393574,
        4.83935590664002,
        4.79014230097293,
        4.7455754863709085,
        4.704074726849863,
        4.6670972634234555,
        4.631842350270758,
        4.598897898259538,
        4.567966234640727,
        4.5393810558774375,
        4.512931647213559,
        4.485667182077786,
        4.46021122671112,
        4.437934057961587,
        4.4157726651742415,
        4.3941033137938765,
        4.372392848269752,
        4.352938284234167,
        4.333470378493191,
        4.313005741024322,
        4.297094584429276,
        4.279212544850318,
        4.2616556073142124,
        4.245462276820169,
        4.230016519033856,
        4.213723378658225,
        4.199467882059219
    ],
    "losses_dev": [
        5.86003953836438,
        5.5404180475520315,
        5.376588790466508,
        5.263496471111841,
        5.179119750785801,
        5.116294713216099,
        5.066178223558034,
        5.02161482149675,
        4.987315585210523,
        4.9579033235034276,
        4.935874728909913,
        4.916585545432146,
        4.899405370691416,
        4.884042831401389,
        4.869609670507618,
        4.861082277922557,
        4.854013208496856,
        4.844480784790542,
        4.839302873943387,
        4.833296001795798,
        4.827820786699549,
        4.821097620733592,
        4.820154944494512,
        4.8159264316442325,
        4.813428802641977,
        4.810245561281343,
        4.810619808499965,
        4.811859518452994,
        4.809179784615179,
        4.806498621796864,
        4.806979154642883,
        4.808259451804234,
        4.809363935806311,
        4.80847139181036,
        4.809804769354223
    ]
}