{
    "trial_number": 0,
    "part_name": "Non-monotonically Triggered AvSGD",
    "model_name": "LM_LSTM_VAR_DROPOUT",
    "parameters": {
        "n_epochs": 100,
        "patience_value": 5,
        "hid_size": 300,
        "emb_size": 400,
        "emb_dropout": 0.3,
        "out_dropout": 0.1,
        "optimizer": "SGD",
        "lr": 3.0,
        "clip": 5.0,
        "train_batch_size": 64,
        "eval_batch_size": 128
    },
    "eval_ppl": 93.99474314276638,
    "best_val_loss": 4.694693300550949,
    "losses_train": [
        6.545919764417062,
        5.902755255787382,
        5.609467822737932,
        5.372143328237599,
        5.202771521126802,
        5.068579833902143,
        4.952843689971144,
        4.852113195873447,
        4.758859937702041,
        4.677197614831533,
        4.60270419678511,
        4.536680821842443,
        4.473283790391197,
        4.416231553699041,
        4.362714606244853,
        4.3132001613094495,
        4.264613877096604,
        4.218473209116989,
        4.177177247649714,
        4.136863722321089,
        4.097456108148218,
        4.070984925389763,
        4.0627366597626695
    ],
    "losses_dev": [
        6.144119890909131,
        5.790363503505025,
        5.523222702032871,
        5.349222183715283,
        5.221505886012307,
        5.152725315541092,
        5.0486605666310025,
        5.05970999881242,
        5.0793597640156625,
        4.906390553412239,
        4.862622372063237,
        4.850953199362481,
        4.845625502224215,
        4.774399731074194,
        4.780262081960772,
        4.741317334116174,
        4.747929379506144,
        4.694693300550949,
        4.741342160918188,
        4.830468854051978,
        4.7306620924492115,
        4.745067617137555,
        4.709246488870045
    ],
    "ASGD_trigger_epoch": 19
}