{
    "trial_number": 3,
    "part_name": "Weight Tying",
    "model_name": "LM_LSTM_WEIGHT_TYING",
    "parameters": {
        "n_epochs": 100,
        "patience_value": 5,
        "hid_size": 350,
        "emb_size": 500,
        "optimizer": "SGD",
        "lr": 1.0,
        "clip": 5.0,
        "train_batch_size": 64,
        "eval_batch_size": 128
    },
    "eval_ppl": 123.45617330545853,
    "best_val_loss": 4.820234162733964,
    "losses_train": [
        6.761104183649208,
        6.276266439427639,
        5.977593610490447,
        5.752158470857931,
        5.586429940001177,
        5.450694163528499,
        5.335144369926775,
        5.233776475987562,
        5.141048460990313,
        5.0565660786733675,
        5.032799613473234,
        4.917790194796498,
        4.848172427018106,
        4.785451738446535,
        4.724433718957458,
        4.667073332020601,
        4.611277030065956,
        4.55704177255893,
        4.505265726412597,
        4.455811106434866,
        4.406882478281766,
        4.361019904707831,
        4.317132525742585,
        4.273578147154457,
        4.230486998346538,
        4.190579579984211,
        4.14837841687728,
        4.108695660614356,
        4.0673852433413895,
        4.029015897640603,
        3.990120475674024,
        3.9526764511686925
    ],
    "losses_dev": [
        6.445521491866742,
        6.084203279551872,
        6.05371290061399,
        5.702761081674421,
        5.634041998985563,
        5.460121510512857,
        5.369210950263709,
        5.391456784577444,
        5.229884380216473,
        5.294384009513958,
        5.158559447531165,
        5.116562092116245,
        5.059552047909415,
        5.127573496768007,
        5.04966849733405,
        4.953632100784469,
        4.9019669084187205,
        4.917467392884731,
        4.907186467804376,
        4.896935898154479,
        4.859519708554571,
        4.845049255431791,
        4.847216325172699,
        4.855183786315528,
        4.847793203213791,
        4.836933568777525,
        4.820234162733964,
        4.8587629940110455,
        4.90163512134403,
        4.859796084482437,
        4.893850257549457,
        4.84318493532684
    ]
}