{
    "trial_number": 8,
    "part_name": "Baseline RNN",
    "model_name": "LM_RNN",
    "parameters": {
        "n_epochs": 100,
        "patience_value": 5,
        "hid_size": 400,
        "emb_size": 450,
        "optimizer": "SGD",
        "lr": 0.1,
        "clip": 5.0,
        "train_batch_size": 64,
        "eval_batch_size": 128
    },
    "eval_ppl": 155.32164277324648,
    "best_val_loss": 5.091838391739327,
    "losses_train": [
        6.789637459411985,
        6.127905617040751,
        5.96202644804378,
        5.848911177522767,
        5.7610792837563185,
        5.687540667205063,
        5.624312495236916,
        5.568156152615589,
        5.517825010858509,
        5.471732946958646,
        5.429176221208608,
        5.390084570944127,
        5.3530908475990175,
        5.318190885889452,
        5.285542487055306,
        5.254772843793435,
        5.2252719725907415,
        5.197730360914386,
        5.170805929080312,
        5.145821643669136,
        5.121475469536579,
        5.098072552222115,
        5.075123846053753,
        5.054059453120866,
        5.032349561221761,
        5.01233046313543,
        4.992763336702288,
        4.9740351673186485,
        4.955546200875214,
        4.936775273313443,
        4.919570880467518,
        4.90315325449031,
        4.885878581897126,
        4.869929416035124,
        4.854179854488752,
        4.8389045285708425,
        4.823862188590161,
        4.8089013602312045,
        4.794133859629751,
        4.780219493348946,
        4.766393670978053,
        4.752398218758266,
        4.739476614948809,
        4.72636536714622,
        4.713440778277837,
        4.700836590411763,
        4.687937376452087,
        4.675441382251708,
        4.66370424547738,
        4.651504992560824,
        4.640087745995197,
        4.628470198530702,
        4.617880816320079,
        4.605975263097557,
        4.596108951288321,
        4.584861131020396,
        4.573115551932996,
        4.563017796253771,
        4.553106288382228,
        4.542464343851731,
        4.5321533991811656,
        4.522177902278054,
        4.512166477020165,
        4.502904175042743,
        4.493100330434328,
        4.483366833922065,
        4.474875214836423,
        4.464485975140571,
        4.455295170879502
    ],
    "losses_dev": [
        6.233835650039068,
        6.0204612041505365,
        5.893840594589075,
        5.804467208088418,
        5.732614787367702,
        5.678939907346569,
        5.631110091710026,
        5.592688350728975,
        5.555370289081368,
        5.514382237855608,
        5.483525512712655,
        5.471090774113422,
        5.4321431821814175,
        5.412402482485971,
        5.406199382180974,
        5.374852100518096,
        5.356964282146789,
        5.329709302357846,
        5.339123793551996,
        5.299673991278502,
        5.287914154620685,
        5.278237743786848,
        5.274934350138514,
        5.2545006850782245,
        5.247958964951964,
        5.2308253846871,
        5.223119094009713,
        5.220402609013177,
        5.213381431244673,
        5.200084365343977,
        5.199973966195039,
        5.186748654538553,
        5.181734750419538,
        5.178784155408705,
        5.171814719220593,
        5.158829358362782,
        5.156022972457025,
        5.156926982980981,
        5.153558078207132,
        5.142263707668881,
        5.149696084981887,
        5.1288325257050005,
        5.12467026621768,
        5.125364091745543,
        5.117016015403022,
        5.133943836349268,
        5.134575105827799,
        5.108958778213347,
        5.117456169144676,
        5.1055932863443845,
        5.116840035760584,
        5.104058450297006,
        5.138689334921953,
        5.112868253824673,
        5.126085713025199,
        5.103322365792371,
        5.096085821239257,
        5.097570108835595,
        5.117433492750213,
        5.093959852029763,
        5.09497649535179,
        5.098121667561976,
        5.115665746754688,
        5.091838391739327,
        5.098613098118518,
        5.100239673326733,
        5.099845038857171,
        5.094627067998384,
        5.0946948127730325
    ]
}