{
    "trial_number": 14,
    "part_name": "LSTM",
    "model_name": "LM_LSTM",
    "parameters": {
        "n_epochs": 100,
        "patience_value": 5,
        "hid_size": 300,
        "emb_size": 450,
        "optimizer": "SGD",
        "lr": 4.0,
        "clip": 5.0,
        "train_batch_size": 64,
        "eval_batch_size": 128
    },
    "eval_ppl": 137.9730653644911,
    "best_val_loss": 4.963820017269854,
    "losses_train": [
        5.903793983441979,
        5.1888878019907425,
        4.900185109560759,
        4.702932228122609,
        4.546634897468009,
        4.415762800450361,
        4.302137258670226,
        4.1988735001643915,
        4.105569668384088,
        4.02064387711844,
        3.941303691086414,
        3.8660952029211946
    ],
    "losses_dev": [
        5.434804616744655,
        5.204131092451432,
        5.069367326513443,
        5.018845380980076,
        4.993661590502469,
        5.054316589381481,
        4.963820017269854,
        4.9728192370187525,
        5.0116862857827815,
        5.002554753538322,
        5.0341728200694345,
        5.0518092072404635
    ]
}