{
    "trial_number": 0,
    "part_name": "LSTM with Dropout and AdamW",
    "model_name": "LM_LSTM_DROPOUT",
    "parameters": {
        "n_epochs": 100,
        "patience_value": 5,
        "hid_size": 350,
        "emb_size": 500,
        "emb_dropout": 0.1,
        "out_dropout": 0.2,
        "optimizer": "AdamW",
        "lr": 0.01,
        "clip": 5.0,
        "train_batch_size": 64,
        "eval_batch_size": 128
    },
    "eval_ppl": 155.5277539206271,
    "best_val_loss": 5.139370216383719,
    "losses_train": [
        5.625092746479103,
        5.064798041255479,
        4.83898126754164,
        4.690858076494065,
        4.5857655974061045,
        4.503016224692915,
        4.432629145595585,
        4.375304828581093,
        4.32628009904313
    ],
    "losses_dev": [
        5.259220468938681,
        5.169210762970148,
        5.143548742663642,
        5.139370216383719,
        5.154702365559294,
        5.158309174776247,
        5.183389398851488,
        5.199135126893468,
        5.222688221704521
    ]
}