{
    "trial_number": 17,
    "part_name": "LSTM",
    "model_name": "LM_LSTM",
    "parameters": {
        "n_epochs": 100,
        "patience_value": 5,
        "hid_size": 300,
        "emb_size": 500,
        "optimizer": "SGD",
        "lr": 5.0,
        "clip": 5.0,
        "train_batch_size": 64,
        "eval_batch_size": 128
    },
    "eval_ppl": 139.7882958346157,
    "best_val_loss": 4.967990857576982,
    "losses_train": [
        5.835472817339139,
        5.112971727983399,
        4.821621532962389,
        4.617627569581825,
        4.457378781531775,
        4.321012616350008,
        4.201828044683785,
        4.095569673602534,
        3.9988960270205656,
        3.9097973874832874,
        3.826023941603118,
        3.7497754431182044,
        3.677064035262197
    ],
    "losses_dev": [
        5.403569551671935,
        5.152290725111877,
        5.0150108019827035,
        4.998863877259732,
        4.988941515296474,
        5.04539502709236,
        4.9710860917744,
        4.967990857576982,
        5.017444584691096,
        5.037486279012466,
        5.070743975806667,
        5.090440599084121,
        5.129746539092467
    ]
}