{
    "trial_number": 4,
    "part_name": "Baseline RNN",
    "model_name": "LM_RNN",
    "parameters": {
        "n_epochs": 100,
        "patience_value": 5,
        "hid_size": 300,
        "emb_size": 300,
        "optimizer": "SGD",
        "lr": 1.0,
        "clip": 5.0,
        "train_batch_size": 64,
        "eval_batch_size": 128
    },
    "eval_ppl": 158.73368588615477,
    "best_val_loss": 5.114905529127895,
    "losses_train": [
        6.06192232797853,
        5.4774860979486215,
        5.2576992655949475,
        5.110575231310123,
        4.995812432563821,
        4.903706207763295,
        4.825425778758746,
        4.757436040608228,
        4.697845529202693,
        4.644480309413551,
        4.596752096387352,
        4.551804898700078,
        4.511315109807614,
        4.472048790242178,
        4.4365635807126464,
        4.404183392950392,
        4.3716954465708495,
        4.342666524821513,
        4.314009558510446
    ],
    "losses_dev": [
        5.644845799130292,
        5.512252196745365,
        5.542941661801659,
        5.255802194969545,
        5.2634383407399845,
        5.183349630185396,
        5.16798421212397,
        5.176750799396665,
        5.119681521867009,
        5.319220932316824,
        5.140017308699744,
        5.1186811175903895,
        5.116217707815386,
        5.114905529127895,
        5.136285033607401,
        5.155058917004813,
        5.119465946978441,
        5.120108766226559,
        5.1298333253791375
    ]
}