{"losses_train": [7.3378047735584495, 6.3917974847705175, 6.175520566719239, 6.033635164179687, 5.92280809079533, 5.8294199677977065, 5.748717712123605, 5.676851693704876, 5.611851179322572, 5.551236179913695, 5.495326215719495, 5.443477584483741, 5.3944432373439595, 5.3475116579302195, 5.303862296043794, 5.261941662432654, 5.221315189533266, 5.1827378781244855, 5.145640233969961, 5.110440102918202, 5.07493789027304, 5.0413183644701975, 5.008401586930986, 4.976251634026432, 4.94651398577641, 4.914866811611532, 4.884822072359567, 4.856121117631941, 4.827080845969694, 4.799314037443523, 4.771951627376242, 4.743542257896855, 4.717575945284988, 4.690768603862203, 4.66506089856233, 4.638108385557891, 4.613141349662049, 4.5885496098183545, 4.562585910651236, 4.538389154152819, 4.5125557764371385, 4.4883903644301615, 4.46371017059544, 4.439648941251037, 4.415962689079934, 4.391268144323752, 4.3678002191356775], "losses_dev": [6.537952307012715, 6.252830657763887, 6.08397279054642, 5.964407917883843, 5.872026978319452, 5.807247671177991, 5.7381764765946865, 5.696411212585684, 5.626591634553914, 5.579204123066575, 5.539356543953775, 5.518812937573252, 5.465319704558975, 5.438001239189693, 5.439508792808371, 5.392789516999041, 5.368240568451218, 5.336203033711731, 5.325728911854934, 5.290117184725281, 5.28336569581084, 5.271587421142474, 5.251058860678008, 5.2183024100103, 5.2277078348087445, 5.2245011748162025, 5.202225727309455, 5.183364683038251, 5.172738430252433, 5.168166143539565, 5.224682391741547, 5.1494739548186885, 5.137386902436425, 5.160806748284114, 5.127810194208162, 5.131063899568476, 5.137090999420638, 5.109991140320891, 5.1143715135650485, 5.137379535556365, 5.115851410167904, 5.1074612690789705, 5.1374230639672716, 5.147369898955818, 5.119336506317481, 5.127952162727305, 5.113726051396683]}