{
    "trial_number": 11,
    "part_name": "LSTM with Dropout and AdamW",
    "model_name": "LM_LSTM_DROPOUT",
    "parameters": {
        "n_epochs": 100,
        "patience_value": 5,
        "hid_size": 350,
        "emb_size": 500,
        "emb_dropout": 0.4,
        "out_dropout": 0.5,
        "optimizer": "AdamW",
        "lr": 0.001,
        "clip": 5.0,
        "train_batch_size": 64,
        "eval_batch_size": 128
    },
    "eval_ppl": 108.83910314678442,
    "best_val_loss": 4.788998355423799,
    "losses_train": [
        6.1735927934034365,
        5.552491212767433,
        5.3226492116411075,
        5.173457537071209,
        5.062192087479458,
        4.97690588608659,
        4.904711524551689,
        4.843929994993605,
        4.791305819458104,
        4.743602183303336,
        4.701780613287294,
        4.663537999894631,
        4.628679165004605,
        4.594829014067321,
        4.565530858717582,
        4.538289525000327,
        4.510065216695181,
        4.488019002475433,
        4.462173944678905,
        4.4409617393054885,
        4.421031975536056,
        4.400342079852971,
        4.378578262034754,
        4.362274722330696,
        4.344640771542805,
        4.329411063829074,
        4.311883670400848,
        4.296176261797389,
        4.279972343754689,
        4.265001767137444,
        4.251302389425637,
        4.237084823211006,
        4.223709502897418,
        4.211034672861496,
        4.2008978871106315,
        4.1862805194447255
    ],
    "losses_dev": [
        5.612589671994868,
        5.3427104028115675,
        5.192870289081368,
        5.101019605335009,
        5.034871591534664,
        4.9865781341565745,
        4.950649756046668,
        4.9190433710843156,
        4.895247696427937,
        4.87444312074913,
        4.863498004144321,
        4.846630672081439,
        4.834028167009252,
        4.829319440405686,
        4.818146803745205,
        4.817003806637572,
        4.811517874187562,
        4.805663327199354,
        4.802743628689267,
        4.798330756543899,
        4.798102306957221,
        4.795021411122407,
        4.793441867408368,
        4.791072021172219,
        4.792748659255576,
        4.795260057802955,
        4.790761051429979,
        4.7918320098846605,
        4.792453144700508,
        4.790020416385495,
        4.788998355423799,
        4.7894148199984015,
        4.7899841924234625,
        4.791759222057466,
        4.791100711771025,
        4.79420687836296
    ]
}