{
    "trial_number": 3,
    "part_name": "Baseline RNN",
    "model_name": "LM_RNN",
    "parameters": {
        "n_epochs": 100,
        "patience_value": 5,
        "hid_size": 250,
        "emb_size": 350,
        "optimizer": "SGD",
        "lr": 0.5,
        "clip": 5.0,
        "train_batch_size": 64,
        "eval_batch_size": 128
    },
    "eval_ppl": 154.37781115194664,
    "best_val_loss": 5.087424645557341,
    "losses_train": [
        6.280403280744245,
        5.739531407694113,
        5.548632146627896,
        5.414141553613616,
        5.311345573267427,
        5.227783544864359,
        5.157215970248631,
        5.096752739515587,
        5.044023252010361,
        4.995928444292361,
        4.951953379193913,
        4.913621891566252,
        4.8758312364375085,
        4.84102626381343,
        4.810847673667999,
        4.780929145520972,
        4.752941649411803,
        4.726208227104534,
        4.701179265154737,
        4.6805111760771565,
        4.658579760544951,
        4.634053081847466,
        4.613909389550982,
        4.593333495633264,
        4.574521997479679,
        4.556459613249224,
        4.538243739864916,
        4.519268503260232,
        4.50413846049532,
        4.488810810578064,
        4.47241850881881,
        4.459287259194776
    ],
    "losses_dev": [
        5.892078481273973,
        5.636873620964448,
        5.591080497940048,
        5.45731230133009,
        5.404240548195767,
        5.35099585373677,
        5.299521936654266,
        5.278576960172788,
        5.2311479943773085,
        5.229314008892421,
        5.204740545698519,
        5.187299040945979,
        5.165928054855093,
        5.16550221172885,
        5.155336007422929,
        5.15185666881615,
        5.1370300665821675,
        5.149377006122141,
        5.145320026426428,
        5.133806016035659,
        5.130169364711341,
        5.103664710674456,
        5.105921778439765,
        5.10099375188681,
        5.123708943864097,
        5.093537733964341,
        5.087424645557341,
        5.12423770827044,
        5.093195742858982,
        5.122039651850405,
        5.131160064406787,
        5.139213465546864
    ]
}