{
    "trial_number": 5,
    "part_name": "LSTM with Dropout and AdamW",
    "model_name": "LM_LSTM_DROPOUT",
    "parameters": {
        "n_epochs": 100,
        "patience_value": 5,
        "hid_size": 350,
        "emb_size": 500,
        "emb_dropout": 0.1,
        "out_dropout": 0.5,
        "optimizer": "AdamW",
        "lr": 0.001,
        "clip": 5.0,
        "train_batch_size": 64,
        "eval_batch_size": 128
    },
    "eval_ppl": 112.57080774731111,
    "best_val_loss": 4.810418169639686,
    "losses_train": [
        6.1079400505745305,
        5.432194977590645,
        5.167631144621517,
        4.992127558586675,
        4.86213033378578,
        4.755754168466012,
        4.66998401161274,
        4.59296799640311,
        4.528384498600883,
        4.470229885071541,
        4.415696342628778,
        4.366254537714751,
        4.322076194568985,
        4.279176428675305,
        4.240675187301926,
        4.205566294612034,
        4.174244195084743,
        4.140616252207557,
        4.110242819898925
    ],
    "losses_dev": [
        5.563741444152667,
        5.268415736488226,
        5.114241941104916,
        5.01620653263292,
        4.9532041766186605,
        4.9031919678532105,
        4.87591954895271,
        4.854150120089857,
        4.838773873685893,
        4.830053783773884,
        4.818327673830622,
        4.818900431413375,
        4.8155939370160885,
        4.810418169639686,
        4.816366724121857,
        4.818573777569612,
        4.823138045343355,
        4.826250794957114,
        4.837004622405082
    ]
}