{
    "trial_number": 8,
    "part_name": "LSTM",
    "model_name": "LM_LSTM",
    "parameters": {
        "n_epochs": 100,
        "patience_value": 5,
        "hid_size": 250,
        "emb_size": 400,
        "optimizer": "SGD",
        "lr": 0.5,
        "clip": 5.0,
        "train_batch_size": 64,
        "eval_batch_size": 128
    },
    "eval_ppl": 147.8127941349359,
    "best_val_loss": 5.038950567818582,
    "losses_train": [
        6.674964799178567,
        6.005677821726001,
        5.78999110949764,
        5.64440104165918,
        5.531530673835685,
        5.439748944614597,
        5.362006424020891,
        5.295349138172444,
        5.234937703434814,
        5.181007245124049,
        5.131850381267651,
        5.086652282764182,
        5.044930197651,
        5.006272527661217,
        4.969636955888395,
        4.935213252753023,
        4.902442239381768,
        4.871346819499255,
        4.842096939706449,
        4.8135997183475725,
        4.7869376707576095,
        4.760938301573793,
        4.736089386457036,
        4.712594244856842,
        4.688772728442229,
        4.666194564683652,
        4.643930816014909,
        4.622578107386638,
        4.6020987800883555,
        4.581864560700016,
        4.562091611688372,
        4.542589287194058,
        4.523977777729338,
        4.5055245089628,
        4.487413136080301,
        4.469820915315485,
        4.452290202756871,
        4.435534257250874,
        4.418548422586204,
        4.403039730798357,
        4.38663389754385,
        4.370393626772685,
        4.355178867258685,
        4.3395313727782625,
        4.324696478607683
    ],
    "losses_dev": [
        6.161057347068565,
        5.894991097312739,
        5.72438734888878,
        5.61893870866778,
        5.534999991675842,
        5.489371978330551,
        5.417390990985491,
        5.365411721191753,
        5.338502048297876,
        5.2990450872482775,
        5.2723154034664015,
        5.245329162190119,
        5.224547734608077,
        5.199584943595504,
        5.189235760417406,
        5.164649928911689,
        5.156424904438663,
        5.13470382506171,
        5.121518406933691,
        5.130287900724979,
        5.107645739362836,
        5.098032793298942,
        5.091011012028964,
        5.07726117435005,
        5.083044161324407,
        5.078750886522855,
        5.067513813940634,
        5.067697833332593,
        5.063683272160019,
        5.051736662201218,
        5.047552621166448,
        5.0599242973300536,
        5.059428787935964,
        5.042750442012804,
        5.061216525784912,
        5.0543977776717215,
        5.042044109437153,
        5.04709099109648,
        5.044261387725973,
        5.038950567818582,
        5.043290173497656,
        5.044813043567534,
        5.046060252199798,
        5.048449320304731,
        5.049390865845646
    ]
}