{
    "trial_number": 10,
    "part_name": "LSTM",
    "model_name": "LM_LSTM",
    "parameters": {
        "n_epochs": 100,
        "patience_value": 5,
        "hid_size": 350,
        "emb_size": 450,
        "optimizer": "SGD",
        "lr": 4.0,
        "clip": 5.0,
        "train_batch_size": 64,
        "eval_batch_size": 128
    },
    "eval_ppl": 138.61149973901527,
    "best_val_loss": 4.9655068732574765,
    "losses_train": [
        5.891875546715794,
        5.166709200685954,
        4.864729108596065,
        4.654219062394629,
        4.485493418336326,
        4.341723828735336,
        4.215187832868079,
        4.10004446721491,
        3.9966124042795026,
        3.8978410351661497,
        3.8083193191522877,
        3.7232942900316988
    ],
    "losses_dev": [
        5.428016057578757,
        5.1829955274297665,
        5.047660523067908,
        5.0379915207349235,
        4.994111490446086,
        4.9764644414156844,
        4.9655068732574765,
        4.976058042135779,
        4.997177763509554,
        5.020328475447063,
        5.060685728896594,
        5.092126137080019
    ]
}