{
    "trial_number": 15,
    "part_name": "Variational Dropout",
    "model_name": "LM_LSTM_VAR_DROPOUT",
    "parameters": {
        "n_epochs": 100,
        "patience_value": 5,
        "hid_size": 350,
        "emb_size": 450,
        "emb_dropout": 0.5,
        "out_dropout": 0.4,
        "optimizer": "SGD",
        "lr": 4.0,
        "clip": 5.0,
        "train_batch_size": 64,
        "eval_batch_size": 128
    },
    "eval_ppl": 3.1770275890396693e+22,
    "best_val_loss": 52.467758370773545,
    "losses_train": [
        63.13147304826318,
        76.97532775582454,
        79.93104879226493,
        80.05063348122812,
        82.27792465251704,
        82.26444669374537
    ],
    "losses_dev": [
        52.467758370773545,
        76.70953770954681,
        69.35550892793721,
        90.570018601719,
        106.71253806915045,
        83.713255389615
    ]
}