{
    "trial_number": 2,
    "parameters": {
        "n_epochs": 100,
        "patience_value": 5,
        "hid_size": 400,
        "emb_size": 400,
        "emb_dropout": 0.5,
        "out_dropout": 0.1,
        "optimizer": "SGD",
        "lr": 0.5,
        "clip": 5.0,
        "train_batch_size": 64,
        "eval_batch_size": 128
    },
    "eval_ppl": 126.43295952841962,
    "best_val_loss": 4.874283657624041,
    "losses_train": [
        6.791480706514021,
        6.132459495454379,
        5.95228012371252,
        5.82786258014895,
        5.7314650583038285,
        5.656572317274972,
        5.592118277060491,
        5.53786306194009,
        5.489296209958557,
        5.445975125533544,
        5.4075366775348686,
        5.3728492661633185,
        5.341016427848731,
        5.311639470534463,
        5.284383706113778,
        5.2579370578881095,
        5.234058379572492,
        5.211856471396606,
        5.190297156387488,
        5.171908085510312,
        5.151212716494779,
        5.133711224946563,
        5.116165554584811,
        5.10031424148374,
        5.084016821954233,
        5.069086225059608,
        5.054716378598915,
        5.040864877763634,
        5.027451483312475,
        5.014654781419788,
        5.001504872331288,
        4.989886947749911,
        4.978995820860571,
        4.966771679562105,
        4.955616799919049,
        4.944868041148147,
        4.934887427891034,
        4.9249802001794025,
        4.9150752933762165,
        4.904985318005972,
        4.894061799986218,
        4.8870165024802645,
        4.8787456583600575,
        4.868495812862907,
        4.859462257930672,
        4.852204502326586,
        4.84426627028686,
        4.835512201171253,
        4.827739381616462,
        4.820534940864489,
        4.8127956298765815,
        4.804961261491637,
        4.798772192348042,
        4.790307202289244,
        4.783235115606887,
        4.776066305872895,
        4.770494333767746,
        4.763515254841432,
        4.756969536825507,
        4.752386085824736,
        4.745133788691175,
        4.739174178111801,
        4.731319069468413,
        4.726798206480022,
        4.720987707222385,
        4.713629095552265,
        4.707920586834456,
        4.702851237497761,
        4.698028107278385,
        4.692270571976296,
        4.686724920113075,
        4.681177513245881,
        4.675450235612862,
        4.670280308152607,
        4.6654510678499275,
        4.659659804186522,
        4.655606215305813,
        4.650208613041,
        4.645010798591607,
        4.641014207159897,
        4.6360908324698915,
        4.6323937343062935,
        4.62707865356053,
        4.622466854917067,
        4.61616840310928,
        4.61350275811947,
        4.607912997152241,
        4.603437639768619,
        4.597357577775543,
        4.59450173431046,
        4.590568161319564,
        4.585516468196021,
        4.582097573460916,
        4.57783958246733,
        4.573234896159702,
        4.56999138270422,
        4.564965348459475,
        4.560357315159248,
        4.5569975771115585,
        4.5524135302654125
    ],
    "losses_dev": [
        6.190056404496377,
        5.939090816011685,
        5.807162397113404,
        5.703300785412079,
        5.605911720081865,
        5.545523059583215,
        5.490039534202301,
        5.4539145741582615,
        5.403339305454432,
        5.381768095610172,
        5.34837852333872,
        5.311680819585524,
        5.286530249436177,
        5.269252751411777,
        5.250634994539352,
        5.231113365878942,
        5.204121706962992,
        5.193038215100689,
        5.189033122658137,
        5.168250432578757,
        5.141828825894126,
        5.13972814131535,
        5.137376975877699,
        5.114718256377415,
        5.112377842977518,
        5.112940722559135,
        5.082666854977624,
        5.08059771202186,
        5.076995987478246,
        5.066594882362995,
        5.050131986466028,
        5.051614796524276,
        5.044420441579947,
        5.040080163031415,
        5.029085982450455,
        5.03431539902685,
        5.026997576005114,
        5.012106974867701,
        5.0043981869428364,
        5.00506802502131,
        5.00323247181995,
        5.001789617721356,
        4.997416486494886,
        4.988539194854116,
        4.985540923226844,
        4.9832417837783245,
        4.975385158802742,
        4.965879136551712,
        4.973975906556329,
        4.962992831789849,
        4.9623102854964305,
        4.964381481744566,
        4.959986582844243,
        4.952539915726222,
        4.95432248566025,
        4.941780074073909,
        4.939230682680868,
        4.940855995391746,
        4.937481159655135,
        4.93303802225769,
        4.930363158052458,
        4.925442498379564,
        4.927629317185946,
        4.921742951102784,
        4.925099702605572,
        4.91618638123313,
        4.915937488901123,
        4.91406733494859,
        4.914774382014491,
        4.912023761032285,
        4.907163208718834,
        4.912302509345255,
        4.90966298812864,
        4.906864669719598,
        4.9072788382138794,
        4.901202265114452,
        4.903173661641834,
        4.903575066426783,
        4.903896156958108,
        4.893489696634377,
        4.891034992541554,
        4.8964487198554485,
        4.891699440727554,
        4.890250981695731,
        4.889946151020209,
        4.887346585763248,
        4.884008293081403,
        4.887065950641071,
        4.884192388778147,
        4.880988010992328,
        4.885974452325881,
        4.882601940416785,
        4.883760857477092,
        4.87819173200206,
        4.8801301301787365,
        4.883112807882867,
        4.878527570167105,
        4.874283657624041,
        4.87824348051925,
        4.878762561154816
    ]
}