{
    "trial_number": 15,
    "part_name": "LSTM with Dropout and AdamW",
    "model_name": "LM_LSTM_DROPOUT",
    "parameters": {
        "n_epochs": 100,
        "patience_value": 5,
        "hid_size": 400,
        "emb_size": 400,
        "emb_dropout": 0.4,
        "out_dropout": 0.2,
        "optimizer": "AdamW",
        "lr": 0.001,
        "clip": 5.0,
        "train_batch_size": 64,
        "eval_batch_size": 128
    },
    "eval_ppl": 114.92428692876796,
    "best_val_loss": 4.8145110888886915,
    "losses_train": [
        6.066138466618085,
        5.378680137214688,
        5.11513029724261,
        4.938743978954331,
        4.806124406229677,
        4.6981993789024346,
        4.60770815522431,
        4.528837919721189,
        4.460053461211427,
        4.397875079373702,
        4.34442144494013,
        4.292569866170974,
        4.245669559012911,
        4.201967917106335,
        4.160858070271559,
        4.122134691984534,
        4.087435911370493,
        4.05363047162458,
        4.021438951364418
    ],
    "losses_dev": [
        5.5183071062229185,
        5.240007347457025,
        5.096959400027969,
        5.007834947480111,
        4.945895544855004,
        4.898543646891427,
        4.872588179195819,
        4.850392102538091,
        4.834476173206865,
        4.827387701555619,
        4.817591284106851,
        4.817215385930175,
        4.816461661146825,
        4.8145110888886915,
        4.816731239012111,
        4.82369863578145,
        4.828932512719314,
        4.831083253236433,
        4.83658873358476
    ]
}