{
    "trial_number": 23,
    "part_name": "Non-monotonically Triggered AvSGD",
    "model_name": "LM_LSTM_VAR_DROPOUT",
    "parameters": {
        "n_epochs": 100,
        "patience_value": 5,
        "hid_size": 300,
        "emb_size": 300,
        "emb_dropout": 0.3,
        "out_dropout": 0.3,
        "optimizer": "SGD",
        "lr": 0.5,
        "clip": 5.0,
        "train_batch_size": 64,
        "eval_batch_size": 128
    },
    "eval_ppl": 115.90714562812285,
    "best_val_loss": 4.781993645615056,
    "losses_train": [
        7.000737883696468,
        6.5675240513652815,
        6.405365599893463,
        6.262651059141523,
        6.149691840763142,
        6.046490854832194,
        5.959124441269595,
        5.887140432027383,
        5.819191443548896,
        5.761203020220388,
        5.710473527261142,
        5.6636633125032745,
        5.621472446946756,
        5.585671675081914,
        5.550349740252305,
        5.519366308676517,
        5.489241712519711,
        5.460874389133945,
        5.4345948451440185,
        5.410427445267964,
        5.3871442805075604,
        5.364476847386245,
        5.344041861318331,
        5.3224579078340275,
        5.303283082668578,
        5.284397406353277,
        5.2654122077885,
        5.248963147189824,
        5.231249050632214,
        5.214629604768349,
        5.1995182318404085,
        5.182898431830041,
        5.168723806211541,
        5.153676061721445,
        5.139307963575733,
        5.1244089016031005,
        5.112840800279693,
        5.098697317340042,
        5.087930871754243,
        5.073574122203522,
        5.061980366254871,
        5.049316112356021,
        5.037911975669491,
        5.026774123831438,
        5.015064389901162,
        5.0049993099564185,
        4.995070320595232,
        4.9835586022827325,
        4.973104494925059,
        4.960931567851458,
        4.953597331760255,
        4.943159563652753,
        4.933322593582465,
        4.923363818170339,
        4.914461486032824,
        4.9048701329102915,
        4.897092811722194,
        4.888640581013421,
        4.878983730821599,
        4.869773550829189,
        4.862547339309675,
        4.85386713164992,
        4.84761806339304,
        4.837540854321852,
        4.829702107137706,
        4.821984431973199,
        4.812128153946123,
        4.805910461463682,
        4.799134591608263,
        4.7914939428666825,
        4.782471817431343,
        4.776658690410215,
        4.769012595835742,
        4.762139330591847,
        4.755288825678275,
        4.74945104707798,
        4.743307797692997,
        4.735159691642992,
        4.72848066879137,
        4.72213220012195,
        4.7162289078287385,
        4.709358226070956,
        4.703306736640008,
        4.6969261932301265,
        4.691672422641543,
        4.6856975423934175,
        4.680093962799556,
        4.673667689756796,
        4.667845119386977,
        4.662104230665587,
        4.657623450396353,
        4.650223603562184,
        4.643907754313976,
        4.640316913351245,
        4.6351463892563665,
        4.628595779887543,
        4.622907453644521,
        4.618864887818091,
        4.6136054360735095,
        4.606888023490864
    ],
    "losses_dev": [
        6.63022992296269,
        6.461787417368856,
        6.298633811398991,
        6.158312178410019,
        6.045823374402881,
        5.938514305620916,
        5.886598965362623,
        5.81541623704761,
        5.730875308826271,
        5.684206935244708,
        5.635596965622336,
        5.618846463120649,
        5.551345676487694,
        5.511462997174226,
        5.49563701730981,
        5.465533788035854,
        5.447715809352358,
        5.425998857370542,
        5.381321677939427,
        5.385064809121501,
        5.337991687218088,
        5.3264884080546775,
        5.308509204299261,
        5.290455624189782,
        5.275491319567766,
        5.261274260759252,
        5.234549287063592,
        5.232126832147233,
        5.216528656747229,
        5.194742641999041,
        5.189588892021239,
        5.1776925322311405,
        5.155577123603761,
        5.144112100884358,
        5.137394387242062,
        5.119496697806418,
        5.1119577990148635,
        5.106484782883755,
        5.093452258732597,
        5.0903735896101185,
        5.08365224802218,
        5.056183517722688,
        5.066880033341029,
        5.0500522202194915,
        5.038872459466899,
        5.041502366280722,
        5.026891734332824,
        5.0218880966756645,
        5.012701749849056,
        4.997271999917868,
        4.993227770057891,
        4.980650618984408,
        4.981094761385228,
        4.974598040271168,
        4.964341713078474,
        4.9611438905672856,
        4.9567597159575225,
        4.944182245791305,
        4.948036899883684,
        4.935107380254209,
        4.928390179935005,
        4.923820501458392,
        4.920399882851346,
        4.915861988785694,
        4.925285227282817,
        4.896546133317499,
        4.895378170671882,
        4.897891879173178,
        4.891808757735918,
        4.891895079257085,
        4.885093291616352,
        4.881442232561444,
        4.869446926276815,
        4.870889308673107,
        4.861191601867719,
        4.852990904747212,
        4.847133714838756,
        4.84749090446974,
        4.847644062044946,
        4.844369789076929,
        4.843408841310467,
        4.840566758639366,
        4.8246870185861805,
        4.828278802697471,
        4.820613550120312,
        4.825247935053808,
        4.822018688845184,
        4.812090687264704,
        4.812174407486415,
        4.816158509176552,
        4.8045424654158975,
        4.807207527924776,
        4.794786288335524,
        4.7969767975187345,
        4.79276152008009,
        4.788670369714715,
        4.785956569259216,
        4.782203886105537,
        4.781993645615056,
        4.782481184627611
    ]
}