{
    "trial_number": 35,
    "parameters": {
        "n_epochs": 100,
        "patience_value": 5,
        "hid_size": 300,
        "emb_size": 300,
        "emb_dropout": 0.1,
        "out_dropout": 0.1,
        "optimizer": "SGD",
        "lr": 0.5,
        "clip": 5.0,
        "train_batch_size": 64,
        "eval_batch_size": 128
    },
    "eval_ppl": 121.84186429893671,
    "best_val_loss": 4.839208845639029,
    "losses_train": [
        6.700815820289782,
        6.050741845103197,
        5.8513203243956555,
        5.7163495822427555,
        5.614364087954029,
        5.531492805862848,
        5.461889631776908,
        5.401687672002981,
        5.348645993544621,
        5.3024009505844525,
        5.260261935782837,
        5.220277316760037,
        5.186126443020304,
        5.152280067180904,
        5.120781398371858,
        5.091629155451493,
        5.065188168718329,
        5.038959763618002,
        5.015002681104656,
        4.990756540489053,
        4.969536262009242,
        4.948558652527403,
        4.928714613824277,
        4.909447837824544,
        4.890819693951481,
        4.872899562047873,
        4.856340756960397,
        4.840400836998191,
        4.823099053514856,
        4.808037207875438,
        4.793460275220272,
        4.777823775975167,
        4.7636433530829585,
        4.750273512534266,
        4.736728915997404,
        4.72425683054971,
        4.7111998151100005,
        4.698360024753852,
        4.687164376743969,
        4.674872517431961,
        4.6632202980679445,
        4.651225371369703,
        4.641501576223999,
        4.62997883628313,
        4.619483578362945,
        4.608851124389854,
        4.599749472632112,
        4.589098610910802,
        4.579695031656885,
        4.569302621576142,
        4.558714802855805,
        4.55074811265885,
        4.5415154874059995,
        4.5324344898873115,
        4.524476813499254,
        4.514685905892754,
        4.506801738976014,
        4.498336309526066,
        4.4899567290838425,
        4.482745494753461,
        4.474679790022358,
        4.466563745289159,
        4.458437471078552,
        4.450271428548429,
        4.443357581370443,
        4.43570729703177,
        4.427594363609168,
        4.420775630648674,
        4.414832975085422,
        4.406460458497258,
        4.400348543960817,
        4.392293094163176,
        4.38650220489915,
        4.378297951589815,
        4.373337476597826,
        4.366871037707831,
        4.361115016539312,
        4.353479361744486,
        4.347341266481338,
        4.341729281763866,
        4.334282370835805,
        4.328414135763628,
        4.322540526052021,
        4.316193276093395,
        4.310129415820744,
        4.305398386132113,
        4.298876889826754,
        4.293811844754526,
        4.287879375113123,
        4.28267202160279,
        4.276260911801245,
        4.27103034333277,
        4.265469574672248,
        4.260889348533792,
        4.2553064525407125,
        4.248516071661285,
        4.244428983664514,
        4.239667005945954,
        4.233175487716703,
        4.229898314398158
    ],
    "losses_dev": [
        6.142196892425238,
        5.904450407162328,
        5.742914587476914,
        5.628487648891444,
        5.548222292761756,
        5.4906528581829805,
        5.431145573434614,
        5.402391849761152,
        5.341295108613617,
        5.308394899732739,
        5.282392754319683,
        5.250728010071121,
        5.232211835676677,
        5.2033428432216935,
        5.1826142948550045,
        5.166297619734692,
        5.145338297953811,
        5.134504419850565,
        5.121851664609674,
        5.099789086640059,
        5.08632113270706,
        5.076227515061177,
        5.065955351157391,
        5.0547397757138794,
        5.051922623896772,
        5.0331565166505365,
        5.021849160425398,
        5.019603864407231,
        5.015667196545586,
        5.001252563840745,
        4.9958486451600015,
        4.991364032644019,
        4.9840168253436214,
        4.977034479773406,
        4.967880000599339,
        4.967258241471622,
        4.952514651905899,
        4.9669214807123705,
        4.9438851912669595,
        4.940558205566753,
        4.936943703440208,
        4.93371658682874,
        4.929590967511365,
        4.923722533052458,
        4.922993926416661,
        4.914965636487338,
        4.912726722323838,
        4.91149888123313,
        4.912123082113936,
        4.901464850686798,
        4.905849281958108,
        4.902149991342875,
        4.893493546557572,
        4.893335207193848,
        4.889969430916146,
        4.890991040985935,
        4.887795979320571,
        4.880643168862765,
        4.877361293163536,
        4.877657161495329,
        4.878931479136329,
        4.874882615494921,
        4.879299143333126,
        4.87519392514029,
        4.870474453435769,
        4.86909548031503,
        4.8676200093896504,
        4.867095955069523,
        4.863844982807838,
        4.871202158287754,
        4.859306374251935,
        4.862012780080178,
        4.857071982881091,
        4.856597956752113,
        4.855676201897464,
        4.859833987149719,
        4.852916167679624,
        4.850496869006606,
        4.849186424518753,
        4.851821908518611,
        4.848023331505718,
        4.853508438476701,
        4.854460215795479,
        4.848211318746448,
        4.848236672745152,
        4.846477660179002,
        4.844178222448146,
        4.842914941253641,
        4.841696499524968,
        4.847957862000994,
        4.845829076451289,
        4.8418930953327,
        4.842505822748704,
        4.841210333998526,
        4.842633550020422,
        4.8399960474121855,
        4.840600748952266,
        4.840394080913038,
        4.840360784279993,
        4.839208845639029
    ]
}