{
    "trial_number": 10,
    "part_name": "Non-monotonically Triggered AvSGD",
    "model_name": "LM_LSTM_VAR_DROPOUT",
    "parameters": {
        "n_epochs": 100,
        "patience_value": 5,
        "hid_size": 400,
        "emb_size": 350,
        "emb_dropout": 0.5,
        "out_dropout": 0.5,
        "optimizer": "SGD",
        "lr": 2.0,
        "clip": 5.0,
        "train_batch_size": 64,
        "eval_batch_size": 128
    },
    "eval_ppl": 87.66491051152866,
    "best_val_loss": 4.594995973882121,
    "losses_train": [
        6.630884667884449,
        6.062490306666681,
        5.807227860802676,
        5.636038784526132,
        5.489638140013952,
        5.3766525162779395,
        5.286504242598384,
        5.209032751024547,
        5.140438568285815,
        5.082305254007157,
        5.028103644649395,
        4.979983168274845,
        4.93418675453238,
        4.892310833181238,
        4.852991156717588,
        4.816406930774645,
        4.781669051785471,
        4.748265245761017,
        4.7179477830359176,
        4.690687602896546,
        4.662751966465774,
        4.637362176585329,
        4.612231392075952,
        4.590646478124108,
        4.57020651863283,
        4.54857660457128,
        4.528673641517705,
        4.510762273117079,
        4.493495344662342,
        4.474580759697081,
        4.4592572519036136,
        4.442926257572214,
        4.429050190794619,
        4.414706150730025,
        4.40032750418964,
        4.385858854837255,
        4.374979444183716,
        4.360008413822998,
        4.349332888046607,
        4.335171034317981,
        4.325515167343532,
        4.3132538826877225,
        4.301829689025634,
        4.29279747735326,
        4.281580181652787,
        4.271106377615097,
        4.2603829071744865,
        4.254056351063699,
        4.242210742488053,
        4.2333528390074,
        4.2249187396989845,
        4.213553104150686,
        4.2067655652402465,
        4.199612692414243,
        4.1910236630239375,
        4.184580465866059,
        4.175510907024844,
        4.167521633263229,
        4.160245215229224,
        4.155887854164001,
        4.145446616310653,
        4.139728398798279,
        4.1324078671120175,
        4.125375738694309,
        4.118576571294239,
        4.113119261627734,
        4.106948618308761,
        4.099644185242156,
        4.095086190263681,
        4.088977926941194,
        4.084645659348883,
        4.077926595916079,
        4.072157682085615,
        4.065762665546086,
        4.061573904022671,
        4.055990858838968,
        4.047984922530106,
        4.046713288066125,
        4.0416848624488155,
        4.036383068728202,
        4.030769255258045,
        4.025611165107873,
        4.02301542627104,
        4.016552936111513,
        4.012623976399412,
        4.010640761271373,
        4.004409407293753,
        4.000210717339566,
        3.995191626158006,
        3.9922612375327016,
        3.988295038871892,
        3.983172156304624,
        3.9770959929924903,
        3.9744910872432095,
        3.9714974623348245,
        3.966572528917417,
        3.9630318226473786,
        3.95947250906903,
        3.955714569125043,
        3.953860104726521
    ],
    "losses_dev": [
        6.206428109239594,
        5.84969257496182,
        5.658065415675167,
        5.546953337266036,
        5.470409205908599,
        5.342655609039814,
        5.333240618396168,
        5.2650385422401085,
        5.160347455915258,
        5.127755879075508,
        5.078153135654922,
        5.069669798677458,
        5.011885309470006,
        4.97819785719518,
        4.972147248532728,
        4.936348956206048,
        4.93020316079388,
        4.845686289389917,
        4.860766181886188,
        4.813536343829912,
        4.816921973225067,
        4.8376581381965655,
        4.805160020843692,
        4.791708923331173,
        4.766434031878196,
        4.733243934185875,
        4.766093691730892,
        4.7228162125745845,
        4.714080521802635,
        4.72621462648947,
        4.690462165590816,
        4.684718191171509,
        4.682957638636081,
        4.666892346158456,
        4.681613640853637,
        4.701756230909931,
        4.660669580029567,
        4.677162540011454,
        4.64187380409593,
        4.662688743351772,
        4.640607449899666,
        4.63606124554935,
        4.668464751906787,
        4.64081064260282,
        4.618444898789335,
        4.6530602796695195,
        4.646598991722457,
        4.641297793154656,
        4.631057309609853,
        4.636440591314906,
        4.639472867128676,
        4.613591102917673,
        4.67391347536937,
        4.615834900587353,
        4.621963451118323,
        4.663263748457256,
        4.618353617457203,
        4.61395570104951,
        4.625244577643309,
        4.669273312082682,
        4.674541047534273,
        4.602832232417158,
        4.630893941067179,
        4.608266131941238,
        4.6460899139504015,
        4.608864021545141,
        4.646697792544218,
        4.620743594282746,
        4.594995973882121,
        4.598436133450686,
        4.5978818554992715,
        4.595129424012644,
        4.622385326395795,
        4.604191865743536,
        4.632141226004227,
        4.620764918001492,
        4.59950152165613,
        4.595931976920994,
        4.618564537753942,
        4.605549466587939,
        4.630499861541501,
        4.595687759991209,
        4.615418602495915,
        4.602862823698768,
        4.613067194270315,
        4.608353237320642,
        4.628349238949958,
        4.621473498099872,
        4.616373855150767,
        4.630688653450863,
        4.615253104356087,
        4.620086845943138,
        4.618227215114008,
        4.609578470175096,
        4.627045509283101,
        4.61213728174057,
        4.635139525378694,
        4.630057328477944,
        4.621465361235172,
        4.602658965062953
    ],
    "ASGD_trigger_epoch": 42
}