{
    "trial_number": 3,
    "part_name": "LSTM",
    "model_name": "LM_LSTM",
    "parameters": {
        "n_epochs": 100,
        "patience_value": 5,
        "hid_size": 350,
        "emb_size": 500,
        "optimizer": "SGD",
        "lr": 0.05,
        "clip": 5.0,
        "train_batch_size": 64,
        "eval_batch_size": 128
    },
    "eval_ppl": 174.894906232171,
    "best_val_loss": 5.19565041920461,
    "losses_train": [
        8.48557438190782,
        6.996877275521928,
        6.650996079871836,
        6.4834353475992295,
        6.373144047795412,
        6.289018931181346,
        6.2191133298169445,
        6.159264463684964,
        6.106947242763624,
        6.060635578435163,
        6.019212473333109,
        5.981431932809988,
        5.946689617303386,
        5.914432752886485,
        5.884139263981596,
        5.85545068983501,
        5.8283192510014645,
        5.802416322641016,
        5.777739174156965,
        5.754268711719307,
        5.731722580953273,
        5.710097430500956,
        5.6892532772544175,
        5.669232658563653,
        5.649844700094754,
        5.63125145881199,
        5.613153711706248,
        5.595689124163023,
        5.578615722622123,
        5.562149345895941,
        5.546065103032296,
        5.5304311588706,
        5.515205347705125,
        5.500331075049597,
        5.485828327813572,
        5.471636341851436,
        5.457811174452863,
        5.444217719780468,
        5.43104746076668,
        5.41804849057276,
        5.405486424047997,
        5.393086222746555,
        5.380850978800691,
        5.368907666806247,
        5.357353792282091,
        5.345806370681462,
        5.334548679124503,
        5.323631129903069,
        5.312714731938625,
        5.302084147925108,
        5.291613544959748,
        5.281319771480963,
        5.27115758061051,
        5.261227808630045,
        5.251595285717769,
        5.24178809412562,
        5.2324191666940365,
        5.223016464530559,
        5.21380126907137,
        5.204697507429241,
        5.1958133637387265,
        5.186951236608073,
        5.178283210054961,
        5.169678223946498,
        5.161218626362836,
        5.15283232934327,
        5.144510490396128,
        5.136353813500672,
        5.128338364407064,
        5.1202885066046235,
        5.112511193223039,
        5.104646771173668,
        5.096970479704873,
        5.089348517786548,
        5.082061857401912,
        5.074394658267043,
        5.067046668699473,
        5.059672979990196,
        5.052478326938471,
        5.045304029292712,
        5.038221652588686,
        5.031147465395131,
        5.024255247648662,
        5.017508194742199,
        5.01050413893348,
        5.00387410331605,
        4.997268949985218,
        4.99059439164809,
        4.983937582893873,
        4.977524002909178,
        4.971138737678815,
        4.964679877841553,
        4.958404473808697,
        4.95208442573606,
        4.945805124461604,
        4.939749548981589,
        4.933415835266327,
        4.927540893725517,
        4.9214472817277475,
        4.915464732899407
    ],
    "losses_dev": [
        7.387176259611628,
        6.75580413033634,
        6.536208950800895,
        6.402319304721907,
        6.307288313880701,
        6.232078635270901,
        6.167593406767208,
        6.113387653552973,
        6.065756181797397,
        6.023917484838933,
        5.987356567816362,
        5.953126317991725,
        5.924205264863617,
        5.892431640625,
        5.866972154025785,
        5.841460280723913,
        5.81909548031503,
        5.794705863093124,
        5.773491946931826,
        5.7538504989500465,
        5.734601895743802,
        5.717161736730182,
        5.698672914132423,
        5.683153013567268,
        5.666785977289477,
        5.653173106697951,
        5.637797547037044,
        5.625449580850884,
        5.612338934474446,
        5.5975790503689264,
        5.584755733125267,
        5.574093513038961,
        5.560656226692357,
        5.549955743225245,
        5.539652502463951,
        5.528482758448465,
        5.516560912860491,
        5.5071957561776355,
        5.497629571072773,
        5.489070671548693,
        5.477066576340301,
        5.470138358609177,
        5.460754222845486,
        5.451794938245844,
        5.443773959702195,
        5.435674636955711,
        5.430377961180565,
        5.420947321119389,
        5.412913717602376,
        5.405367223016409,
        5.399125013041181,
        5.391934126496129,
        5.388760444043898,
        5.37855674634181,
        5.373780032175646,
        5.367852142416359,
        5.3602173631952335,
        5.3537709685546595,
        5.349594925648619,
        5.342063359053133,
        5.338446685708641,
        5.335454809809632,
        5.333871867064302,
        5.323231955722138,
        5.3172897067898495,
        5.314414480095273,
        5.306970587696672,
        5.300201174094775,
        5.297086260199869,
        5.2912384210958585,
        5.2891122021616175,
        5.285439313001669,
        5.279179629230892,
        5.27537161817197,
        5.2723529523569574,
        5.2668910004195375,
        5.263853078051747,
        5.2597244551006,
        5.254968475025305,
        5.251654655368749,
        5.248330957711056,
        5.245650301279035,
        5.2436090234430495,
        5.238907941191487,
        5.234900656720592,
        5.231523705260424,
        5.227866104804482,
        5.225820144629475,
        5.222416895766,
        5.21883994946681,
        5.220935806033794,
        5.21416130775856,
        5.213098604094154,
        5.210750150944737,
        5.209768205489061,
        5.2028332035689555,
        5.200757540022553,
        5.200804599263923,
        5.1968600442623245,
        5.19565041920461
    ]
}