{
    "trial_number": 15,
    "part_name": "Weight Tying",
    "model_name": "LM_LSTM_WEIGHT_TYING",
    "parameters": {
        "n_epochs": 100,
        "patience_value": 5,
        "hid_size": 400,
        "emb_size": 450,
        "optimizer": "SGD",
        "lr": 8.0,
        "clip": 5.0,
        "train_batch_size": 64,
        "eval_batch_size": 128
    },
    "eval_ppl": 3.348001279916235e+82,
    "best_val_loss": 187.80267704929676,
    "losses_train": [
        236.43467906659325,
        272.97396224509,
        292.2396294511397,
        311.41272728930994,
        333.422086452774,
        344.46395759078905,
        351.20820478618634,
        366.6090418039854
    ],
    "losses_dev": [
        304.3174647499645,
        398.9043232348345,
        187.80267704929676,
        472.9010579450206,
        302.28926960505754,
        281.93411772801534,
        417.946717839892,
        324.4052653075721
    ]
}