{
    "trial_number": 8,
    "part_name": "Variational Dropout",
    "model_name": "LM_LSTM_VAR_DROPOUT",
    "parameters": {
        "n_epochs": 100,
        "patience_value": 5,
        "hid_size": 200,
        "emb_size": 350,
        "emb_dropout": 0.1,
        "out_dropout": 0.1,
        "optimizer": "SGD",
        "lr": 2.0,
        "clip": 5.0,
        "train_batch_size": 64,
        "eval_batch_size": 128
    },
    "eval_ppl": 111.71021484994357,
    "best_val_loss": 4.743866898929181,
    "losses_train": [
        6.6226554821723695,
        6.004955375851535,
        5.70150029746752,
        5.482978723465442,
        5.315117572317318,
        5.179079503271233,
        5.068292374058433,
        4.973032945867856,
        4.8872333315334755,
        4.810268390343098,
        4.738649863801971,
        4.671490132001775,
        4.611689688438994,
        4.55470190875923,
        4.503178517080762,
        4.452494417306058,
        4.407803294827688,
        4.364157926089067,
        4.323296922092695,
        4.281042329265357,
        4.243897645032042,
        4.205906053195676,
        4.169374448741729,
        4.138927684411656,
        4.102199066080984,
        4.067391126756179,
        4.036101614256027
    ],
    "losses_dev": [
        6.268529354311692,
        5.859053243536014,
        5.636830487951058,
        5.4719296480989845,
        5.322575283687313,
        5.2411051651956955,
        5.129636840560183,
        5.098751931204717,
        5.045536787507547,
        5.006205132786973,
        4.973241320400181,
        4.892811118189728,
        4.916743600387129,
        4.879765726277259,
        4.822742876740304,
        4.845056372587104,
        4.819945876322986,
        4.772096200632192,
        4.789504762528413,
        4.844908341306027,
        4.789217259975671,
        4.743866898929181,
        4.760215205850884,
        4.753283318553328,
        4.7445979889388585,
        4.748000107104169,
        4.757790600526975
    ]
}